t_s,cpu0,cpu1,cpu2,cpu3,cpu4,cpu5,cpu6,cpu7,cpu8,cpu9,cpu10,cpu11,cpu12,cpu13,cpu14,cpu15,cpu16,cpu17,cpu18,cpu19,cpu20,cpu21,cpu22,cpu23,cpu24,cpu25,cpu26,cpu27,cpu28,cpu29,cpu30,cpu31,cpu32,cpu33,cpu34,cpu35,cpu36,cpu37,cpu38,cpu39,cpu40,cpu41,cpu42,cpu43,cpu44,cpu45,cpu46,cpu47,cpu48,cpu49,cpu50,cpu51,cpu52,cpu53,cpu54,cpu55,total_pct
1790496595.917,0.0,0.0,0.0,0.0,0.0,0.0,0.0,0.0,0.0,0.0,0.0,0.0,0.0,0.0,0.0,0.0,0.0,0.0,0.0,0.0,0.0,0.0,0.0,0.0,0.0,0.0,0.0,0.0,0.0,0.0,0.0,0.0,0.0,0.0,0.0,0.0,0.0,0.0,0.0,0.0,0.0,0.0,0.0,0.0,0.0,0.0,0.0,0.0,0.0,0.0,0.0,0.0,0.0,0.0,0.0,0.0,0.0
1790496596.017,0.0,9.1,0.0,0.0,0.0,0.0,0.0,0.0,0.0,0.0,0.0,0.0,10.0,0.0,0.0,0.0,0.0,0.0,0.0,0.0,0.0,0.0,10.0,0.0,0.0,0.0,40.0,0.0,0.0,0.0,0.0,36.4,50.0,0.0,0.0,0.0,0.0,0.0,0.0,0.0,0.0,0.0,0.0,0.0,0.0,11.1,100.0,0.0,0.0,0.0,0.0,0.0,0.0,0.0,0.0,0.0,4.8
1790496596.118,0.0,0.0,0.0,20.0,0.0,0.0,0.0,0.0,0.0,0.0,0.0,0.0,0.0,0.0,0.0,0.0,0.0,10.0,0.0,0.0,0.0,9.1,10.0,90.0,0.0,0.0,30.0,0.0,0.0,0.0,0.0,0.0,40.0,0.0,0.0,0.0,0.0,0.0,0.0,0.0,0.0,0.0,0.0,0.0,0.0,10.0,100.0,0.0,0.0,0.0,0.0,0.0,0.0,0.0,0.0,0.0,5.7
1790496596.218,0.0,0.0,30.0,0.0,0.0,0.0,0.0,0.0,0.0,0.0,0.0,0.0,10.0,0.0,0.0,0.0,0.0,0.0,0.0,0.0,0.0,0.0,0.0,70.0,0.0,0.0,40.0,0.0,0.0,0.0,0.0,0.0,50.0,0.0,0.0,0.0,0.0,0.0,0.0,0.0,0.0,0.0,0.0,0.0,0.0,0.0,100.0,0.0,0.0,0.0,0.0,0.0,0.0,0.0,0.0,0.0,5.4
1790496596.318,0.0,0.0,0.0,100.0,0.0,0.0,0.0,0.0,0.0,0.0,0.0,0.0,0.0,0.0,0.0,0.0,0.0,0.0,0.0,0.0,0.0,0.0,0.0,100.0,0.0,0.0,30.0,0.0,0.0,0.0,0.0,0.0,44.4,0.0,0.0,0.0,0.0,0.0,0.0,0.0,0.0,0.0,0.0,0.0,0.0,0.0,100.0,0.0,0.0,0.0,0.0,0.0,0.0,9.1,0.0,0.0,6.8
1790496596.418,0.0,0.0,0.0,36.4,0.0,0.0,0.0,0.0,0.0,0.0,0.0,0.0,10.0,0.0,0.0,0.0,0.0,0.0,0.0,0.0,0.0,9.1,36.4,60.0,0.0,0.0,30.0,0.0,0.0,0.0,0.0,0.0,50.0,10.0,0.0,0.0,0.0,0.0,0.0,0.0,0.0,0.0,0.0,0.0,0.0,0.0,100.0,0.0,0.0,0.0,0.0,0.0,0.0,0.0,0.0,0.0,6.1
1790496596.518,0.0,0.0,0.0,40.0,0.0,0.0,0.0,0.0,0.0,0.0,0.0,0.0,20.0,0.0,0.0,0.0,0.0,0.0,0.0,0.0,0.0,0.0,20.0,70.0,0.0,0.0,40.0,0.0,0.0,0.0,0.0,0.0,44.4,20.0,0.0,0.0,0.0,0.0,0.0,0.0,0.0,0.0,0.0,0.0,0.0,0.0,100.0,0.0,0.0,0.0,0.0,0.0,0.0,0.0,0.0,0.0,6.3
1790496596.618,0.0,0.0,10.0,11.1,0.0,0.0,0.0,0.0,0.0,0.0,0.0,0.0,10.0,0.0,0.0,0.0,0.0,0.0,0.0,0.0,0.0,0.0,40.0,100.0,0.0,0.0,40.0,0.0,0.0,0.0,0.0,0.0,40.0,0.0,0.0,0.0,0.0,0.0,0.0,0.0,0.0,0.0,0.0,0.0,0.0,0.0,100.0,0.0,9.1,0.0,0.0,0.0,0.0,0.0,0.0,0.0,6.4
1790496596.719,9.1,0.0,18.2,10.0,0.0,0.0,0.0,0.0,0.0,0.0,0.0,0.0,0.0,0.0,0.0,0.0,0.0,0.0,0.0,0.0,0.0,0.0,20.0,100.0,0.0,0.0,30.0,0.0,0.0,0.0,0.0,0.0,50.0,0.0,0.0,0.0,0.0,0.0,0.0,0.0,0.0,0.0,0.0,0.0,0.0,0.0,100.0,0.0,10.0,0.0,0.0,0.0,0.0,0.0,0.0,0.0,6.2
1790496596.819,0.0,0.0,11.1,18.2,0.0,0.0,0.0,0.0,0.0,0.0,0.0,0.0,0.0,0.0,0.0,0.0,0.0,0.0,0.0,0.0,0.0,0.0,22.2,9.1,0.0,0.0,40.0,0.0,0.0,0.0,0.0,0.0,50.0,0.0,0.0,0.0,0.0,0.0,0.0,0.0,0.0,0.0,0.0,0.0,0.0,0.0,100.0,0.0,0.0,0.0,0.0,0.0,0.0,0.0,0.0,0.0,4.5
1790496596.919,0.0,0.0,20.0,0.0,0.0,0.0,0.0,0.0,0.0,0.0,0.0,0.0,0.0,0.0,0.0,0.0,0.0,0.0,0.0,0.0,0.0,0.0,27.3,10.0,0.0,0.0,30.0,0.0,0.0,0.0,0.0,0.0,45.5,0.0,0.0,0.0,0.0,0.0,0.0,0.0,0.0,0.0,0.0,0.0,0.0,0.0,100.0,0.0,0.0,0.0,0.0,0.0,0.0,0.0,0.0,0.0,4.2
1790496597.019,0.0,9.1,20.0,0.0,0.0,0.0,0.0,0.0,0.0,0.0,0.0,0.0,0.0,0.0,0.0,0.0,0.0,0.0,0.0,0.0,0.0,0.0,22.2,11.1,0.0,0.0,40.0,0.0,0.0,0.0,0.0,0.0,44.4,0.0,0.0,0.0,0.0,0.0,0.0,0.0,0.0,0.0,0.0,0.0,0.0,0.0,100.0,0.0,0.0,0.0,0.0,0.0,0.0,0.0,0.0,0.0,4.4
1790496597.119,0.0,9.1,30.0,0.0,0.0,0.0,0.0,0.0,0.0,0.0,0.0,0.0,0.0,0.0,0.0,0.0,0.0,0.0,0.0,0.0,0.0,0.0,18.2,18.2,0.0,0.0,22.2,0.0,0.0,0.0,0.0,0.0,44.4,0.0,0.0,0.0,0.0,0.0,0.0,0.0,0.0,0.0,0.0,0.0,0.0,0.0,100.0,0.0,0.0,0.0,0.0,0.0,0.0,0.0,0.0,0.0,4.3
1790496597.219,0.0,0.0,20.0,0.0,0.0,0.0,0.0,0.0,0.0,0.0,0.0,0.0,0.0,0.0,0.0,0.0,0.0,0.0,0.0,0.0,0.0,0.0,22.2,20.0,0.0,0.0,36.4,0.0,0.0,0.0,0.0,0.0,50.0,0.0,0.0,0.0,0.0,0.0,0.0,0.0,0.0,0.0,0.0,0.0,0.0,0.0,100.0,9.1,0.0,0.0,0.0,0.0,0.0,0.0,0.0,0.0,4.6
1790496597.319,0.0,0.0,20.0,0.0,0.0,0.0,0.0,0.0,0.0,0.0,0.0,0.0,0.0,0.0,0.0,0.0,0.0,0.0,0.0,0.0,0.0,0.0,27.3,20.0,0.0,0.0,30.0,0.0,0.0,0.0,0.0,0.0,44.4,0.0,0.0,0.0,0.0,0.0,0.0,0.0,0.0,0.0,0.0,0.0,0.0,0.0,100.0,0.0,0.0,0.0,0.0,0.0,0.0,0.0,0.0,0.0,4.3
1790496597.419,0.0,0.0,30.0,0.0,0.0,0.0,0.0,0.0,0.0,0.0,0.0,0.0,0.0,0.0,0.0,0.0,0.0,0.0,0.0,0.0,0.0,0.0,11.1,10.0,0.0,0.0,40.0,0.0,0.0,0.0,0.0,0.0,44.4,0.0,0.0,0.0,0.0,0.0,0.0,0.0,0.0,0.0,0.0,0.0,0.0,0.0,100.0,0.0,0.0,0.0,0.0,0.0,0.0,0.0,0.0,0.0,4.2
1790496597.520,0.0,0.0,20.0,0.0,0.0,0.0,0.0,0.0,0.0,0.0,0.0,0.0,0.0,0.0,0.0,0.0,0.0,0.0,0.0,0.0,0.0,0.0,36.4,20.0,0.0,0.0,30.0,0.0,0.0,0.0,0.0,9.1,45.5,0.0,0.0,9.1,0.0,0.0,0.0,0.0,0.0,0.0,0.0,0.0,0.0,0.0,100.0,0.0,0.0,0.0,0.0,0.0,0.0,0.0,0.0,0.0,4.8
1790496597.620,0.0,0.0,27.3,0.0,0.0,0.0,0.0,0.0,0.0,0.0,0.0,0.0,0.0,0.0,0.0,0.0,0.0,0.0,0.0,0.0,0.0,0.0,30.0,10.0,0.0,0.0,40.0,0.0,0.0,0.0,0.0,0.0,44.4,0.0,0.0,0.0,0.0,0.0,0.0,0.0,0.0,0.0,0.0,0.0,0.0,0.0,100.0,0.0,0.0,0.0,0.0,0.0,0.0,0.0,0.0,0.0,4.5
1790496597.720,0.0,0.0,11.1,0.0,0.0,0.0,0.0,0.0,0.0,0.0,0.0,0.0,0.0,0.0,0.0,0.0,0.0,0.0,0.0,0.0,0.0,0.0,11.1,20.0,0.0,0.0,30.0,0.0,0.0,0.0,0.0,10.0,45.5,0.0,0.0,0.0,0.0,0.0,0.0,0.0,0.0,0.0,0.0,0.0,0.0,0.0,100.0,0.0,0.0,0.0,0.0,0.0,0.0,0.0,0.0,0.0,4.1
1790496597.820,0.0,0.0,0.0,0.0,0.0,0.0,0.0,0.0,0.0,0.0,0.0,0.0,0.0,0.0,0.0,0.0,0.0,0.0,0.0,0.0,0.0,0.0,27.3,20.0,0.0,0.0,33.3,0.0,0.0,0.0,0.0,20.0,50.0,0.0,0.0,0.0,0.0,0.0,0.0,0.0,0.0,0.0,0.0,0.0,0.0,0.0,100.0,0.0,0.0,0.0,0.0,0.0,0.0,0.0,0.0,0.0,4.5
1790496597.920,0.0,0.0,10.0,0.0,0.0,0.0,0.0,0.0,0.0,0.0,0.0,0.0,0.0,0.0,0.0,0.0,0.0,0.0,0.0,0.0,0.0,0.0,11.1,10.0,0.0,0.0,36.4,0.0,0.0,0.0,0.0,11.1,50.0,0.0,0.0,0.0,0.0,0.0,0.0,0.0,0.0,0.0,0.0,0.0,0.0,0.0,100.0,0.0,0.0,0.0,0.0,0.0,0.0,0.0,0.0,0.0,4.1
1790496598.020,0.0,9.1,20.0,0.0,0.0,0.0,0.0,0.0,0.0,0.0,0.0,0.0,0.0,0.0,0.0,0.0,0.0,0.0,0.0,9.1,0.0,0.0,10.0,20.0,0.0,0.0,40.0,0.0,0.0,0.0,0.0,0.0,40.0,0.0,0.0,0.0,0.0,0.0,0.0,0.0,0.0,0.0,0.0,0.0,0.0,0.0,100.0,0.0,0.0,0.0,0.0,0.0,0.0,0.0,0.0,0.0,4.4
1790496598.120,0.0,0.0,30.0,0.0,0.0,0.0,0.0,0.0,0.0,0.0,0.0,0.0,0.0,0.0,0.0,0.0,0.0,0.0,0.0,0.0,0.0,0.0,30.0,18.2,0.0,0.0,22.2,0.0,0.0,0.0,0.0,0.0,50.0,0.0,0.0,0.0,0.0,0.0,0.0,0.0,0.0,0.0,0.0,0.0,0.0,0.0,100.0,0.0,0.0,0.0,0.0,0.0,0.0,0.0,0.0,0.0,4.5
1790496598.221,0.0,0.0,20.0,0.0,0.0,0.0,0.0,0.0,0.0,0.0,0.0,0.0,0.0,0.0,0.0,0.0,0.0,0.0,0.0,0.0,0.0,0.0,30.0,11.1,0.0,0.0,40.0,0.0,0.0,0.0,0.0,0.0,50.0,0.0,0.0,0.0,0.0,0.0,0.0,0.0,0.0,0.0,0.0,0.0,0.0,0.0,100.0,0.0,0.0,0.0,0.0,0.0,0.0,0.0,0.0,0.0,4.5
1790496598.321,0.0,0.0,10.0,0.0,0.0,0.0,0.0,0.0,0.0,0.0,0.0,0.0,0.0,0.0,0.0,0.0,0.0,0.0,0.0,0.0,0.0,0.0,20.0,18.2,0.0,0.0,36.4,0.0,0.0,0.0,0.0,0.0,45.5,0.0,0.0,0.0,0.0,0.0,0.0,0.0,0.0,0.0,0.0,0.0,0.0,0.0,100.0,0.0,0.0,10.0,0.0,0.0,0.0,0.0,0.0,0.0,4.3
1790496598.421,0.0,0.0,0.0,0.0,0.0,0.0,0.0,0.0,0.0,0.0,0.0,0.0,0.0,0.0,0.0,0.0,0.0,0.0,0.0,0.0,0.0,0.0,36.4,11.1,0.0,0.0,33.3,0.0,0.0,0.0,0.0,0.0,44.4,0.0,0.0,0.0,0.0,0.0,0.0,0.0,0.0,0.0,0.0,0.0,0.0,0.0,100.0,0.0,0.0,11.1,0.0,0.0,10.0,0.0,0.0,0.0,4.4
1790496598.521,10.0,0.0,0.0,0.0,0.0,0.0,0.0,0.0,0.0,0.0,0.0,0.0,0.0,0.0,0.0,0.0,0.0,0.0,0.0,0.0,0.0,0.0,20.0,10.0,0.0,0.0,30.0,0.0,0.0,0.0,0.0,0.0,44.4,0.0,0.0,0.0,0.0,0.0,0.0,0.0,0.0,0.0,0.0,0.0,0.0,0.0,100.0,0.0,0.0,0.0,0.0,0.0,20.0,0.0,0.0,0.0,4.2
1790496598.621,20.0,0.0,10.0,0.0,0.0,0.0,0.0,0.0,0.0,0.0,0.0,0.0,0.0,0.0,0.0,0.0,0.0,0.0,0.0,0.0,0.0,0.0,22.2,20.0,0.0,0.0,36.4,0.0,0.0,0.0,0.0,0.0,45.5,0.0,0.0,0.0,0.0,0.0,0.0,0.0,0.0,0.0,0.0,0.0,0.0,0.0,100.0,0.0,0.0,0.0,0.0,0.0,0.0,0.0,0.0,0.0,4.5
1790496598.721,0.0,0.0,20.0,0.0,0.0,0.0,0.0,0.0,0.0,0.0,0.0,0.0,0.0,0.0,0.0,0.0,0.0,0.0,0.0,0.0,0.0,0.0,30.0,18.2,0.0,0.0,33.3,10.0,0.0,0.0,10.0,0.0,50.0,0.0,0.0,0.0,0.0,0.0,0.0,0.0,0.0,0.0,0.0,0.0,0.0,0.0,100.0,0.0,8.3,0.0,0.0,0.0,0.0,0.0,0.0,0.0,5.0
1790496598.821,0.0,0.0,10.0,0.0,0.0,0.0,0.0,0.0,0.0,0.0,0.0,0.0,0.0,0.0,0.0,0.0,0.0,0.0,0.0,0.0,0.0,0.0,30.0,0.0,0.0,0.0,40.0,9.1,0.0,0.0,20.0,0.0,44.4,0.0,0.0,0.0,0.0,0.0,0.0,0.0,0.0,0.0,0.0,0.0,0.0,9.1,100.0,0.0,0.0,0.0,0.0,0.0,0.0,0.0,0.0,9.1,4.9
1790496598.922,0.0,18.2,20.0,0.0,0.0,0.0,0.0,0.0,0.0,0.0,0.0,0.0,0.0,0.0,0.0,0.0,0.0,0.0,0.0,0.0,0.0,0.0,30.0,11.1,0.0,0.0,40.0,0.0,0.0,0.0,0.0,0.0,45.5,0.0,0.0,0.0,0.0,0.0,0.0,0.0,0.0,0.0,0.0,0.0,0.0,0.0,100.0,0.0,0.0,0.0,0.0,0.0,0.0,0.0,0.0,0.0,4.7
1790496599.022,0.0,0.0,30.0,0.0,0.0,0.0,0.0,0.0,0.0,0.0,0.0,0.0,0.0,0.0,0.0,0.0,9.1,0.0,0.0,0.0,0.0,0.0,30.0,18.2,9.1,0.0,90.0,0.0,0.0,0.0,0.0,0.0,40.0,0.0,0.0,0.0,0.0,0.0,0.0,0.0,0.0,0.0,0.0,0.0,0.0,0.0,100.0,0.0,0.0,0.0,0.0,0.0,0.0,0.0,0.0,0.0,5.8
1790496599.122,0.0,0.0,20.0,0.0,0.0,0.0,0.0,0.0,0.0,0.0,0.0,0.0,0.0,0.0,0.0,18.2,0.0,0.0,0.0,0.0,0.0,0.0,20.0,11.1,11.1,0.0,100.0,0.0,0.0,0.0,0.0,0.0,50.0,0.0,0.0,0.0,0.0,0.0,0.0,0.0,0.0,0.0,0.0,0.0,0.0,0.0,100.0,0.0,0.0,0.0,0.0,0.0,0.0,0.0,0.0,0.0,5.9
1790496599.222,0.0,0.0,27.3,0.0,0.0,0.0,0.0,0.0,0.0,0.0,0.0,0.0,0.0,0.0,0.0,0.0,0.0,0.0,0.0,0.0,0.0,0.0,20.0,20.0,0.0,0.0,100.0,0.0,0.0,0.0,0.0,0.0,50.0,0.0,0.0,0.0,0.0,0.0,0.0,0.0,0.0,0.0,0.0,0.0,0.0,18.2,100.0,0.0,0.0,0.0,0.0,0.0,0.0,0.0,0.0,0.0,6.0
1790496599.322,0.0,0.0,12.5,0.0,0.0,0.0,0.0,0.0,0.0,0.0,0.0,0.0,0.0,0.0,0.0,0.0,0.0,0.0,0.0,0.0,0.0,0.0,20.0,10.0,0.0,0.0,20.0,0.0,0.0,0.0,0.0,0.0,40.0,0.0,0.0,0.0,0.0,0.0,0.0,0.0,0.0,0.0,0.0,0.0,0.0,0.0,100.0,0.0,0.0,0.0,0.0,0.0,0.0,0.0,0.0,0.0,3.6
1790496599.422,0.0,0.0,27.3,0.0,0.0,0.0,0.0,0.0,0.0,0.0,0.0,0.0,0.0,0.0,0.0,0.0,0.0,0.0,0.0,0.0,0.0,0.0,30.0,10.0,0.0,0.0,36.4,0.0,0.0,0.0,0.0,0.0,44.4,0.0,0.0,0.0,0.0,0.0,0.0,0.0,0.0,0.0,0.0,0.0,0.0,0.0,100.0,0.0,0.0,0.0,0.0,0.0,0.0,0.0,0.0,0.0,4.4
1790496599.522,0.0,0.0,20.0,0.0,0.0,0.0,0.0,0.0,0.0,0.0,0.0,0.0,0.0,0.0,0.0,0.0,0.0,0.0,0.0,0.0,0.0,0.0,30.0,18.2,0.0,0.0,33.3,0.0,0.0,0.0,0.0,0.0,50.0,0.0,0.0,0.0,0.0,0.0,0.0,0.0,0.0,0.0,0.0,0.0,0.0,0.0,100.0,0.0,0.0,0.0,0.0,0.0,0.0,0.0,0.0,0.0,4.5
1790496599.623,0.0,9.1,30.0,0.0,0.0,0.0,0.0,0.0,0.0,0.0,0.0,0.0,0.0,0.0,0.0,0.0,0.0,0.0,0.0,0.0,0.0,0.0,30.0,11.1,9.1,0.0,30.0,0.0,0.0,0.0,0.0,0.0,45.5,0.0,0.0,0.0,0.0,0.0,0.0,0.0,0.0,0.0,0.0,0.0,0.0,0.0,100.0,0.0,0.0,0.0,0.0,0.0,0.0,0.0,0.0,0.0,4.7
1790496599.723,0.0,10.0,10.0,0.0,0.0,0.0,0.0,0.0,0.0,0.0,0.0,0.0,0.0,0.0,0.0,0.0,0.0,0.0,0.0,0.0,0.0,11.1,30.0,20.0,10.0,0.0,40.0,0.0,0.0,0.0,0.0,0.0,50.0,0.0,0.0,0.0,0.0,0.0,0.0,0.0,0.0,0.0,0.0,0.0,0.0,0.0,100.0,0.0,0.0,0.0,0.0,0.0,0.0,0.0,0.0,0.0,5.0
1790496599.823,0.0,0.0,0.0,0.0,0.0,0.0,0.0,0.0,0.0,0.0,0.0,0.0,0.0,0.0,0.0,0.0,0.0,0.0,0.0,0.0,0.0,18.2,30.0,10.0,0.0,0.0,30.0,0.0,0.0,0.0,0.0,0.0,40.0,0.0,0.0,11.1,0.0,0.0,0.0,0.0,0.0,0.0,0.0,0.0,0.0,0.0,100.0,0.0,0.0,0.0,0.0,0.0,0.0,0.0,0.0,0.0,4.3
1790496599.923,0.0,0.0,0.0,0.0,0.0,0.0,0.0,0.0,0.0,10.0,0.0,0.0,0.0,0.0,0.0,0.0,0.0,0.0,0.0,0.0,0.0,0.0,30.0,20.0,0.0,0.0,36.4,0.0,0.0,0.0,0.0,0.0,50.0,0.0,0.0,18.2,0.0,0.0,0.0,0.0,0.0,0.0,0.0,0.0,0.0,0.0,100.0,0.0,0.0,0.0,0.0,0.0,0.0,0.0,0.0,0.0,4.7
1790496600.023,0.0,0.0,0.0,0.0,0.0,0.0,0.0,0.0,0.0,20.0,0.0,0.0,0.0,0.0,0.0,0.0,0.0,0.0,0.0,0.0,0.0,0.0,0.0,10.0,0.0,0.0,33.3,0.0,0.0,0.0,0.0,0.0,50.0,0.0,0.0,0.0,0.0,0.0,0.0,0.0,0.0,0.0,0.0,0.0,0.0,0.0,100.0,0.0,9.1,0.0,11.1,0.0,0.0,0.0,0.0,0.0,4.2
1790496600.123,0.0,0.0,0.0,0.0,0.0,0.0,0.0,0.0,0.0,20.0,0.0,0.0,0.0,0.0,0.0,0.0,0.0,0.0,0.0,0.0,0.0,0.0,0.0,18.2,0.0,0.0,30.0,0.0,0.0,0.0,0.0,0.0,33.3,0.0,0.0,0.0,0.0,0.0,0.0,0.0,0.0,0.0,0.0,0.0,0.0,0.0,100.0,0.0,0.0,0.0,10.0,0.0,0.0,0.0,0.0,0.0,3.8
1790496600.223,0.0,0.0,0.0,0.0,0.0,0.0,0.0,0.0,0.0,22.2,0.0,0.0,0.0,0.0,0.0,0.0,0.0,0.0,0.0,0.0,0.0,0.0,0.0,11.1,0.0,0.0,40.0,0.0,0.0,0.0,0.0,0.0,50.0,0.0,0.0,0.0,0.0,0.0,0.0,0.0,0.0,0.0,0.0,0.0,0.0,0.0,100.0,9.1,0.0,0.0,27.3,0.0,0.0,0.0,0.0,0.0,4.6
1790496600.324,0.0,0.0,0.0,0.0,0.0,0.0,0.0,0.0,0.0,20.0,0.0,0.0,0.0,0.0,0.0,0.0,0.0,0.0,0.0,0.0,0.0,0.0,0.0,10.0,0.0,0.0,36.4,0.0,0.0,0.0,0.0,0.0,50.0,0.0,0.0,0.0,0.0,0.0,0.0,0.0,0.0,0.0,0.0,0.0,0.0,0.0,100.0,0.0,0.0,0.0,20.0,0.0,0.0,0.0,0.0,0.0,4.2
1790496600.424,0.0,0.0,0.0,0.0,0.0,0.0,0.0,0.0,0.0,18.2,0.0,0.0,0.0,0.0,0.0,0.0,0.0,0.0,0.0,0.0,0.0,0.0,0.0,10.0,0.0,0.0,33.3,0.0,0.0,0.0,0.0,0.0,40.0,0.0,0.0,0.0,0.0,0.0,11.1,0.0,0.0,0.0,0.0,0.0,0.0,0.0,100.0,0.0,0.0,0.0,22.2,0.0,0.0,0.0,0.0,0.0,4.2
1790496600.524,0.0,0.0,0.0,0.0,0.0,0.0,0.0,0.0,0.0,0.0,0.0,0.0,0.0,0.0,0.0,0.0,0.0,0.0,0.0,0.0,0.0,0.0,0.0,10.0,0.0,0.0,30.0,0.0,0.0,0.0,0.0,0.0,50.0,0.0,0.0,0.0,9.1,10.0,18.2,0.0,9.1,0.0,0.0,0.0,0.0,0.0,100.0,0.0,0.0,0.0,27.3,0.0,0.0,0.0,0.0,0.0,4.7
1790496600.624,0.0,0.0,0.0,0.0,0.0,0.0,0.0,0.0,0.0,0.0,0.0,0.0,0.0,0.0,0.0,0.0,0.0,0.0,0.0,0.0,0.0,0.0,0.0,0.0,0.0,0.0,36.4,0.0,0.0,0.0,0.0,0.0,45.5,0.0,0.0,0.0,0.0,30.0,0.0,0.0,0.0,0.0,0.0,0.0,0.0,0.0,100.0,0.0,0.0,0.0,22.2,0.0,0.0,0.0,0.0,0.0,4.2
1790496600.724,0.0,9.1,0.0,0.0,0.0,0.0,0.0,0.0,0.0,10.0,0.0,0.0,0.0,0.0,0.0,0.0,0.0,0.0,0.0,0.0,0.0,0.0,0.0,10.0,0.0,0.0,22.2,0.0,0.0,0.0,0.0,0.0,50.0,0.0,0.0,0.0,0.0,10.0,0.0,0.0,0.0,0.0,0.0,0.0,0.0,9.1,100.0,0.0,0.0,0.0,20.0,0.0,0.0,0.0,0.0,0.0,4.3
1790496600.824,0.0,0.0,0.0,0.0,0.0,0.0,0.0,0.0,0.0,22.2,0.0,0.0,0.0,0.0,0.0,0.0,0.0,0.0,0.0,0.0,0.0,0.0,0.0,10.0,0.0,0.0,40.0,0.0,0.0,0.0,0.0,0.0,44.4,0.0,0.0,0.0,0.0,0.0,0.0,0.0,0.0,0.0,0.0,0.0,0.0,0.0,100.0,0.0,0.0,0.0,27.3,0.0,0.0,0.0,0.0,0.0,4.4
1790496600.925,0.0,0.0,0.0,0.0,0.0,0.0,0.0,0.0,0.0,27.3,0.0,0.0,0.0,0.0,0.0,0.0,0.0,0.0,0.0,0.0,0.0,0.0,0.0,10.0,0.0,0.0,30.0,0.0,0.0,0.0,0.0,0.0,45.5,0.0,0.0,0.0,0.0,0.0,0.0,0.0,0.0,0.0,0.0,0.0,0.0,0.0,100.0,0.0,0.0,0.0,22.2,0.0,0.0,0.0,0.0,0.0,4.2
1790496601.025,0.0,0.0,0.0,0.0,0.0,0.0,0.0,0.0,0.0,30.0,0.0,0.0,0.0,0.0,0.0,0.0,0.0,0.0,0.0,0.0,0.0,0.0,0.0,18.2,0.0,0.0,40.0,0.0,0.0,0.0,0.0,0.0,50.0,0.0,0.0,0.0,0.0,0.0,0.0,0.0,0.0,0.0,0.0,0.0,0.0,0.0,100.0,0.0,0.0,0.0,30.0,0.0,0.0,0.0,0.0,0.0,4.8
1790496601.125,0.0,0.0,0.0,0.0,0.0,0.0,0.0,0.0,0.0,20.0,0.0,0.0,0.0,0.0,0.0,0.0,0.0,0.0,0.0,0.0,0.0,0.0,0.0,18.2,0.0,0.0,36.4,0.0,0.0,0.0,0.0,0.0,44.4,0.0,0.0,0.0,0.0,0.0,0.0,0.0,0.0,0.0,0.0,0.0,0.0,0.0,100.0,0.0,0.0,0.0,27.3,0.0,0.0,0.0,0.0,0.0,4.4
1790496601.225,0.0,0.0,0.0,0.0,0.0,0.0,0.0,0.0,0.0,20.0,0.0,0.0,0.0,0.0,0.0,0.0,0.0,0.0,0.0,0.0,0.0,0.0,0.0,10.0,0.0,0.0,33.3,0.0,0.0,0.0,0.0,0.0,45.5,0.0,0.0,0.0,0.0,0.0,0.0,0.0,0.0,0.0,0.0,0.0,0.0,0.0,100.0,0.0,0.0,0.0,30.0,0.0,0.0,0.0,0.0,0.0,4.3
1790496601.325,0.0,0.0,0.0,0.0,0.0,0.0,0.0,0.0,0.0,22.2,9.1,0.0,0.0,0.0,0.0,0.0,0.0,0.0,0.0,0.0,0.0,0.0,0.0,11.1,0.0,0.0,30.0,0.0,0.0,0.0,0.0,0.0,44.4,0.0,0.0,0.0,0.0,0.0,0.0,0.0,0.0,0.0,0.0,0.0,0.0,0.0,100.0,0.0,0.0,0.0,20.0,0.0,0.0,0.0,0.0,0.0,4.2
1790496601.425,0.0,0.0,0.0,0.0,0.0,0.0,0.0,0.0,0.0,10.0,0.0,0.0,0.0,0.0,0.0,0.0,0.0,0.0,0.0,0.0,0.0,0.0,0.0,10.0,0.0,0.0,30.0,0.0,0.0,0.0,0.0,0.0,45.5,0.0,0.0,0.0,0.0,0.0,10.0,0.0,0.0,0.0,0.0,0.0,0.0,0.0,100.0,0.0,0.0,0.0,30.0,0.0,0.0,0.0,0.0,0.0,4.2
1790496601.525,0.0,0.0,0.0,0.0,0.0,0.0,0.0,0.0,0.0,0.0,0.0,0.0,0.0,0.0,0.0,0.0,0.0,0.0,0.0,0.0,0.0,0.0,0.0,11.1,0.0,0.0,36.4,0.0,0.0,0.0,0.0,0.0,50.0,0.0,0.0,0.0,0.0,10.0,10.0,0.0,0.0,0.0,0.0,0.0,0.0,0.0,100.0,0.0,0.0,0.0,30.0,0.0,0.0,0.0,0.0,0.0,4.4
1790496601.626,0.0,0.0,0.0,0.0,0.0,0.0,0.0,0.0,0.0,0.0,0.0,0.0,0.0,0.0,0.0,0.0,0.0,0.0,0.0,0.0,0.0,0.0,0.0,10.0,0.0,0.0,33.3,0.0,0.0,0.0,0.0,0.0,44.4,0.0,0.0,0.0,0.0,18.2,0.0,11.1,0.0,0.0,0.0,0.0,0.0,0.0,100.0,0.0,0.0,0.0,30.0,0.0,0.0,0.0,0.0,0.0,4.4
1790496601.726,0.0,10.0,0.0,0.0,0.0,0.0,0.0,0.0,0.0,0.0,0.0,0.0,0.0,0.0,0.0,0.0,0.0,0.0,0.0,0.0,0.0,0.0,0.0,25.0,0.0,0.0,30.0,0.0,0.0,0.0,0.0,0.0,45.5,0.0,0.0,0.0,0.0,11.1,0.0,10.0,0.0,0.0,0.0,9.1,0.0,0.0,100.0,0.0,0.0,0.0,30.0,0.0,0.0,0.0,0.0,0.0,4.8
1790496601.826,0.0,0.0,0.0,0.0,0.0,0.0,0.0,0.0,0.0,0.0,0.0,0.0,0.0,0.0,0.0,0.0,0.0,0.0,0.0,0.0,0.0,0.0,0.0,11.1,0.0,0.0,40.0,0.0,0.0,0.0,0.0,0.0,50.0,0.0,0.0,0.0,0.0,20.0,0.0,0.0,0.0,0.0,0.0,0.0,0.0,0.0,100.0,0.0,0.0,0.0,30.0,0.0,0.0,0.0,0.0,0.0,4.5
1790496601.926,0.0,0.0,0.0,0.0,0.0,0.0,0.0,0.0,0.0,0.0,0.0,0.0,0.0,0.0,0.0,0.0,0.0,0.0,0.0,0.0,0.0,0.0,0.0,10.0,0.0,0.0,30.0,0.0,0.0,0.0,0.0,0.0,44.4,0.0,0.0,0.0,0.0,27.3,0.0,0.0,0.0,0.0,0.0,0.0,0.0,0.0,100.0,0.0,0.0,0.0,20.0,0.0,0.0,0.0,0.0,0.0,4.1
1790496602.026,0.0,0.0,0.0,0.0,0.0,0.0,0.0,0.0,0.0,10.0,0.0,0.0,0.0,0.0,0.0,0.0,0.0,0.0,0.0,0.0,0.0,0.0,0.0,11.1,0.0,0.0,40.0,0.0,0.0,0.0,0.0,0.0,40.0,0.0,0.0,0.0,9.1,10.0,0.0,0.0,0.0,0.0,0.0,0.0,0.0,0.0,100.0,0.0,0.0,0.0,22.2,0.0,0.0,0.0,0.0,0.0,4.3
1790496602.126,0.0,0.0,0.0,0.0,0.0,0.0,0.0,0.0,0.0,27.3,0.0,0.0,0.0,0.0,0.0,0.0,0.0,0.0,0.0,0.0,0.0,0.0,0.0,18.2,0.0,0.0,30.0,0.0,0.0,0.0,0.0,0.0,50.0,0.0,0.0,0.0,0.0,0.0,0.0,0.0,0.0,0.0,0.0,0.0,0.0,0.0,100.0,0.0,0.0,0.0,30.0,0.0,0.0,0.0,0.0,0.0,4.6
1790496602.226,0.0,0.0,0.0,0.0,0.0,0.0,0.0,0.0,0.0,22.2,0.0,0.0,0.0,0.0,0.0,0.0,0.0,0.0,0.0,0.0,0.0,0.0,0.0,10.0,0.0,0.0,36.4,0.0,0.0,0.0,0.0,0.0,40.0,0.0,0.0,0.0,0.0,0.0,0.0,0.0,0.0,0.0,0.0,0.0,0.0,0.0,100.0,0.0,0.0,0.0,27.3,0.0,0.0,9.1,0.0,0.0,4.4
1790496602.327,0.0,0.0,0.0,0.0,0.0,0.0,0.0,0.0,0.0,20.0,0.0,0.0,0.0,0.0,0.0,0.0,0.0,0.0,0.0,0.0,0.0,0.0,0.0,11.1,0.0,0.0,22.2,0.0,0.0,0.0,0.0,0.0,50.0,0.0,0.0,0.0,0.0,0.0,0.0,0.0,0.0,0.0,0.0,0.0,0.0,0.0,100.0,0.0,0.0,0.0,20.0,0.0,0.0,0.0,0.0,0.0,4.0
1790496602.427,0.0,0.0,0.0,0.0,0.0,0.0,0.0,0.0,0.0,20.0,0.0,0.0,0.0,0.0,0.0,0.0,0.0,0.0,0.0,0.0,0.0,0.0,0.0,10.0,0.0,0.0,45.5,0.0,0.0,0.0,0.0,0.0,44.4,0.0,0.0,0.0,0.0,0.0,11.1,0.0,0.0,0.0,0.0,0.0,0.0,0.0,100.0,0.0,0.0,0.0,20.0,0.0,0.0,0.0,0.0,0.0,4.5
1790496602.527,0.0,0.0,0.0,0.0,0.0,0.0,0.0,0.0,0.0,0.0,0.0,0.0,0.0,0.0,0.0,0.0,0.0,0.0,0.0,0.0,0.0,0.0,0.0,18.2,0.0,0.0,30.0,0.0,0.0,0.0,0.0,0.0,50.0,0.0,0.0,0.0,0.0,10.0,10.0,0.0,0.0,0.0,0.0,0.0,0.0,0.0,100.0,0.0,0.0,0.0,0.0,0.0,0.0,0.0,0.0,0.0,3.9
1790496602.627,0.0,0.0,0.0,0.0,0.0,0.0,0.0,0.0,0.0,0.0,0.0,0.0,0.0,0.0,0.0,0.0,0.0,0.0,0.0,0.0,0.0,0.0,0.0,11.1,0.0,0.0,25.0,0.0,0.0,0.0,0.0,0.0,50.0,0.0,0.0,0.0,0.0,22.2,0.0,0.0,0.0,0.0,0.0,0.0,0.0,0.0,100.0,0.0,0.0,0.0,30.0,0.0,0.0,0.0,0.0,0.0,4.3
1790496602.727,0.0,10.0,0.0,0.0,0.0,0.0,0.0,0.0,0.0,0.0,0.0,0.0,0.0,0.0,0.0,0.0,0.0,0.0,0.0,0.0,0.0,0.0,0.0,18.2,0.0,0.0,36.4,0.0,0.0,0.0,0.0,0.0,44.4,0.0,0.0,0.0,0.0,27.3,0.0,0.0,0.0,0.0,0.0,0.0,0.0,0.0,100.0,0.0,0.0,0.0,20.0,0.0,0.0,0.0,0.0,0.0,4.6
1790496602.827,0.0,0.0,0.0,0.0,0.0,0.0,0.0,0.0,0.0,0.0,0.0,0.0,0.0,0.0,0.0,0.0,0.0,0.0,0.0,0.0,0.0,0.0,0.0,18.2,0.0,0.0,30.0,0.0,0.0,0.0,0.0,0.0,40.0,0.0,0.0,0.0,0.0,22.2,0.0,0.0,0.0,0.0,0.0,0.0,0.0,0.0,100.0,0.0,0.0,0.0,30.0,0.0,0.0,0.0,0.0,0.0,4.3
1790496602.927,0.0,0.0,0.0,0.0,0.0,0.0,0.0,0.0,0.0,0.0,0.0,0.0,0.0,0.0,0.0,0.0,0.0,0.0,0.0,0.0,0.0,0.0,0.0,11.1,0.0,0.0,30.0,0.0,0.0,0.0,0.0,0.0,50.0,0.0,0.0,0.0,0.0,20.0,0.0,0.0,0.0,0.0,0.0,0.0,0.0,0.0,100.0,0.0,0.0,0.0,20.0,0.0,0.0,0.0,0.0,0.0,4.1
1790496603.028,0.0,0.0,0.0,0.0,0.0,0.0,0.0,0.0,0.0,0.0,0.0,0.0,0.0,0.0,0.0,0.0,0.0,0.0,0.0,0.0,0.0,0.0,0.0,10.0,0.0,0.0,40.0,0.0,0.0,0.0,0.0,0.0,40.0,0.0,0.0,0.0,0.0,20.0,0.0,0.0,0.0,0.0,0.0,0.0,0.0,0.0,100.0,0.0,0.0,0.0,30.0,0.0,0.0,0.0,0.0,0.0,4.3
1790496603.128,0.0,0.0,0.0,0.0,0.0,0.0,0.0,0.0,0.0,0.0,0.0,0.0,0.0,0.0,0.0,0.0,0.0,0.0,0.0,0.0,0.0,0.0,0.0,18.2,0.0,0.0,30.0,0.0,0.0,0.0,0.0,0.0,50.0,0.0,0.0,0.0,0.0,22.2,0.0,0.0,0.0,0.0,0.0,0.0,0.0,0.0,100.0,0.0,0.0,0.0,20.0,0.0,0.0,0.0,0.0,0.0,4.3
1790496603.228,0.0,0.0,0.0,0.0,0.0,0.0,0.0,0.0,0.0,0.0,0.0,0.0,0.0,0.0,0.0,0.0,0.0,0.0,0.0,0.0,0.0,0.0,0.0,11.1,0.0,0.0,33.3,0.0,0.0,0.0,0.0,0.0,50.0,0.0,0.0,0.0,0.0,27.3,0.0,0.0,0.0,0.0,0.0,0.0,0.0,9.1,100.0,0.0,0.0,0.0,30.0,0.0,0.0,0.0,0.0,0.0,4.7
1790496603.328,0.0,0.0,0.0,0.0,0.0,0.0,0.0,0.0,0.0,0.0,0.0,0.0,0.0,0.0,0.0,0.0,0.0,0.0,0.0,0.0,0.0,0.0,0.0,10.0,0.0,0.0,40.0,0.0,0.0,0.0,0.0,0.0,45.5,0.0,0.0,0.0,9.1,0.0,0.0,0.0,0.0,0.0,0.0,0.0,0.0,0.0,100.0,0.0,0.0,0.0,30.0,0.0,0.0,0.0,0.0,0.0,4.2
1790496603.428,10.0,0.0,0.0,0.0,0.0,0.0,0.0,0.0,0.0,0.0,0.0,0.0,0.0,0.0,0.0,0.0,0.0,0.0,0.0,0.0,0.0,0.0,0.0,18.2,0.0,45.5,18.2,0.0,0.0,0.0,0.0,0.0,44.4,0.0,0.0,0.0,0.0,0.0,0.0,0.0,0.0,0.0,0.0,0.0,0.0,0.0,100.0,0.0,0.0,0.0,30.0,0.0,0.0,0.0,0.0,0.0,4.8
1790496603.528,20.0,0.0,0.0,0.0,0.0,0.0,0.0,0.0,0.0,0.0,0.0,0.0,0.0,0.0,0.0,0.0,0.0,0.0,0.0,0.0,0.0,0.0,0.0,10.0,0.0,22.2,0.0,0.0,0.0,0.0,0.0,0.0,50.0,0.0,0.0,0.0,0.0,0.0,18.2,0.0,0.0,0.0,0.0,0.0,0.0,0.0,100.0,0.0,0.0,0.0,20.0,0.0,0.0,0.0,0.0,0.0,4.3
1790496603.628,0.0,0.0,9.1,0.0,0.0,0.0,0.0,0.0,0.0,20.0,0.0,0.0,0.0,0.0,0.0,0.0,0.0,0.0,0.0,0.0,0.0,0.0,0.0,10.0,0.0,40.0,0.0,0.0,0.0,0.0,0.0,0.0,40.0,0.0,0.0,0.0,0.0,0.0,10.0,0.0,0.0,0.0,0.0,0.0,0.0,0.0,100.0,0.0,0.0,0.0,30.0,0.0,0.0,0.0,0.0,0.0,4.6
1790496603.729,0.0,0.0,0.0,0.0,0.0,0.0,0.0,0.0,0.0,11.1,0.0,0.0,0.0,0.0,0.0,0.0,0.0,0.0,0.0,0.0,0.0,0.0,0.0,11.1,0.0,36.4,0.0,0.0,0.0,0.0,0.0,0.0,50.0,0.0,0.0,0.0,0.0,0.0,0.0,0.0,0.0,0.0,0.0,0.0,0.0,0.0,100.0,0.0,0.0,0.0,30.0,0.0,0.0,0.0,0.0,0.0,4.3
1790496603.829,0.0,0.0,0.0,0.0,0.0,0.0,0.0,0.0,0.0,30.0,0.0,0.0,0.0,0.0,0.0,0.0,0.0,0.0,0.0,0.0,0.0,0.0,0.0,10.0,0.0,40.0,0.0,0.0,0.0,0.0,0.0,0.0,44.4,0.0,0.0,0.0,0.0,0.0,0.0,0.0,0.0,0.0,0.0,0.0,0.0,0.0,100.0,0.0,0.0,0.0,20.0,0.0,0.0,0.0,0.0,0.0,4.4
1790496603.929,0.0,0.0,0.0,0.0,0.0,0.0,0.0,0.0,0.0,20.0,0.0,0.0,0.0,0.0,0.0,0.0,0.0,0.0,0.0,0.0,0.0,0.0,0.0,9.1,0.0,30.0,0.0,0.0,0.0,0.0,0.0,0.0,45.5,0.0,0.0,0.0,0.0,0.0,0.0,0.0,0.0,0.0,0.0,0.0,0.0,0.0,100.0,0.0,0.0,0.0,20.0,0.0,0.0,0.0,0.0,0.0,4.0
1790496604.029,0.0,0.0,0.0,0.0,0.0,0.0,0.0,0.0,0.0,27.3,0.0,0.0,0.0,0.0,0.0,0.0,0.0,0.0,0.0,0.0,0.0,0.0,0.0,0.0,0.0,40.0,0.0,0.0,0.0,0.0,0.0,0.0,45.5,0.0,0.0,0.0,0.0,0.0,0.0,0.0,0.0,0.0,0.0,0.0,0.0,0.0,100.0,0.0,0.0,0.0,20.0,0.0,0.0,0.0,0.0,0.0,4.2
1790496604.129,0.0,0.0,9.1,0.0,0.0,0.0,0.0,0.0,0.0,22.2,0.0,0.0,0.0,0.0,0.0,0.0,0.0,0.0,0.0,0.0,0.0,9.1,0.0,10.0,0.0,0.0,27.3,0.0,0.0,0.0,0.0,0.0,50.0,0.0,0.0,0.0,0.0,0.0,0.0,0.0,0.0,0.0,0.0,0.0,0.0,0.0,100.0,0.0,0.0,0.0,30.0,0.0,0.0,0.0,0.0,0.0,4.6
1790496604.229,0.0,0.0,0.0,0.0,0.0,0.0,0.0,0.0,0.0,20.0,0.0,0.0,0.0,0.0,0.0,0.0,0.0,0.0,0.0,0.0,0.0,0.0,0.0,10.0,0.0,0.0,30.0,0.0,0.0,0.0,0.0,0.0,44.4,0.0,0.0,0.0,0.0,0.0,0.0,0.0,0.0,0.0,0.0,0.0,0.0,0.0,100.0,0.0,9.1,0.0,30.0,0.0,0.0,0.0,0.0,0.0,4.3
1790496604.329,0.0,0.0,0.0,0.0,0.0,0.0,0.0,0.0,0.0,27.3,0.0,0.0,0.0,0.0,0.0,0.0,0.0,0.0,0.0,0.0,0.0,0.0,0.0,10.0,0.0,0.0,30.0,0.0,0.0,0.0,0.0,0.0,40.0,0.0,0.0,0.0,0.0,0.0,0.0,0.0,0.0,0.0,0.0,0.0,0.0,0.0,100.0,0.0,0.0,0.0,30.0,0.0,0.0,9.1,0.0,0.0,4.4
1790496604.430,0.0,0.0,0.0,0.0,0.0,0.0,0.0,0.0,0.0,10.0,0.0,0.0,0.0,0.0,0.0,0.0,0.0,0.0,0.0,0.0,0.0,0.0,0.0,10.0,0.0,0.0,50.0,0.0,0.0,0.0,0.0,0.0,50.0,0.0,0.0,0.0,0.0,18.2,0.0,0.0,0.0,0.0,0.0,0.0,0.0,0.0,100.0,0.0,0.0,0.0,30.0,0.0,0.0,0.0,0.0,0.0,4.8
1790496604.530,0.0,0.0,0.0,0.0,0.0,0.0,0.0,0.0,0.0,0.0,0.0,0.0,0.0,0.0,0.0,0.0,0.0,0.0,0.0,0.0,0.0,0.0,0.0,10.0,0.0,0.0,30.0,0.0,0.0,0.0,0.0,0.0,44.4,0.0,0.0,0.0,0.0,0.0,20.0,0.0,0.0,0.0,0.0,0.0,0.0,0.0,100.0,0.0,0.0,0.0,20.0,0.0,0.0,0.0,0.0,0.0,4.0
1790496604.630,0.0,0.0,0.0,0.0,0.0,0.0,0.0,0.0,0.0,11.1,0.0,0.0,0.0,0.0,0.0,0.0,0.0,0.0,0.0,0.0,0.0,0.0,0.0,10.0,0.0,0.0,20.0,0.0,0.0,0.0,0.0,0.0,50.0,0.0,0.0,0.0,0.0,0.0,10.0,0.0,0.0,0.0,0.0,0.0,0.0,0.0,100.0,0.0,0.0,0.0,30.0,0.0,0.0,0.0,20.0,0.0,4.5
1790496604.730,0.0,0.0,0.0,0.0,0.0,0.0,0.0,0.0,0.0,27.3,0.0,0.0,0.0,0.0,0.0,0.0,0.0,0.0,0.0,0.0,0.0,0.0,0.0,10.0,0.0,0.0,0.0,0.0,0.0,0.0,0.0,0.0,44.4,0.0,0.0,0.0,0.0,0.0,0.0,0.0,0.0,0.0,0.0,0.0,0.0,0.0,100.0,0.0,0.0,0.0,30.0,0.0,0.0,0.0,36.4,0.0,4.4
1790496604.830,0.0,0.0,0.0,0.0,0.0,0.0,0.0,0.0,0.0,20.0,0.0,0.0,0.0,0.0,0.0,0.0,0.0,0.0,0.0,0.0,0.0,0.0,0.0,10.0,0.0,0.0,0.0,0.0,0.0,0.0,0.0,0.0,40.0,0.0,0.0,0.0,0.0,0.0,0.0,0.0,0.0,0.0,0.0,0.0,0.0,0.0,100.0,0.0,0.0,0.0,30.0,0.0,0.0,0.0,33.3,0.0,4.2
1790496604.930,0.0,0.0,0.0,0.0,0.0,0.0,0.0,0.0,0.0,30.0,0.0,0.0,0.0,0.0,0.0,0.0,0.0,0.0,0.0,0.0,0.0,0.0,0.0,18.2,0.0,0.0,0.0,0.0,0.0,0.0,0.0,0.0,54.5,0.0,0.0,0.0,0.0,0.0,0.0,0.0,0.0,0.0,0.0,0.0,0.0,0.0,100.0,0.0,0.0,0.0,30.0,0.0,0.0,0.0,30.0,0.0,4.7
1790496605.030,0.0,0.0,0.0,0.0,0.0,0.0,0.0,0.0,0.0,22.2,0.0,0.0,0.0,0.0,0.0,0.0,0.0,0.0,0.0,0.0,0.0,0.0,0.0,11.1,0.0,0.0,0.0,0.0,0.0,0.0,0.0,0.0,44.4,0.0,0.0,0.0,0.0,0.0,0.0,0.0,0.0,0.0,0.0,0.0,0.0,0.0,100.0,0.0,0.0,0.0,20.0,0.0,0.0,0.0,30.0,0.0,4.1
1790496605.131,0.0,0.0,0.0,0.0,0.0,0.0,0.0,0.0,0.0,27.3,0.0,0.0,0.0,0.0,0.0,0.0,0.0,0.0,0.0,0.0,0.0,0.0,0.0,10.0,0.0,0.0,0.0,0.0,0.0,0.0,0.0,0.0,40.0,0.0,0.0,0.0,0.0,0.0,0.0,0.0,0.0,0.0,0.0,0.0,0.0,0.0,100.0,0.0,0.0,0.0,30.0,0.0,0.0,0.0,30.0,0.0,4.2
1790496605.231,0.0,0.0,0.0,0.0,0.0,0.0,0.0,0.0,0.0,20.0,0.0,0.0,0.0,0.0,0.0,0.0,0.0,0.0,0.0,0.0,0.0,0.0,0.0,10.0,0.0,0.0,0.0,0.0,0.0,0.0,0.0,0.0,50.0,0.0,0.0,0.0,0.0,0.0,0.0,0.0,0.0,0.0,0.0,0.0,0.0,0.0,100.0,0.0,0.0,0.0,20.0,0.0,0.0,0.0,40.0,0.0,4.3
1790496605.331,0.0,0.0,0.0,0.0,0.0,0.0,0.0,0.0,0.0,22.2,0.0,0.0,0.0,0.0,0.0,0.0,0.0,0.0,0.0,0.0,0.0,0.0,0.0,25.0,0.0,0.0,0.0,0.0,0.0,0.0,0.0,0.0,44.4,0.0,0.0,0.0,9.1,0.0,0.0,0.0,0.0,0.0,0.0,0.0,0.0,0.0,100.0,0.0,0.0,0.0,20.0,0.0,0.0,0.0,30.0,0.0,4.5
1790496605.431,0.0,0.0,0.0,0.0,0.0,0.0,0.0,0.0,0.0,9.1,0.0,0.0,0.0,0.0,0.0,0.0,0.0,0.0,0.0,0.0,0.0,0.0,0.0,11.1,0.0,0.0,0.0,0.0,0.0,0.0,0.0,0.0,45.5,0.0,0.0,0.0,0.0,20.0,0.0,0.0,0.0,0.0,0.0,0.0,0.0,0.0,100.0,0.0,0.0,0.0,22.2,0.0,0.0,0.0,40.0,0.0,4.4
1790496605.531,0.0,0.0,0.0,0.0,0.0,0.0,0.0,0.0,0.0,0.0,0.0,0.0,0.0,0.0,0.0,0.0,0.0,0.0,0.0,0.0,0.0,0.0,0.0,10.0,0.0,0.0,0.0,0.0,0.0,0.0,0.0,0.0,50.0,0.0,0.0,0.0,0.0,9.1,11.1,0.0,0.0,0.0,0.0,0.0,0.0,0.0,100.0,0.0,0.0,0.0,10.0,0.0,0.0,0.0,30.0,0.0,3.9
1790496605.631,0.0,0.0,0.0,0.0,0.0,0.0,0.0,0.0,0.0,11.1,0.0,0.0,0.0,0.0,0.0,0.0,0.0,0.0,0.0,0.0,0.0,0.0,0.0,10.0,0.0,0.0,0.0,0.0,0.0,0.0,0.0,0.0,45.5,0.0,0.0,9.1,0.0,0.0,18.2,0.0,0.0,0.0,0.0,0.0,0.0,0.0,100.0,0.0,0.0,0.0,27.3,0.0,0.0,0.0,30.0,0.0,4.5
1790496605.731,0.0,0.0,0.0,0.0,0.0,0.0,0.0,0.0,0.0,27.3,0.0,0.0,0.0,0.0,0.0,0.0,0.0,0.0,0.0,0.0,0.0,0.0,0.0,11.1,0.0,0.0,0.0,0.0,0.0,0.0,0.0,0.0,50.0,0.0,0.0,0.0,0.0,0.0,0.0,0.0,0.0,0.0,0.0,0.0,0.0,0.0,100.0,0.0,0.0,0.0,11.1,0.0,0.0,0.0,36.4,0.0,4.2
1790496605.832,0.0,18.2,0.0,0.0,0.0,0.0,0.0,0.0,0.0,22.2,0.0,0.0,0.0,0.0,0.0,0.0,0.0,0.0,0.0,0.0,0.0,0.0,0.0,18.2,0.0,0.0,0.0,0.0,0.0,0.0,0.0,0.0,37.5,0.0,0.0,0.0,0.0,0.0,0.0,0.0,0.0,0.0,0.0,0.0,0.0,0.0,100.0,9.1,0.0,0.0,27.3,0.0,0.0,0.0,33.3,0.0,4.7
1790496605.932,0.0,0.0,0.0,0.0,0.0,0.0,0.0,0.0,0.0,27.3,0.0,0.0,0.0,0.0,0.0,0.0,0.0,0.0,0.0,0.0,0.0,0.0,0.0,0.0,0.0,0.0,0.0,0.0,0.0,0.0,0.0,0.0,45.5,0.0,0.0,0.0,9.1,0.0,0.0,0.0,0.0,0.0,0.0,0.0,0.0,0.0,100.0,0.0,0.0,0.0,20.0,0.0,0.0,0.0,30.0,0.0,4.1
1790496606.032,0.0,0.0,0.0,0.0,0.0,0.0,0.0,0.0,0.0,20.0,0.0,0.0,0.0,0.0,0.0,0.0,0.0,0.0,0.0,0.0,0.0,0.0,0.0,18.2,0.0,0.0,0.0,0.0,0.0,0.0,0.0,0.0,50.0,0.0,0.0,0.0,0.0,0.0,0.0,0.0,0.0,0.0,0.0,0.0,0.0,0.0,100.0,0.0,0.0,0.0,30.0,0.0,0.0,0.0,40.0,0.0,4.6
1790496606.132,0.0,0.0,0.0,0.0,0.0,0.0,0.0,0.0,0.0,30.0,0.0,0.0,0.0,0.0,0.0,0.0,0.0,0.0,0.0,0.0,0.0,0.0,0.0,20.0,0.0,0.0,0.0,0.0,0.0,0.0,0.0,0.0,44.4,0.0,0.0,0.0,0.0,0.0,0.0,0.0,0.0,0.0,0.0,0.0,0.0,0.0,100.0,0.0,0.0,0.0,30.0,0.0,0.0,0.0,22.2,0.0,4.4
1790496606.232,0.0,0.0,9.1,0.0,0.0,0.0,0.0,0.0,0.0,20.0,0.0,0.0,0.0,0.0,0.0,0.0,0.0,0.0,0.0,0.0,0.0,0.0,0.0,10.0,0.0,0.0,0.0,0.0,0.0,0.0,0.0,0.0,45.5,0.0,0.0,0.0,0.0,0.0,0.0,0.0,0.0,0.0,0.0,0.0,0.0,0.0,100.0,0.0,0.0,0.0,20.0,0.0,0.0,0.0,36.4,0.0,4.3
1790496606.332,0.0,0.0,0.0,0.0,0.0,0.0,0.0,0.0,0.0,27.3,0.0,0.0,0.0,0.0,0.0,0.0,0.0,0.0,0.0,0.0,0.0,0.0,0.0,10.0,0.0,0.0,0.0,0.0,0.0,0.0,0.0,0.0,44.4,0.0,0.0,0.0,0.0,0.0,0.0,0.0,0.0,0.0,0.0,0.0,0.0,0.0,100.0,0.0,0.0,0.0,22.2,0.0,0.0,0.0,30.0,0.0,4.2
1790496606.432,0.0,0.0,0.0,0.0,0.0,0.0,0.0,0.0,0.0,0.0,0.0,0.0,0.0,0.0,0.0,0.0,0.0,0.0,0.0,0.0,0.0,0.0,0.0,11.1,0.0,0.0,0.0,0.0,0.0,0.0,0.0,0.0,45.5,0.0,0.0,0.0,0.0,11.1,0.0,0.0,0.0,0.0,0.0,0.0,0.0,0.0,100.0,0.0,0.0,0.0,27.3,0.0,0.0,0.0,40.0,0.0,4.2
1790496606.533,0.0,0.0,0.0,0.0,0.0,0.0,0.0,0.0,0.0,0.0,0.0,0.0,0.0,0.0,0.0,0.0,0.0,0.0,0.0,0.0,0.0,0.0,0.0,10.0,0.0,0.0,0.0,0.0,0.0,0.0,0.0,0.0,50.0,0.0,0.0,0.0,0.0,9.1,11.1,0.0,0.0,0.0,0.0,0.0,0.0,0.0,100.0,0.0,0.0,0.0,30.0,0.0,0.0,0.0,36.4,0.0,4.4
1790496606.633,0.0,0.0,0.0,0.0,0.0,0.0,0.0,0.0,0.0,20.0,0.0,0.0,0.0,0.0,0.0,0.0,9.1,0.0,0.0,0.0,0.0,0.0,0.0,10.0,0.0,0.0,0.0,0.0,0.0,0.0,0.0,0.0,44.4,0.0,0.0,0.0,0.0,0.0,10.0,0.0,0.0,0.0,0.0,0.0,0.0,0.0,100.0,0.0,0.0,0.0,20.0,0.0,0.0,0.0,33.3,0.0,4.4
1790496606.733,0.0,0.0,0.0,0.0,0.0,0.0,0.0,0.0,0.0,27.3,0.0,0.0,0.0,0.0,0.0,0.0,0.0,0.0,0.0,0.0,0.0,0.0,0.0,10.0,0.0,0.0,0.0,0.0,0.0,0.0,0.0,0.0,45.5,0.0,0.0,0.0,0.0,0.0,0.0,0.0,0.0,0.0,0.0,0.0,0.0,0.0,100.0,0.0,0.0,0.0,20.0,0.0,0.0,0.0,30.0,0.0,4.2
1790496606.833,0.0,0.0,0.0,0.0,0.0,0.0,0.0,0.0,0.0,20.0,0.0,0.0,0.0,0.0,0.0,0.0,0.0,0.0,0.0,0.0,0.0,0.0,0.0,20.0,0.0,0.0,0.0,0.0,0.0,0.0,0.0,0.0,50.0,0.0,0.0,0.0,0.0,0.0,0.0,0.0,0.0,0.0,0.0,0.0,0.0,9.1,100.0,0.0,0.0,0.0,30.0,0.0,0.0,0.0,40.0,0.0,4.8
1790496606.933,0.0,0.0,0.0,0.0,0.0,0.0,0.0,0.0,0.0,22.2,0.0,0.0,0.0,0.0,0.0,0.0,0.0,0.0,0.0,0.0,0.0,0.0,0.0,10.0,0.0,0.0,0.0,0.0,0.0,0.0,0.0,0.0,44.4,0.0,0.0,0.0,0.0,0.0,0.0,0.0,0.0,0.0,0.0,0.0,0.0,0.0,100.0,0.0,10.0,0.0,30.0,0.0,0.0,0.0,30.0,0.0,4.4
1790496607.033,0.0,0.0,0.0,0.0,0.0,0.0,0.0,0.0,0.0,27.3,0.0,0.0,0.0,0.0,0.0,0.0,0.0,0.0,0.0,0.0,0.0,0.0,0.0,10.0,0.0,0.0,0.0,0.0,0.0,0.0,0.0,0.0,45.5,0.0,0.0,0.0,0.0,0.0,0.0,0.0,0.0,0.0,0.0,0.0,0.0,0.0,100.0,0.0,0.0,0.0,20.0,0.0,0.0,0.0,36.4,0.0,4.3
1790496607.133,0.0,0.0,9.1,0.0,0.0,0.0,0.0,0.0,0.0,11.1,0.0,0.0,0.0,0.0,0.0,0.0,0.0,0.0,0.0,0.0,0.0,0.0,0.0,20.0,0.0,0.0,0.0,0.0,0.0,0.0,0.0,0.0,44.4,0.0,0.0,0.0,0.0,0.0,0.0,0.0,0.0,0.0,0.0,0.0,0.0,0.0,100.0,0.0,0.0,0.0,30.0,0.0,0.0,0.0,22.2,0.0,4.2
1790496607.234,0.0,0.0,0.0,0.0,0.0,0.0,0.0,0.0,0.0,30.0,0.0,0.0,0.0,0.0,0.0,0.0,0.0,0.0,0.0,0.0,0.0,0.0,0.0,10.0,0.0,0.0,0.0,0.0,0.0,0.0,0.0,0.0,50.0,0.0,0.0,0.0,0.0,0.0,0.0,0.0,0.0,0.0,0.0,0.0,0.0,0.0,100.0,0.0,0.0,0.0,11.1,0.0,0.0,0.0,40.0,0.0,4.3
1790496607.334,0.0,0.0,0.0,0.0,0.0,0.0,0.0,0.0,0.0,20.0,0.0,0.0,0.0,0.0,0.0,0.0,0.0,0.0,0.0,0.0,0.0,0.0,0.0,10.0,0.0,0.0,0.0,0.0,0.0,0.0,0.0,0.0,45.5,0.0,0.0,0.0,0.0,0.0,0.0,0.0,0.0,0.0,0.0,0.0,0.0,0.0,100.0,0.0,0.0,0.0,9.1,0.0,0.0,0.0,30.0,0.0,3.8
1790496607.434,0.0,0.0,9.1,0.0,0.0,0.0,0.0,0.0,0.0,10.0,0.0,0.0,0.0,0.0,0.0,0.0,0.0,0.0,0.0,0.0,0.0,0.0,0.0,18.2,0.0,0.0,0.0,0.0,0.0,0.0,0.0,0.0,44.4,0.0,0.0,0.0,9.1,11.1,0.0,0.0,0.0,0.0,0.0,0.0,0.0,0.0,100.0,0.0,0.0,0.0,10.0,0.0,0.0,0.0,40.0,0.0,4.5
1790496607.534,0.0,0.0,0.0,0.0,0.0,0.0,0.0,0.0,0.0,0.0,0.0,0.0,0.0,0.0,0.0,0.0,0.0,0.0,0.0,0.0,0.0,0.0,0.0,11.1,0.0,0.0,0.0,0.0,0.0,0.0,0.0,0.0,45.5,0.0,0.0,0.0,0.0,0.0,20.0,0.0,0.0,0.0,0.0,0.0,0.0,0.0,100.0,0.0,0.0,0.0,20.0,0.0,0.0,0.0,22.2,0.0,3.9
1790496607.634,0.0,0.0,0.0,0.0,0.0,0.0,0.0,0.0,0.0,10.0,0.0,0.0,0.0,0.0,0.0,0.0,0.0,0.0,0.0,0.0,0.0,0.0,0.0,10.0,0.0,0.0,0.0,0.0,0.0,0.0,0.0,0.0,44.4,0.0,0.0,0.0,0.0,0.0,10.0,0.0,0.0,0.0,0.0,0.0,0.0,0.0,100.0,0.0,0.0,0.0,33.3,0.0,0.0,0.0,41.7,0.0,4.5
1790496607.734,0.0,0.0,0.0,0.0,0.0,0.0,0.0,0.0,0.0,30.0,0.0,0.0,0.0,0.0,0.0,0.0,0.0,0.0,0.0,0.0,0.0,0.0,0.0,10.0,0.0,0.0,0.0,0.0,0.0,0.0,0.0,0.0,54.5,0.0,0.0,0.0,0.0,0.0,0.0,0.0,0.0,0.0,0.0,0.0,0.0,0.0,100.0,0.0,0.0,0.0,27.3,0.0,0.0,0.0,22.2,0.0,4.4
1790496607.834,0.0,0.0,0.0,0.0,0.0,0.0,0.0,0.0,0.0,27.3,0.0,0.0,0.0,0.0,0.0,0.0,0.0,0.0,0.0,0.0,0.0,0.0,0.0,20.0,0.0,0.0,0.0,0.0,0.0,0.0,0.0,0.0,40.0,0.0,0.0,0.0,0.0,0.0,0.0,0.0,0.0,0.0,0.0,0.0,0.0,0.0,100.0,0.0,0.0,0.0,30.0,0.0,0.0,0.0,40.0,0.0,4.6
1790496607.935,0.0,0.0,0.0,0.0,0.0,0.0,0.0,0.0,0.0,20.0,0.0,0.0,0.0,0.0,0.0,0.0,0.0,0.0,0.0,0.0,0.0,0.0,0.0,10.0,0.0,0.0,0.0,0.0,0.0,0.0,0.0,0.0,50.0,0.0,0.0,0.0,0.0,0.0,0.0,0.0,0.0,0.0,0.0,0.0,0.0,0.0,100.0,0.0,0.0,0.0,30.0,0.0,0.0,0.0,36.4,0.0,4.4
1790496608.035,0.0,0.0,0.0,0.0,0.0,0.0,0.0,0.0,0.0,20.0,0.0,0.0,0.0,0.0,0.0,0.0,0.0,0.0,0.0,0.0,0.0,0.0,0.0,18.2,0.0,0.0,0.0,0.0,0.0,0.0,0.0,0.0,50.0,0.0,0.0,0.0,0.0,0.0,0.0,0.0,0.0,0.0,0.0,0.0,0.0,0.0,100.0,0.0,0.0,0.0,20.0,0.0,0.0,0.0,33.3,0.0,4.3
1790496608.135,0.0,0.0,0.0,0.0,0.0,0.0,0.0,0.0,0.0,22.2,0.0,0.0,0.0,0.0,0.0,0.0,0.0,0.0,0.0,0.0,0.0,0.0,0.0,10.0,0.0,0.0,0.0,0.0,0.0,0.0,0.0,0.0,40.0,0.0,0.0,0.0,0.0,0.0,0.0,0.0,0.0,0.0,0.0,0.0,0.0,0.0,100.0,0.0,0.0,0.0,30.0,0.0,0.0,0.0,36.4,0.0,4.3
1790496608.235,0.0,0.0,0.0,0.0,0.0,0.0,0.0,0.0,0.0,27.3,0.0,0.0,0.0,0.0,0.0,0.0,0.0,0.0,0.0,0.0,0.0,0.0,0.0,11.1,0.0,0.0,0.0,9.1,0.0,0.0,0.0,0.0,44.4,0.0,0.0,0.0,0.0,0.0,0.0,0.0,0.0,0.0,0.0,0.0,0.0,0.0,100.0,0.0,0.0,0.0,22.2,0.0,0.0,0.0,33.3,0.0,4.4
1790496608.335,0.0,0.0,0.0,0.0,0.0,0.0,0.0,0.0,0.0,20.0,0.0,0.0,0.0,0.0,0.0,0.0,0.0,0.0,0.0,0.0,0.0,0.0,0.0,10.0,0.0,0.0,0.0,0.0,0.0,0.0,0.0,0.0,45.5,0.0,0.0,0.0,0.0,0.0,0.0,0.0,0.0,0.0,0.0,0.0,0.0,9.1,100.0,0.0,0.0,0.0,27.3,0.0,0.0,0.0,30.0,0.0,4.3
1790496608.435,0.0,0.0,0.0,0.0,0.0,0.0,0.0,0.0,0.0,0.0,0.0,0.0,0.0,0.0,0.0,0.0,0.0,0.0,0.0,0.0,0.0,0.0,0.0,10.0,0.0,0.0,0.0,0.0,0.0,0.0,0.0,0.0,50.0,0.0,0.0,0.0,0.0,20.0,0.0,0.0,0.0,0.0,0.0,0.0,0.0,0.0,100.0,0.0,0.0,0.0,20.0,0.0,0.0,0.0,40.0,0.0,4.3
1790496608.535,0.0,0.0,0.0,0.0,0.0,0.0,0.0,0.0,0.0,0.0,0.0,0.0,0.0,0.0,0.0,0.0,0.0,0.0,0.0,0.0,0.0,0.0,0.0,10.0,0.0,0.0,0.0,0.0,0.0,0.0,0.0,0.0,44.4,0.0,0.0,0.0,0.0,20.0,10.0,0.0,0.0,0.0,0.0,0.0,0.0,0.0,100.0,0.0,0.0,0.0,30.0,0.0,0.0,0.0,30.0,0.0,4.4
1790496608.636,0.0,0.0,0.0,0.0,0.0,0.0,0.0,0.0,0.0,0.0,0.0,0.0,0.0,0.0,0.0,0.0,0.0,0.0,0.0,0.0,0.0,0.0,0.0,20.0,0.0,0.0,0.0,0.0,0.0,0.0,0.0,0.0,45.5,0.0,0.0,0.0,0.0,20.0,0.0,0.0,0.0,0.0,0.0,0.0,0.0,0.0,100.0,0.0,0.0,0.0,22.2,0.0,0.0,0.0,40.0,0.0,4.4
1790496608.736,0.0,0.0,0.0,0.0,0.0,0.0,0.0,0.0,0.0,0.0,0.0,0.0,0.0,0.0,0.0,0.0,0.0,0.0,0.0,0.0,0.0,0.0,0.0,18.2,0.0,0.0,0.0,0.0,0.0,0.0,0.0,0.0,44.4,0.0,0.0,0.0,0.0,27.3,0.0,0.0,0.0,0.0,0.0,0.0,0.0,0.0,100.0,0.0,0.0,0.0,27.3,0.0,0.0,0.0,30.0,0.0,4.4
1790496608.836,0.0,9.1,0.0,0.0,0.0,0.0,0.0,0.0,0.0,0.0,0.0,0.0,0.0,0.0,0.0,0.0,0.0,0.0,0.0,0.0,0.0,0.0,0.0,10.0,0.0,0.0,0.0,0.0,0.0,0.0,0.0,0.0,50.0,0.0,0.0,0.0,0.0,11.1,0.0,0.0,0.0,0.0,0.0,0.0,0.0,0.0,100.0,0.0,0.0,0.0,30.0,0.0,0.0,0.0,44.4,0.0,4.5
1790496608.936,0.0,0.0,9.1,0.0,0.0,0.0,0.0,0.0,0.0,0.0,0.0,0.0,0.0,0.0,0.0,0.0,0.0,0.0,0.0,0.0,0.0,0.0,0.0,10.0,0.0,0.0,0.0,0.0,0.0,0.0,0.0,0.0,40.0,0.0,0.0,0.0,0.0,30.0,0.0,0.0,0.0,0.0,0.0,0.0,0.0,0.0,100.0,0.0,0.0,0.0,22.2,0.0,0.0,0.0,36.4,0.0,4.4
1790496609.036,0.0,0.0,0.0,0.0,0.0,0.0,0.0,0.0,0.0,0.0,0.0,0.0,0.0,0.0,0.0,0.0,0.0,0.0,0.0,0.0,0.0,0.0,0.0,0.0,0.0,0.0,0.0,0.0,0.0,0.0,0.0,0.0,40.0,0.0,0.0,0.0,0.0,20.0,0.0,0.0,0.0,0.0,0.0,0.0,0.0,0.0,100.0,0.0,9.1,0.0,30.0,0.0,0.0,0.0,30.0,0.0,4.1
1790496609.136,0.0,0.0,0.0,0.0,0.0,0.0,0.0,0.0,0.0,0.0,0.0,0.0,0.0,0.0,0.0,0.0,0.0,0.0,0.0,0.0,0.0,0.0,0.0,18.2,0.0,9.1,0.0,0.0,0.0,0.0,0.0,0.0,54.5,0.0,0.0,0.0,0.0,27.3,0.0,0.0,0.0,0.0,0.0,0.0,0.0,0.0,100.0,0.0,0.0,0.0,18.2,0.0,0.0,0.0,40.0,0.0,4.8
1790496609.236,0.0,0.0,0.0,0.0,0.0,0.0,0.0,0.0,0.0,0.0,0.0,0.0,0.0,0.0,0.0,0.0,0.0,0.0,0.0,0.0,0.0,0.0,0.0,10.0,0.0,0.0,0.0,0.0,0.0,0.0,0.0,0.0,44.4,0.0,0.0,0.0,0.0,22.2,0.0,0.0,0.0,0.0,0.0,0.0,0.0,0.0,100.0,0.0,0.0,0.0,22.2,0.0,0.0,0.0,40.0,0.0,4.3
1790496609.337,0.0,0.0,0.0,0.0,0.0,0.0,0.0,0.0,0.0,0.0,0.0,0.0,0.0,0.0,0.0,0.0,0.0,0.0,0.0,0.0,0.0,0.0,0.0,18.2,0.0,0.0,0.0,0.0,0.0,0.0,0.0,0.0,40.0,0.0,0.0,0.0,0.0,20.0,0.0,0.0,0.0,0.0,0.0,0.0,0.0,0.0,100.0,0.0,0.0,0.0,36.4,0.0,0.0,0.0,30.0,0.0,4.4
1790496609.437,0.0,0.0,0.0,0.0,0.0,0.0,0.0,0.0,0.0,0.0,0.0,0.0,0.0,0.0,0.0,0.0,0.0,0.0,0.0,0.0,0.0,0.0,0.0,20.0,0.0,0.0,0.0,0.0,0.0,0.0,0.0,0.0,54.5,0.0,0.0,0.0,0.0,20.0,0.0,0.0,0.0,0.0,0.0,0.0,0.0,0.0,100.0,0.0,0.0,0.0,20.0,0.0,0.0,0.0,30.0,0.0,4.4
1790496609.537,0.0,0.0,0.0,0.0,0.0,0.0,0.0,0.0,0.0,0.0,0.0,0.0,0.0,0.0,0.0,0.0,0.0,0.0,0.0,0.0,0.0,0.0,0.0,10.0,0.0,0.0,0.0,0.0,0.0,0.0,0.0,0.0,44.4,0.0,0.0,0.0,0.0,20.0,0.0,0.0,0.0,0.0,0.0,0.0,0.0,0.0,100.0,0.0,0.0,0.0,30.0,0.0,0.0,0.0,30.0,0.0,4.2
1790496609.637,0.0,0.0,0.0,0.0,0.0,0.0,0.0,0.0,0.0,0.0,0.0,0.0,0.0,0.0,0.0,0.0,0.0,0.0,0.0,0.0,0.0,0.0,0.0,10.0,0.0,0.0,0.0,0.0,0.0,0.0,0.0,0.0,40.0,0.0,0.0,0.0,16.7,27.3,0.0,0.0,0.0,0.0,0.0,0.0,0.0,0.0,100.0,0.0,0.0,0.0,22.2,0.0,0.0,0.0,40.0,0.0,4.6
1790496609.737,0.0,0.0,0.0,0.0,0.0,0.0,0.0,0.0,0.0,0.0,0.0,0.0,0.0,0.0,0.0,0.0,0.0,0.0,0.0,0.0,0.0,0.0,0.0,11.1,0.0,0.0,0.0,0.0,0.0,0.0,0.0,0.0,54.5,0.0,0.0,0.0,0.0,12.5,0.0,0.0,0.0,0.0,0.0,0.0,0.0,0.0,100.0,0.0,0.0,0.0,27.3,0.0,0.0,0.0,30.0,0.0,4.2
1790496609.837,0.0,0.0,0.0,0.0,0.0,0.0,0.0,0.0,0.0,0.0,0.0,0.0,0.0,0.0,0.0,0.0,0.0,0.0,0.0,0.0,0.0,0.0,0.0,18.2,0.0,0.0,0.0,0.0,0.0,0.0,0.0,0.0,40.0,0.0,0.0,0.0,0.0,27.3,0.0,0.0,0.0,0.0,0.0,0.0,0.0,0.0,100.0,0.0,0.0,0.0,20.0,0.0,0.0,0.0,40.0,0.0,4.4
1790496609.937,0.0,0.0,0.0,0.0,0.0,0.0,0.0,0.0,0.0,0.0,0.0,0.0,0.0,0.0,0.0,0.0,0.0,0.0,0.0,0.0,0.0,0.0,0.0,10.0,0.0,0.0,0.0,0.0,0.0,0.0,0.0,0.0,50.0,0.0,0.0,0.0,0.0,20.0,0.0,0.0,0.0,0.0,0.0,0.0,0.0,0.0,100.0,0.0,0.0,0.0,30.0,0.0,0.0,0.0,30.0,0.0,4.3
1790496610.038,0.0,0.0,0.0,0.0,0.0,0.0,0.0,0.0,0.0,0.0,0.0,0.0,0.0,0.0,0.0,0.0,0.0,0.0,0.0,0.0,0.0,0.0,0.0,10.0,0.0,0.0,0.0,0.0,0.0,0.0,0.0,0.0,50.0,0.0,0.0,0.0,0.0,27.3,0.0,0.0,0.0,0.0,0.0,0.0,0.0,0.0,100.0,0.0,0.0,0.0,30.0,0.0,0.0,0.0,33.3,0.0,4.5
1790496610.138,0.0,0.0,0.0,0.0,0.0,0.0,0.0,0.0,0.0,0.0,0.0,0.0,0.0,0.0,0.0,0.0,0.0,0.0,0.0,0.0,0.0,0.0,0.0,11.1,0.0,0.0,0.0,0.0,0.0,0.0,0.0,0.0,40.0,0.0,0.0,0.0,0.0,22.2,0.0,0.0,0.0,0.0,0.0,0.0,0.0,0.0,100.0,0.0,0.0,0.0,30.0,0.0,0.0,0.0,36.4,0.0,4.3
1790496610.238,0.0,0.0,0.0,0.0,0.0,0.0,0.0,0.0,0.0,0.0,0.0,0.0,0.0,0.0,0.0,0.0,0.0,0.0,0.0,0.0,0.0,0.0,0.0,30.0,0.0,0.0,0.0,0.0,0.0,0.0,0.0,0.0,50.0,9.1,0.0,0.0,0.0,20.0,0.0,0.0,0.0,0.0,0.0,0.0,0.0,0.0,100.0,0.0,0.0,0.0,33.3,0.0,0.0,0.0,30.0,0.0,4.9
1790496610.338,0.0,0.0,0.0,0.0,0.0,0.0,0.0,0.0,0.0,0.0,0.0,0.0,0.0,0.0,0.0,0.0,0.0,0.0,0.0,0.0,0.0,0.0,0.0,90.0,0.0,0.0,0.0,0.0,0.0,0.0,0.0,0.0,50.0,0.0,0.0,0.0,0.0,30.0,0.0,0.0,0.0,0.0,0.0,0.0,0.0,10.0,100.0,0.0,0.0,0.0,18.2,0.0,0.0,0.0,33.3,0.0,5.9
1790496610.438,0.0,0.0,0.0,0.0,0.0,0.0,0.0,0.0,0.0,0.0,0.0,0.0,0.0,0.0,0.0,0.0,0.0,0.0,0.0,0.0,0.0,0.0,0.0,77.8,0.0,0.0,0.0,0.0,0.0,0.0,0.0,0.0,40.0,0.0,0.0,0.0,0.0,27.3,0.0,0.0,0.0,0.0,0.0,0.0,0.0,0.0,100.0,0.0,0.0,0.0,30.0,0.0,0.0,0.0,36.4,0.0,5.6
1790496610.538,0.0,0.0,9.1,0.0,0.0,0.0,0.0,0.0,0.0,0.0,0.0,0.0,0.0,0.0,0.0,0.0,0.0,0.0,0.0,0.0,0.0,0.0,0.0,81.8,0.0,0.0,0.0,0.0,0.0,0.0,0.0,0.0,50.0,0.0,0.0,0.0,0.0,22.2,0.0,0.0,0.0,0.0,0.0,0.0,0.0,0.0,100.0,0.0,0.0,0.0,22.2,0.0,0.0,0.0,40.0,0.0,5.8
1790496610.638,0.0,0.0,0.0,0.0,0.0,0.0,0.0,0.0,0.0,0.0,0.0,0.0,0.0,0.0,0.0,0.0,0.0,0.0,0.0,0.0,0.0,0.0,0.0,66.7,0.0,0.0,0.0,0.0,0.0,0.0,0.0,0.0,40.0,0.0,0.0,0.0,0.0,20.0,0.0,0.0,0.0,0.0,0.0,0.0,0.0,0.0,100.0,0.0,0.0,0.0,27.3,0.0,0.0,0.0,45.5,0.0,5.3
1790496610.739,0.0,0.0,0.0,0.0,0.0,0.0,0.0,0.0,0.0,16.7,0.0,0.0,0.0,0.0,0.0,0.0,0.0,0.0,0.0,0.0,0.0,0.0,0.0,90.0,0.0,0.0,0.0,0.0,0.0,0.0,0.0,0.0,50.0,0.0,0.0,0.0,0.0,20.0,0.0,0.0,0.0,0.0,0.0,0.0,0.0,0.0,100.0,0.0,0.0,0.0,20.0,0.0,0.0,0.0,33.3,0.0,5.9
1790496610.839,0.0,10.0,0.0,0.0,0.0,0.0,0.0,0.0,0.0,22.2,0.0,0.0,0.0,0.0,0.0,0.0,0.0,0.0,0.0,0.0,0.0,0.0,0.0,83.3,0.0,0.0,0.0,0.0,0.0,0.0,0.0,0.0,44.4,0.0,0.0,0.0,0.0,0.0,0.0,0.0,0.0,0.0,0.0,0.0,0.0,0.0,100.0,0.0,0.0,0.0,20.0,0.0,0.0,0.0,30.0,0.0,5.5
1790496610.939,0.0,0.0,0.0,0.0,0.0,0.0,0.0,0.0,0.0,11.1,0.0,0.0,0.0,0.0,0.0,0.0,0.0,0.0,0.0,0.0,0.0,0.0,0.0,100.0,0.0,0.0,0.0,0.0,0.0,0.0,0.0,0.0,50.0,0.0,0.0,0.0,0.0,0.0,0.0,0.0,0.0,0.0,0.0,0.0,0.0,0.0,100.0,0.0,0.0,0.0,30.0,0.0,0.0,0.0,45.5,0.0,6.0
1790496611.039,0.0,0.0,0.0,0.0,0.0,0.0,0.0,0.0,0.0,33.3,0.0,0.0,0.0,0.0,11.1,0.0,10.0,0.0,0.0,10.0,0.0,0.0,0.0,10.0,0.0,0.0,0.0,9.1,0.0,0.0,0.0,0.0,44.4,0.0,0.0,0.0,0.0,0.0,0.0,0.0,0.0,0.0,0.0,10.0,9.1,8.3,100.0,0.0,10.0,0.0,27.3,0.0,0.0,10.0,33.3,9.1,6.2
1790496611.139,0.0,0.0,0.0,0.0,0.0,0.0,0.0,0.0,0.0,11.1,0.0,0.0,0.0,0.0,9.1,0.0,10.0,0.0,0.0,0.0,0.0,18.2,0.0,10.0,10.0,0.0,0.0,10.0,0.0,0.0,0.0,0.0,50.0,0.0,0.0,0.0,0.0,0.0,0.0,0.0,0.0,0.0,0.0,10.0,10.0,0.0,100.0,0.0,10.0,0.0,30.0,0.0,10.0,0.0,33.3,10.0,6.1
1790496611.239,0.0,0.0,0.0,0.0,0.0,0.0,0.0,0.0,0.0,30.0,0.0,0.0,0.0,0.0,11.1,0.0,11.1,0.0,0.0,10.0,0.0,20.0,0.0,11.1,20.0,0.0,0.0,11.1,0.0,0.0,0.0,0.0,40.0,0.0,0.0,0.0,9.1,0.0,0.0,0.0,0.0,0.0,0.0,10.0,20.0,36.4,100.0,0.0,11.1,0.0,30.0,0.0,30.0,18.2,36.4,20.0,8.7
1790496611.339,0.0,0.0,0.0,0.0,0.0,0.0,0.0,0.0,0.0,20.0,0.0,0.0,0.0,0.0,20.0,0.0,20.0,0.0,0.0,20.0,0.0,10.0,0.0,18.2,20.0,0.0,0.0,10.0,0.0,0.0,0.0,0.0,50.0,0.0,0.0,0.0,0.0,0.0,0.0,0.0,0.0,0.0,0.0,20.0,20.0,30.0,100.0,9.1,0.0,0.0,22.2,0.0,20.0,11.1,33.3,30.0,8.6
1790496611.440,0.0,0.0,0.0,0.0,0.0,0.0,0.0,0.0,0.0,10.0,0.0,0.0,0.0,0.0,20.0,0.0,10.0,0.0,0.0,20.0,0.0,20.0,0.0,11.1,10.0,0.0,0.0,11.1,0.0,0.0,0.0,0.0,45.5,0.0,0.0,0.0,0.0,20.0,0.0,0.0,0.0,0.0,0.0,20.0,20.0,22.2,100.0,0.0,0.0,27.3,20.0,0.0,11.1,20.0,33.3,27.3,8.6
1790496611.540,0.0,0.0,0.0,0.0,0.0,0.0,0.0,0.0,0.0,0.0,0.0,0.0,0.0,0.0,18.2,0.0,20.0,0.0,0.0,18.2,0.0,20.0,0.0,27.3,20.0,0.0,0.0,20.0,0.0,0.0,0.0,0.0,50.0,0.0,0.0,0.0,0.0,11.1,0.0,0.0,0.0,0.0,0.0,18.2,30.0,11.1,100.0,0.0,0.0,20.0,20.0,0.0,20.0,20.0,45.5,22.2,9.1
1790496611.640,0.0,0.0,0.0,0.0,0.0,0.0,0.0,0.0,0.0,0.0,0.0,0.0,0.0,0.0,0.0,0.0,10.0,0.0,0.0,0.0,0.0,0.0,0.0,0.0,10.0,0.0,0.0,10.0,0.0,0.0,0.0,0.0,44.4,0.0,0.0,0.0,0.0,27.3,0.0,0.0,0.0,0.0,0.0,0.0,11.1,10.0,100.0,0.0,10.0,9.1,27.3,0.0,10.0,0.0,30.0,0.0,5.5
1790496611.740,22.2,0.0,0.0,0.0,0.0,0.0,0.0,0.0,0.0,0.0,0.0,0.0,0.0,0.0,0.0,0.0,20.0,0.0,0.0,11.1,0.0,20.0,0.0,20.0,11.1,0.0,0.0,25.0,0.0,0.0,0.0,0.0,45.5,0.0,0.0,0.0,0.0,30.0,0.0,0.0,0.0,0.0,0.0,20.0,22.2,18.2,100.0,0.0,11.1,20.0,0.0,0.0,20.0,20.0,40.0,20.0,8.9
1790496611.840,11.1,9.1,0.0,0.0,0.0,0.0,0.0,0.0,0.0,0.0,0.0,0.0,0.0,0.0,0.0,0.0,10.0,0.0,0.0,20.0,0.0,27.3,0.0,20.0,18.2,0.0,0.0,20.0,0.0,0.0,0.0,0.0,44.4,0.0,0.0,0.0,0.0,27.3,0.0,0.0,0.0,0.0,0.0,20.0,30.0,0.0,100.0,0.0,20.0,11.1,30.0,0.0,22.2,11.1,40.0,27.3,9.3
1790496611.940,27.3,0.0,0.0,0.0,0.0,0.0,0.0,0.0,0.0,0.0,0.0,0.0,0.0,0.0,20.0,0.0,27.3,0.0,0.0,18.2,0.0,18.2,0.0,18.2,20.0,0.0,0.0,20.0,0.0,0.0,0.0,0.0,50.0,0.0,0.0,0.0,0.0,22.2,0.0,0.0,0.0,0.0,0.0,20.0,20.0,0.0,100.0,0.0,11.1,20.0,27.3,0.0,33.3,18.2,40.0,11.1,9.7
1790496612.040,22.2,0.0,9.1,0.0,0.0,0.0,0.0,0.0,0.0,0.0,0.0,0.0,0.0,0.0,27.3,0.0,11.1,0.0,0.0,11.1,0.0,11.1,0.0,20.0,11.1,0.0,0.0,20.0,0.0,0.0,10.0,0.0,45.5,0.0,0.0,0.0,0.0,27.3,0.0,0.0,0.0,0.0,0.0,10.0,11.1,0.0,100.0,0.0,0.0,11.1,10.0,0.0,30.0,20.0,30.0,20.0,8.4
1790496612.141,20.0,0.0,0.0,0.0,0.0,0.0,0.0,0.0,0.0,0.0,0.0,0.0,0.0,0.0,10.0,9.1,10.0,0.0,0.0,10.0,0.0,10.0,0.0,0.0,9.1,0.0,0.0,0.0,0.0,0.0,10.0,0.0,50.0,0.0,0.0,0.0,0.0,22.2,0.0,0.0,0.0,0.0,0.0,10.0,10.0,0.0,100.0,0.0,8.3,9.1,0.0,0.0,10.0,10.0,36.4,10.0,6.5
1790496612.241,22.2,0.0,0.0,0.0,0.0,0.0,0.0,0.0,0.0,0.0,0.0,0.0,0.0,0.0,30.0,0.0,10.0,0.0,0.0,10.0,0.0,0.0,0.0,20.0,20.0,0.0,0.0,20.0,0.0,0.0,20.0,0.0,44.4,0.0,0.0,0.0,0.0,20.0,0.0,0.0,0.0,0.0,0.0,20.0,20.0,0.0,100.0,0.0,0.0,11.1,0.0,0.0,20.0,10.0,40.0,11.1,8.0
1790496612.341,30.0,0.0,0.0,0.0,0.0,0.0,0.0,0.0,0.0,0.0,0.0,0.0,0.0,0.0,30.0,0.0,0.0,0.0,0.0,20.0,0.0,20.0,0.0,20.0,20.0,0.0,0.0,0.0,0.0,0.0,20.0,0.0,40.0,0.0,0.0,0.0,0.0,20.0,0.0,0.0,0.0,0.0,0.0,18.2,20.0,0.0,100.0,20.0,18.2,20.0,0.0,0.0,27.3,11.1,33.3,20.0,9.1
1790496612.441,20.0,0.0,0.0,0.0,0.0,0.0,0.0,0.0,0.0,0.0,0.0,0.0,0.0,0.0,11.1,0.0,0.0,0.0,0.0,11.1,0.0,20.0,0.0,22.2,11.1,0.0,0.0,0.0,0.0,0.0,18.2,0.0,50.0,0.0,0.0,0.0,0.0,30.0,0.0,0.0,0.0,0.0,0.0,11.1,27.3,0.0,100.0,10.0,11.1,20.0,0.0,0.0,11.1,11.1,36.4,22.2,8.1
1790496612.541,30.0,0.0,0.0,0.0,0.0,0.0,0.0,0.0,0.0,10.0,0.0,0.0,0.0,0.0,0.0,0.0,0.0,0.0,0.0,20.0,0.0,11.1,0.0,20.0,18.2,40.0,0.0,0.0,0.0,0.0,20.0,0.0,45.5,0.0,0.0,0.0,0.0,10.0,0.0,0.0,0.0,0.0,0.0,11.1,20.0,20.0,100.0,20.0,11.1,20.0,0.0,0.0,22.2,27.3,11.1,27.3,9.2
1790496612.641,33.3,0.0,9.1,0.0,0.0,0.0,0.0,0.0,0.0,18.2,0.0,0.0,0.0,0.0,0.0,0.0,0.0,0.0,0.0,10.0,0.0,10.0,0.0,0.0,10.0,45.5,0.0,0.0,0.0,0.0,10.0,0.0,50.0,0.0,0.0,0.0,0.0,0.0,0.0,0.0,0.0,0.0,0.0,10.0,10.0,9.1,100.0,10.0,27.3,10.0,0.0,0.0,10.0,10.0,18.2,11.1,7.5
1790496612.741,22.2,0.0,0.0,0.0,0.0,0.0,0.0,0.0,0.0,0.0,0.0,0.0,0.0,0.0,18.2,0.0,0.0,0.0,0.0,10.0,0.0,20.0,0.0,0.0,10.0,33.3,0.0,0.0,0.0,0.0,11.1,0.0,44.4,0.0,0.0,0.0,0.0,0.0,0.0,0.0,0.0,0.0,0.0,10.0,11.1,20.0,100.0,11.1,10.0,18.2,0.0,0.0,30.0,20.0,11.1,27.3,7.8
1790496612.842,20.0,0.0,0.0,0.0,0.0,0.0,0.0,0.0,0.0,11.1,0.0,0.0,0.0,0.0,33.3,20.0,0.0,0.0,0.0,25.0,0.0,20.0,0.0,10.0,11.1,50.0,0.0,0.0,0.0,0.0,20.0,0.0,40.0,0.0,0.0,0.0,0.0,0.0,0.0,0.0,0.0,0.0,0.0,27.3,30.0,11.1,100.0,20.0,27.3,30.0,0.0,0.0,20.0,27.3,18.2,30.0,10.7
1790496612.942,0.0,0.0,0.0,0.0,0.0,0.0,0.0,0.0,0.0,30.0,0.0,0.0,0.0,0.0,22.2,27.3,9.1,0.0,0.0,0.0,0.0,10.0,0.0,10.0,20.0,33.3,0.0,0.0,0.0,0.0,11.1,0.0,50.0,0.0,0.0,0.0,0.0,0.0,0.0,0.0,0.0,0.0,0.0,20.0,22.2,20.0,100.0,20.0,11.1,20.0,0.0,0.0,11.1,20.0,20.0,22.2,9.1
1790496613.042,20.0,0.0,0.0,0.0,0.0,0.0,0.0,0.0,0.0,20.0,0.0,0.0,0.0,0.0,27.3,11.1,0.0,0.0,0.0,0.0,0.0,0.0,0.0,10.0,20.0,40.0,0.0,0.0,0.0,0.0,18.2,0.0,44.4,0.0,0.0,0.0,0.0,0.0,0.0,0.0,0.0,0.0,0.0,11.1,10.0,20.0,100.0,18.2,20.0,10.0,0.0,0.0,18.2,20.0,11.1,30.0,8.6
1790496613.142,0.0,0.0,0.0,0.0,0.0,0.0,0.0,0.0,0.0,30.0,0.0,0.0,0.0,0.0,0.0,18.2,0.0,0.0,0.0,0.0,0.0,0.0,9.1,10.0,9.1,30.0,9.1,0.0,0.0,0.0,10.0,0.0,45.5,0.0,0.0,0.0,0.0,0.0,0.0,0.0,0.0,0.0,0.0,10.0,10.0,9.1,100.0,10.0,10.0,10.0,0.0,0.0,0.0,10.0,10.0,0.0,6.2
1790496613.242,20.0,0.0,0.0,0.0,0.0,0.0,0.0,0.0,0.0,20.0,0.0,0.0,0.0,0.0,20.0,30.0,0.0,0.0,0.0,0.0,0.0,0.0,0.0,11.1,20.0,40.0,0.0,0.0,0.0,0.0,20.0,0.0,50.0,0.0,0.0,0.0,0.0,0.0,0.0,0.0,0.0,0.0,0.0,20.0,11.1,18.2,100.0,0.0,0.0,10.0,0.0,0.0,20.0,11.1,18.2,27.3,8.3
1790496613.342,11.1,0.0,0.0,0.0,0.0,0.0,0.0,0.0,0.0,20.0,0.0,0.0,0.0,0.0,10.0,20.0,0.0,0.0,0.0,0.0,0.0,0.0,0.0,27.3,20.0,50.0,0.0,0.0,0.0,0.0,20.0,0.0,44.4,0.0,0.0,0.0,0.0,0.0,0.0,0.0,0.0,0.0,0.0,18.2,20.0,20.0,100.0,20.0,10.0,11.1,0.0,0.0,11.1,20.0,11.1,36.4,8.9
1790496613.443,20.0,0.0,0.0,0.0,0.0,0.0,0.0,0.0,0.0,10.0,0.0,0.0,0.0,0.0,10.0,11.1,11.1,0.0,0.0,0.0,0.0,0.0,0.0,20.0,11.1,33.3,0.0,0.0,0.0,0.0,10.0,0.0,45.5,0.0,0.0,0.0,0.0,10.0,0.0,0.0,0.0,0.0,0.0,20.0,11.1,11.1,100.0,20.0,10.0,20.0,0.0,0.0,20.0,20.0,18.2,12.5,8.1
1790496613.543,22.2,0.0,9.1,0.0,0.0,0.0,0.0,0.0,0.0,0.0,0.0,0.0,0.0,0.0,22.2,18.2,30.0,0.0,0.0,0.0,0.0,0.0,0.0,11.1,20.0,40.0,0.0,0.0,0.0,0.0,20.0,0.0,50.0,0.0,0.0,0.0,0.0,30.0,0.0,0.0,0.0,0.0,0.0,20.0,27.3,10.0,100.0,18.2,20.0,10.0,0.0,0.0,11.1,27.3,11.1,18.2,9.7
1790496613.643,0.0,0.0,0.0,0.0,45.5,0.0,0.0,0.0,0.0,0.0,0.0,0.0,0.0,0.0,9.1,10.0,30.0,0.0,0.0,0.0,0.0,0.0,0.0,10.0,18.2,40.0,0.0,0.0,0.0,0.0,0.0,0.0,0.0,0.0,0.0,0.0,16.7,20.0,0.0,0.0,0.0,0.0,0.0,0.0,10.0,10.0,100.0,0.0,0.0,9.1,0.0,0.0,10.0,0.0,10.0,10.0,6.4
1790496613.743,20.0,0.0,0.0,0.0,50.0,0.0,0.0,0.0,0.0,0.0,0.0,0.0,0.0,0.0,20.0,11.1,20.0,0.0,0.0,0.0,0.0,0.0,0.0,10.0,20.0,40.0,0.0,0.0,0.0,0.0,20.0,0.0,0.0,0.0,0.0,0.0,0.0,22.2,0.0,0.0,0.0,0.0,0.0,20.0,11.1,20.0,100.0,20.0,20.0,0.0,0.0,0.0,11.1,20.0,10.0,20.0,8.7
1790496613.843,20.0,0.0,0.0,0.0,45.5,0.0,0.0,0.0,0.0,0.0,0.0,0.0,0.0,0.0,20.0,18.2,20.0,0.0,0.0,0.0,0.0,0.0,0.0,11.1,11.1,50.0,0.0,16.7,0.0,0.0,10.0,0.0,0.0,0.0,0.0,0.0,0.0,27.3,9.1,0.0,0.0,0.0,0.0,20.0,20.0,18.2,100.0,10.0,10.0,10.0,0.0,0.0,20.0,11.1,20.0,30.0,9.4
1790496613.943,11.1,0.0,0.0,0.0,44.4,0.0,0.0,0.0,0.0,0.0,0.0,0.0,0.0,0.0,20.0,11.1,30.0,0.0,0.0,0.0,0.0,0.0,0.0,20.0,27.3,30.0,0.0,0.0,0.0,0.0,20.0,0.0,0.0,0.0,0.0,0.0,0.0,30.0,0.0,0.0,0.0,0.0,0.0,18.2,20.0,20.0,100.0,20.0,20.0,0.0,0.0,0.0,20.0,20.0,11.1,25.0,9.3
1790496614.043,22.2,0.0,0.0,0.0,44.4,0.0,0.0,0.0,0.0,0.0,0.0,0.0,0.0,0.0,22.2,20.0,30.0,0.0,0.0,0.0,0.0,0.0,0.0,18.2,20.0,40.0,0.0,0.0,0.0,0.0,20.0,0.0,0.0,0.0,0.0,0.0,0.0,22.2,0.0,0.0,0.0,0.0,0.0,11.1,20.0,11.1,100.0,11.1,20.0,0.0,0.0,0.0,11.1,20.0,20.0,18.2,9.0
1790496614.144,0.0,0.0,0.0,0.0,45.5,0.0,0.0,0.0,0.0,0.0,0.0,0.0,0.0,0.0,18.2,10.0,20.0,0.0,0.0,0.0,0.0,0.0,0.0,0.0,10.0,40.0,0.0,0.0,0.0,0.0,0.0,0.0,0.0,0.0,0.0,0.0,0.0,27.3,0.0,0.0,0.0,0.0,0.0,10.0,10.0,9.1,100.0,9.1,0.0,0.0,0.0,0.0,10.0,10.0,0.0,10.0,6.1
1790496614.244,20.0,0.0,0.0,0.0,44.4,0.0,0.0,0.0,0.0,0.0,0.0,0.0,0.0,0.0,22.2,20.0,30.0,0.0,0.0,0.0,0.0,0.0,0.0,20.0,10.0,80.0,0.0,0.0,0.0,0.0,10.0,0.0,0.0,0.0,0.0,0.0,0.0,20.0,0.0,0.0,0.0,0.0,0.0,20.0,20.0,20.0,100.0,11.1,20.0,0.0,0.0,0.0,20.0,20.0,20.0,11.1,9.6
1790496614.344,20.0,0.0,0.0,0.0,45.5,0.0,0.0,0.0,0.0,0.0,0.0,0.0,0.0,0.0,27.3,18.2,20.0,0.0,0.0,0.0,0.0,0.0,0.0,10.0,20.0,90.9,0.0,10.0,0.0,0.0,20.0,0.0,0.0,0.0,0.0,0.0,0.0,22.2,0.0,0.0,0.0,0.0,0.0,20.0,12.5,10.0,100.0,11.1,27.3,0.0,0.0,0.0,18.2,27.3,20.0,18.2,10.2
1790496614.444,20.0,0.0,0.0,0.0,50.0,0.0,0.0,0.0,0.0,0.0,0.0,0.0,0.0,0.0,20.0,20.0,30.0,0.0,0.0,11.1,10.0,0.0,0.0,20.0,11.1,100.0,0.0,0.0,0.0,0.0,27.3,0.0,0.0,0.0,0.0,0.0,0.0,30.0,0.0,0.0,0.0,0.0,0.0,18.2,30.0,10.0,100.0,20.0,20.0,0.0,10.0,0.0,11.1,11.1,22.2,22.2,11.1
1790496614.544,22.2,0.0,0.0,0.0,44.4,0.0,0.0,0.0,0.0,0.0,0.0,0.0,0.0,0.0,20.0,11.1,0.0,9.1,0.0,90.0,10.0,9.1,88.9,11.1,20.0,100.0,0.0,10.0,0.0,0.0,20.0,18.2,0.0,0.0,0.0,0.0,0.0,27.3,0.0,0.0,0.0,0.0,0.0,20.0,20.0,90.0,100.0,27.3,22.2,10.0,10.0,0.0,22.2,18.2,30.0,100.0,17.5
1790496614.644,30.0,0.0,9.1,0.0,45.5,0.0,0.0,0.0,0.0,0.0,0.0,0.0,0.0,0.0,10.0,10.0,0.0,9.1,0.0,40.0,0.0,0.0,36.4,10.0,20.0,60.0,0.0,0.0,0.0,0.0,10.0,0.0,0.0,0.0,0.0,0.0,0.0,22.2,0.0,0.0,0.0,0.0,0.0,0.0,0.0,40.0,100.0,0.0,10.0,10.0,0.0,0.0,10.0,10.0,9.1,40.0,9.7
1790496614.745,22.2,0.0,9.1,0.0,50.0,0.0,0.0,0.0,0.0,0.0,0.0,0.0,0.0,0.0,10.0,18.2,0.0,0.0,0.0,0.0,0.0,0.0,0.0,18.2,18.2,0.0,0.0,12.5,0.0,0.0,10.0,11.1,0.0,0.0,0.0,0.0,20.0,9.1,0.0,0.0,0.0,0.0,0.0,20.0,20.0,0.0,100.0,18.2,22.2,10.0,0.0,0.0,10.0,10.0,11.1,0.0,7.7
1790496614.845,20.0,9.1,0.0,0.0,44.4,0.0,0.0,0.0,0.0,0.0,0.0,0.0,0.0,0.0,20.0,20.0,0.0,0.0,0.0,0.0,0.0,0.0,0.0,11.1,20.0,20.0,0.0,36.4,0.0,0.0,20.0,18.2,0.0,0.0,0.0,0.0,10.0,0.0,0.0,18.2,0.0,0.0,0.0,18.2,11.1,0.0,100.0,20.0,20.0,22.2,0.0,0.0,20.0,11.1,20.0,10.0,9.3
1790496614.945,33.3,0.0,0.0,0.0,45.5,0.0,0.0,0.0,0.0,0.0,0.0,0.0,0.0,0.0,20.0,11.1,0.0,0.0,0.0,0.0,0.0,0.0,0.0,10.0,11.1,25.0,0.0,45.5,0.0,0.0,11.1,11.1,0.0,0.0,0.0,0.0,0.0,0.0,20.0,18.2,0.0,0.0,0.0,20.0,20.0,0.0,100.0,18.2,9.1,10.0,10.0,0.0,20.0,11.1,10.0,22.2,9.2
1790496615.045,22.2,0.0,0.0,0.0,50.0,0.0,0.0,0.0,0.0,0.0,0.0,0.0,0.0,0.0,10.0,20.0,0.0,0.0,0.0,0.0,0.0,0.0,0.0,20.0,20.0,20.0,0.0,33.3,0.0,0.0,27.3,20.0,0.0,0.0,0.0,0.0,0.0,9.1,10.0,0.0,0.0,0.0,0.0,20.0,20.0,0.0,100.0,20.0,0.0,20.0,33.3,0.0,20.0,20.0,20.0,20.0,9.9
1790496615.145,20.0,0.0,0.0,0.0,40.0,0.0,0.0,0.0,0.0,0.0,0.0,0.0,0.0,0.0,10.0,0.0,0.0,0.0,0.0,0.0,0.0,0.0,0.0,10.0,10.0,0.0,0.0,44.4,0.0,0.0,10.0,10.0,0.0,0.0,0.0,0.0,0.0,0.0,0.0,0.0,0.0,0.0,0.0,10.0,10.0,0.0,100.0,0.0,18.2,10.0,0.0,18.2,10.0,0.0,10.0,10.0,6.3
1790496615.245,30.0,0.0,0.0,0.0,60.0,9.1,0.0,0.0,0.0,0.0,0.0,0.0,0.0,0.0,11.1,18.2,0.0,0.0,0.0,0.0,0.0,0.0,0.0,11.1,20.0,11.1,0.0,36.4,0.0,0.0,10.0,10.0,0.0,0.0,0.0,0.0,0.0,0.0,0.0,0.0,0.0,0.0,0.0,20.0,20.0,0.0,100.0,20.0,10.0,20.0,18.2,0.0,20.0,20.0,18.2,22.2,9.2
1790496615.345,40.0,0.0,0.0,0.0,10.0,50.0,0.0,0.0,0.0,0.0,0.0,0.0,0.0,0.0,27.3,20.0,0.0,0.0,0.0,0.0,0.0,0.0,0.0,18.2,20.0,20.0,0.0,50.0,0.0,0.0,20.0,20.0,0.0,0.0,0.0,11.1,0.0,0.0,0.0,0.0,0.0,0.0,0.0,18.2,20.0,10.0,100.0,9.1,11.1,10.0,11.1,0.0,20.0,0.0,0.0,30.0,9.8
1790496615.445,30.0,0.0,0.0,0.0,0.0,44.4,9.1,0.0,0.0,0.0,0.0,0.0,0.0,0.0,20.0,20.0,0.0,18.2,0.0,0.0,0.0,0.0,0.0,11.1,11.1,20.0,0.0,44.4,0.0,0.0,20.0,11.1,0.0,0.0,0.0,30.0,0.0,0.0,0.0,0.0,0.0,0.0,0.0,27.3,20.0,18.2,100.0,0.0,20.0,11.1,20.0,0.0,11.1,0.0,0.0,20.0,9.6
1790496615.546,33.3,0.0,0.0,0.0,0.0,40.0,0.0,0.0,0.0,0.0,0.0,0.0,0.0,0.0,0.0,20.0,0.0,18.2,0.0,0.0,0.0,0.0,0.0,18.2,18.2,20.0,0.0,40.0,0.0,0.0,11.1,20.0,0.0,0.0,0.0,27.3,0.0,0.0,0.0,0.0,0.0,0.0,0.0,11.1,20.0,20.0,100.0,0.0,10.0,11.1,20.0,0.0,27.3,10.0,0.0,27.3,9.3
1790496615.646,30.0,0.0,0.0,0.0,0.0,50.0,0.0,0.0,0.0,0.0,0.0,0.0,0.0,0.0,0.0,0.0,0.0,10.0,0.0,0.0,0.0,0.0,0.0,0.0,10.0,9.1,0.0,40.0,0.0,0.0,10.0,9.1,0.0,0.0,0.0,20.0,0.0,0.0,0.0,0.0,0.0,0.0,0.0,10.0,10.0,0.0,100.0,0.0,0.0,10.0,9.1,0.0,0.0,10.0,0.0,10.0,6.2
1790496615.746,22.2,0.0,0.0,0.0,0.0,50.0,0.0,0.0,9.1,0.0,0.0,9.1,0.0,0.0,27.3,10.0,0.0,20.0,0.0,0.0,0.0,0.0,0.0,20.0,11.1,11.1,0.0,40.0,0.0,0.0,10.0,11.1,9.1,0.0,0.0,0.0,0.0,10.0,0.0,0.0,0.0,11.1,0.0,11.1,0.0,11.1,100.0,0.0,0.0,20.0,20.0,0.0,27.3,11.1,0.0,30.0,9.1
1790496615.846,30.0,0.0,0.0,0.0,0.0,40.0,0.0,0.0,0.0,0.0,0.0,0.0,0.0,0.0,20.0,20.0,0.0,20.0,0.0,0.0,0.0,0.0,0.0,20.0,20.0,20.0,0.0,54.5,0.0,0.0,0.0,0.0,20.0,0.0,0.0,0.0,0.0,22.2,0.0,0.0,0.0,20.0,0.0,20.0,20.0,18.2,100.0,0.0,0.0,20.0,20.0,0.0,11.1,27.3,0.0,20.0,10.1
1790496615.946,30.0,0.0,9.1,0.0,0.0,54.5,0.0,20.0,0.0,0.0,0.0,0.0,0.0,0.0,11.1,10.0,0.0,11.1,0.0,0.0,0.0,0.0,0.0,10.0,18.2,20.0,0.0,33.3,0.0,0.0,0.0,0.0,11.1,0.0,0.0,0.0,0.0,10.0,0.0,0.0,0.0,18.2,0.0,10.0,20.0,11.1,100.0,0.0,0.0,20.0,20.0,0.0,20.0,18.2,0.0,22.2,9.1
1790496616.046,33.3,0.0,0.0,0.0,0.0,40.0,0.0,27.3,0.0,0.0,0.0,0.0,0.0,0.0,18.2,20.0,0.0,18.2,0.0,0.0,0.0,0.0,0.0,27.3,11.1,11.1,0.0,40.0,0.0,0.0,0.0,0.0,20.0,0.0,0.0,0.0,0.0,0.0,0.0,0.0,0.0,11.1,0.0,20.0,20.0,20.0,100.0,0.0,0.0,10.0,10.0,0.0,20.0,20.0,0.0,11.1,9.1
1790496616.147,20.0,0.0,0.0,0.0,0.0,44.4,0.0,10.0,0.0,0.0,0.0,0.0,0.0,0.0,10.0,10.0,0.0,10.0,0.0,0.0,0.0,0.0,0.0,0.0,10.0,9.1,0.0,40.0,0.0,0.0,0.0,0.0,0.0,0.0,0.0,20.0,0.0,0.0,0.0,0.0,0.0,10.0,0.0,10.0,10.0,0.0,100.0,0.0,0.0,0.0,10.0,0.0,10.0,10.0,0.0,18.2,6.5
1790496616.247,30.0,0.0,0.0,0.0,0.0,50.0,0.0,11.1,0.0,0.0,0.0,0.0,0.0,0.0,11.1,11.1,0.0,20.0,0.0,0.0,0.0,0.0,0.0,20.0,20.0,11.1,0.0,40.0,0.0,0.0,0.0,0.0,20.0,0.0,0.0,18.2,0.0,0.0,0.0,0.0,0.0,20.0,0.0,20.0,20.0,20.0,100.0,0.0,0.0,20.0,20.0,0.0,20.0,20.0,0.0,20.0,9.7
1790496616.347,11.1,0.0,0.0,0.0,0.0,40.0,0.0,30.0,0.0,0.0,0.0,0.0,0.0,0.0,20.0,20.0,0.0,20.0,0.0,0.0,0.0,0.0,0.0,18.2,18.2,20.0,0.0,40.0,0.0,0.0,0.0,0.0,20.0,0.0,0.0,0.0,0.0,0.0,0.0,0.0,0.0,11.1,0.0,20.0,20.0,20.0,100.0,0.0,0.0,10.0,18.2,0.0,11.1,20.0,0.0,20.0,9.1
1790496616.447,40.0,0.0,0.0,0.0,0.0,54.5,0.0,27.3,0.0,0.0,0.0,0.0,0.0,0.0,10.0,27.3,0.0,20.0,0.0,0.0,0.0,0.0,0.0,11.1,20.0,20.0,0.0,40.0,0.0,0.0,0.0,0.0,18.2,0.0,0.0,0.0,0.0,0.0,0.0,0.0,0.0,25.0,0.0,20.0,20.0,20.0,100.0,0.0,9.1,20.0,11.1,0.0,11.1,20.0,0.0,12.5,9.9
1790496616.547,22.2,0.0,0.0,0.0,0.0,44.4,0.0,22.2,0.0,0.0,0.0,0.0,0.0,0.0,20.0,20.0,0.0,20.0,0.0,0.0,0.0,0.0,0.0,20.0,11.1,0.0,0.0,50.0,0.0,0.0,0.0,0.0,11.1,0.0,0.0,0.0,0.0,0.0,0.0,0.0,0.0,20.0,0.0,20.0,20.0,20.0,100.0,0.0,0.0,20.0,11.1,0.0,20.0,18.2,0.0,20.0,9.1
1790496616.647,30.0,0.0,0.0,0.0,0.0,45.5,0.0,10.0,0.0,0.0,0.0,0.0,0.0,0.0,0.0,0.0,9.1,0.0,0.0,0.0,0.0,0.0,0.0,0.0,10.0,30.0,0.0,10.0,0.0,0.0,0.0,0.0,10.0,0.0,0.0,11.1,0.0,0.0,0.0,0.0,0.0,10.0,0.0,9.1,0.0,9.1,100.0,0.0,18.2,10.0,10.0,0.0,10.0,0.0,0.0,18.2,6.4
1790496616.747,33.3,0.0,0.0,0.0,0.0,50.0,0.0,0.0,0.0,0.0,0.0,0.0,0.0,0.0,20.0,18.2,0.0,20.0,0.0,0.0,0.0,0.0,0.0,10.0,20.0,40.0,0.0,0.0,0.0,0.0,0.0,0.0,11.1,0.0,0.0,20.0,0.0,0.0,0.0,0.0,0.0,11.1,0.0,20.0,20.0,20.0,100.0,0.0,20.0,18.2,18.2,0.0,20.0,20.0,0.0,11.1,9.3
1790496616.848,10.0,9.1,0.0,0.0,0.0,40.0,0.0,0.0,0.0,0.0,0.0,0.0,0.0,0.0,20.0,10.0,0.0,20.0,0.0,0.0,0.0,0.0,0.0,20.0,20.0,33.3,0.0,0.0,0.0,0.0,0.0,0.0,18.2,0.0,0.0,36.4,0.0,0.0,0.0,0.0,0.0,20.0,0.0,20.0,20.0,20.0,100.0,0.0,20.0,11.1,20.0,0.0,11.1,22.2,0.0,20.0,9.3
1790496616.948,11.1,0.0,0.0,0.0,0.0,50.0,0.0,0.0,0.0,0.0,0.0,0.0,0.0,0.0,11.1,11.1,0.0,20.0,0.0,0.0,0.0,0.0,0.0,11.1,25.0,54.5,0.0,0.0,0.0,0.0,0.0,0.0,27.3,0.0,0.0,11.1,0.0,0.0,0.0,0.0,0.0,20.0,0.0,20.0,20.0,20.0,100.0,0.0,11.1,11.1,11.1,9.1,20.0,20.0,0.0,20.0,9.2
1790496617.048,22.2,0.0,0.0,0.0,10.0,60.0,9.1,0.0,0.0,18.2,0.0,9.1,18.2,9.1,11.1,20.0,0.0,10.0,0.0,0.0,0.0,0.0,0.0,20.0,12.5,40.0,0.0,0.0,0.0,0.0,0.0,0.0,11.1,0.0,0.0,10.0,0.0,0.0,0.0,0.0,0.0,30.0,0.0,20.0,11.1,11.1,100.0,0.0,18.2,20.0,20.0,0.0,20.0,27.3,0.0,20.0,10.5
1790496617.148,30.0,0.0,0.0,20.0,45.5,10.0,0.0,0.0,0.0,0.0,0.0,0.0,0.0,0.0,10.0,10.0,0.0,10.0,0.0,0.0,0.0,44.4,0.0,10.0,9.1,40.0,0.0,0.0,0.0,0.0,10.0,0.0,0.0,0.0,9.1,0.0,0.0,0.0,0.0,0.0,0.0,20.0,0.0,0.0,10.0,10.0,100.0,0.0,0.0,9.1,9.1,10.0,10.0,10.0,0.0,10.0,8.1
1790496617.248,22.2,0.0,9.1,11.1,44.4,0.0,0.0,0.0,0.0,0.0,0.0,0.0,0.0,0.0,10.0,18.2,0.0,20.0,0.0,0.0,0.0,0.0,0.0,18.2,11.1,40.0,0.0,0.0,0.0,0.0,10.0,0.0,0.0,0.0,11.1,0.0,27.3,0.0,0.0,0.0,0.0,0.0,0.0,18.2,20.0,18.2,100.0,0.0,0.0,20.0,20.0,10.0,11.1,20.0,0.0,11.1,9.0
1790496617.348,20.0,0.0,0.0,0.0,44.4,0.0,0.0,20.0,0.0,0.0,0.0,0.0,0.0,0.0,30.0,10.0,0.0,20.0,0.0,0.0,0.0,0.0,0.0,11.1,20.0,40.0,0.0,0.0,0.0,0.0,20.0,0.0,0.0,0.0,18.2,0.0,0.0,0.0,0.0,0.0,0.0,0.0,0.0,20.0,20.0,20.0,100.0,0.0,0.0,11.1,20.0,0.0,20.0,20.0,10.0,20.0,9.2
1790496617.448,20.0,11.1,0.0,0.0,45.5,0.0,0.0,10.0,0.0,0.0,0.0,0.0,0.0,0.0,20.0,9.1,0.0,0.0,0.0,0.0,0.0,0.0,0.0,20.0,27.3,45.5,0.0,0.0,0.0,0.0,11.1,0.0,0.0,0.0,20.0,0.0,0.0,0.0,0.0,0.0,0.0,0.0,0.0,11.1,10.0,11.1,100.0,0.0,20.0,18.2,18.2,0.0,30.0,22.2,11.1,20.0,9.1
1790496617.549,22.2,18.2,0.0,0.0,50.0,0.0,0.0,18.2,9.1,0.0,0.0,0.0,0.0,0.0,20.0,0.0,0.0,0.0,0.0,0.0,0.0,0.0,0.0,10.0,10.0,40.0,0.0,0.0,0.0,0.0,10.0,0.0,0.0,0.0,20.0,0.0,0.0,0.0,0.0,0.0,0.0,0.0,0.0,18.2,20.0,18.2,100.0,0.0,11.1,11.1,11.1,0.0,11.1,20.0,11.1,30.0,8.7
1790496617.649,33.3,0.0,10.0,0.0,45.5,0.0,0.0,10.0,0.0,0.0,0.0,0.0,0.0,0.0,10.0,10.0,0.0,0.0,0.0,0.0,0.0,0.0,0.0,10.0,10.0,40.0,0.0,0.0,0.0,0.0,10.0,0.0,0.0,0.0,10.0,0.0,0.0,0.0,0.0,0.0,0.0,0.0,0.0,10.0,10.0,10.0,100.0,0.0,20.0,10.0,10.0,0.0,10.0,10.0,9.1,10.0,7.3
1790496617.749,27.3,0.0,0.0,0.0,44.4,0.0,0.0,0.0,0.0,0.0,9.1,0.0,0.0,0.0,18.2,20.0,0.0,0.0,0.0,0.0,0.0,0.0,0.0,18.2,20.0,33.3,0.0,0.0,0.0,0.0,33.3,0.0,0.0,0.0,18.2,0.0,0.0,0.0,0.0,0.0,0.0,0.0,0.0,20.0,11.1,11.1,100.0,0.0,20.0,11.1,18.2,0.0,10.0,18.2,11.1,18.2,8.8
1790496617.849,44.4,0.0,0.0,0.0,45.5,0.0,0.0,0.0,0.0,0.0,0.0,0.0,0.0,0.0,11.1,20.0,10.0,0.0,0.0,0.0,0.0,0.0,0.0,20.0,20.0,45.5,0.0,0.0,0.0,0.0,10.0,0.0,0.0,18.2,11.1,0.0,0.0,0.0,0.0,0.0,0.0,20.0,0.0,20.0,20.0,11.1,100.0,0.0,0.0,18.2,20.0,0.0,20.0,20.0,20.0,22.2,9.8
1790496617.949,11.1,0.0,0.0,0.0,44.4,0.0,0.0,0.0,0.0,0.0,0.0,0.0,0.0,0.0,20.0,20.0,20.0,0.0,0.0,0.0,0.0,0.0,0.0,20.0,20.0,33.3,0.0,0.0,0.0,0.0,0.0,0.0,0.0,22.2,11.1,0.0,0.0,0.0,0.0,0.0,0.0,20.0,9.1,20.0,11.1,20.0,100.0,0.0,0.0,20.0,20.0,0.0,27.3,11.1,10.0,20.0,9.1
1790496618.049,30.0,0.0,0.0,0.0,50.0,0.0,0.0,0.0,0.0,0.0,0.0,0.0,0.0,0.0,18.2,20.0,11.1,0.0,0.0,0.0,0.0,0.0,0.0,20.0,11.1,40.0,0.0,0.0,0.0,0.0,0.0,0.0,0.0,30.0,20.0,0.0,0.0,0.0,0.0,0.0,0.0,20.0,0.0,11.1,20.0,18.2,100.0,0.0,0.0,20.0,18.2,0.0,22.2,22.2,20.0,20.0,9.7
1790496618.150,40.0,0.0,0.0,0.0,40.0,0.0,0.0,0.0,0.0,0.0,0.0,0.0,0.0,0.0,10.0,11.1,11.1,0.0,0.0,0.0,0.0,0.0,9.1,9.1,18.2,40.0,0.0,0.0,0.0,0.0,0.0,0.0,0.0,20.0,10.0,0.0,0.0,0.0,0.0,0.0,0.0,100.0,0.0,10.0,10.0,10.0,100.0,0.0,0.0,80.0,11.1,0.0,10.0,10.0,10.0,10.0,10.4
1790496618.250,22.2,0.0,0.0,0.0,50.0,0.0,0.0,0.0,0.0,0.0,0.0,0.0,0.0,0.0,66.7,0.0,81.8,0.0,0.0,0.0,0.0,0.0,0.0,70.0,70.0,40.0,0.0,0.0,0.0,0.0,0.0,0.0,0.0,30.0,63.6,0.0,0.0,0.0,0.0,0.0,0.0,100.0,0.0,70.0,80.0,88.9,100.0,0.0,90.0,100.0,80.0,0.0,90.0,70.0,70.0,70.0,26.8
1790496618.350,27.3,0.0,0.0,0.0,44.4,0.0,0.0,0.0,0.0,0.0,0.0,0.0,0.0,0.0,100.0,0.0,100.0,0.0,0.0,100.0,0.0,0.0,0.0,100.0,9.1,50.0,0.0,0.0,0.0,0.0,0.0,0.0,0.0,22.2,100.0,0.0,0.0,0.0,0.0,0.0,0.0,54.5,0.0,100.0,70.0,100.0,100.0,0.0,90.9,55.6,100.0,9.1,100.0,100.0,100.0,100.0,30.9
1790496618.450,11.1,0.0,9.1,0.0,50.0,0.0,0.0,0.0,0.0,0.0,0.0,0.0,0.0,0.0,40.0,0.0,60.0,0.0,0.0,40.0,0.0,0.0,0.0,50.0,0.0,40.0,0.0,0.0,0.0,0.0,0.0,0.0,0.0,18.2,44.4,0.0,20.0,0.0,0.0,0.0,0.0,22.2,0.0,33.3,22.2,20.0,100.0,0.0,12.5,27.3,20.0,0.0,36.4,50.0,50.0,40.0,14.6
1790496618.550,33.3,0.0,0.0,0.0,44.4,0.0,0.0,0.0,0.0,0.0,0.0,0.0,0.0,0.0,11.1,0.0,11.1,0.0,0.0,20.0,0.0,0.0,0.0,10.0,0.0,40.0,0.0,0.0,0.0,0.0,0.0,0.0,0.0,20.0,18.2,0.0,16.7,0.0,0.0,0.0,0.0,11.1,0.0,18.2,20.0,20.0,100.0,0.0,20.0,20.0,20.0,0.0,11.1,20.0,10.0,20.0,9.2
1790496618.650,27.3,0.0,0.0,0.0,45.5,0.0,0.0,0.0,0.0,0.0,0.0,0.0,0.0,0.0,9.1,0.0,10.0,0.0,0.0,9.1,0.0,0.0,0.0,10.0,0.0,33.3,0.0,0.0,0.0,0.0,0.0,0.0,0.0,0.0,10.0,27.3,0.0,0.0,0.0,0.0,0.0,10.0,0.0,10.0,10.0,9.1,100.0,0.0,0.0,0.0,0.0,0.0,10.0,10.0,18.2,20.0,6.8
1790496618.750,22.2,0.0,0.0,0.0,44.4,0.0,0.0,0.0,0.0,0.0,0.0,0.0,0.0,0.0,11.1,0.0,18.2,0.0,0.0,11.1,0.0,0.0,0.0,20.0,0.0,41.7,0.0,0.0,0.0,0.0,0.0,0.0,0.0,25.0,11.1,9.1,0.0,0.0,0.0,0.0,0.0,10.0,0.0,11.1,20.0,20.0,100.0,0.0,0.0,20.0,10.0,0.0,10.0,11.1,11.1,20.0,8.2
1790496618.851,30.0,0.0,0.0,0.0,50.0,0.0,0.0,0.0,0.0,0.0,0.0,0.0,0.0,0.0,18.2,0.0,11.1,0.0,0.0,18.2,0.0,0.0,0.0,18.2,0.0,33.3,0.0,0.0,0.0,0.0,0.0,0.0,0.0,22.2,11.1,0.0,0.0,0.0,0.0,0.0,0.0,11.1,0.0,18.2,20.0,10.0,100.0,0.0,11.1,20.0,11.1,9.1,20.0,27.3,10.0,22.2,9.0
1790496618.951,22.2,0.0,0.0,0.0,45.5,0.0,0.0,0.0,0.0,0.0,0.0,0.0,0.0,0.0,11.1,9.1,20.0,0.0,0.0,20.0,0.0,0.0,0.0,11.1,0.0,40.0,0.0,0.0,0.0,0.0,0.0,9.1,0.0,10.0,18.2,0.0,11.1,0.0,0.0,0.0,0.0,27.3,0.0,20.0,20.0,27.3,100.0,0.0,10.0,18.2,20.0,0.0,18.2,20.0,20.0,20.0,9.8
1790496619.051,22.2,0.0,0.0,0.0,44.4,0.0,0.0,0.0,0.0,0.0,0.0,0.0,0.0,0.0,11.1,11.1,20.0,0.0,0.0,11.1,0.0,0.0,0.0,20.0,0.0,44.4,0.0,0.0,0.0,0.0,0.0,0.0,0.0,18.2,11.1,0.0,10.0,0.0,0.0,0.0,0.0,11.1,0.0,20.0,11.1,11.1,100.0,0.0,0.0,11.1,18.2,0.0,0.0,20.0,20.0,27.3,8.5
1790496619.151,36.4,0.0,0.0,0.0,50.0,0.0,0.0,0.0,0.0,0.0,0.0,0.0,0.0,0.0,9.1,9.1,0.0,0.0,0.0,0.0,0.0,0.0,0.0,0.0,0.0,45.5,0.0,0.0,0.0,0.0,0.0,0.0,0.0,22.2,10.0,0.0,0.0,0.0,0.0,0.0,0.0,18.2,0.0,0.0,10.0,9.1,100.0,0.0,0.0,10.0,0.0,0.0,9.1,10.0,9.1,10.0,6.6
1790496619.251,22.2,0.0,0.0,0.0,50.0,0.0,0.0,0.0,0.0,0.0,0.0,0.0,0.0,0.0,11.1,11.1,18.2,0.0,0.0,20.0,0.0,0.0,0.0,10.0,0.0,33.3,0.0,0.0,0.0,0.0,0.0,0.0,0.0,10.0,10.0,0.0,0.0,0.0,0.0,0.0,0.0,11.1,0.0,11.1,10.0,11.1,100.0,0.0,0.0,18.2,18.2,0.0,20.0,10.0,11.1,11.1,7.6
1790496619.351,22.2,0.0,0.0,0.0,22.2,50.0,0.0,0.0,0.0,0.0,0.0,0.0,0.0,0.0,18.2,18.2,11.1,0.0,0.0,10.0,0.0,0.0,0.0,11.1,0.0,60.0,0.0,0.0,0.0,0.0,0.0,0.0,0.0,0.0,11.1,0.0,0.0,0.0,0.0,0.0,0.0,27.3,0.0,10.0,20.0,10.0,100.0,9.1,0.0,10.0,11.1,0.0,10.0,20.0,18.2,22.2,9.0
1790496619.451,20.0,0.0,9.1,0.0,27.3,45.5,0.0,0.0,0.0,0.0,0.0,0.0,0.0,0.0,10.0,20.0,10.0,0.0,0.0,10.0,0.0,0.0,0.0,20.0,0.0,45.5,0.0,0.0,0.0,0.0,0.0,0.0,0.0,0.0,18.2,0.0,0.0,0.0,0.0,0.0,0.0,22.2,0.0,20.0,20.0,0.0,100.0,0.0,18.2,11.1,18.2,0.0,20.0,27.3,11.1,27.3,9.5
1790496619.552,33.3,0.0,0.0,0.0,20.0,44.4,0.0,0.0,0.0,0.0,0.0,0.0,0.0,0.0,20.0,11.1,20.0,0.0,0.0,20.0,0.0,0.0,0.0,18.2,0.0,40.0,0.0,0.0,0.0,0.0,0.0,0.0,0.0,0.0,20.0,0.0,0.0,0.0,0.0,0.0,0.0,20.0,0.0,20.0,11.1,0.0,100.0,0.0,20.0,20.0,11.1,0.0,11.1,20.0,20.0,20.0,9.3
1790496619.652,20.0,0.0,0.0,0.0,30.0,50.0,0.0,0.0,0.0,0.0,0.0,0.0,0.0,0.0,10.0,18.2,10.0,0.0,0.0,10.0,0.0,0.0,0.0,0.0,0.0,45.5,9.1,0.0,0.0,0.0,0.0,0.0,0.0,0.0,10.0,0.0,0.0,0.0,0.0,0.0,0.0,10.0,0.0,10.0,10.0,0.0,100.0,0.0,11.1,18.2,10.0,0.0,10.0,11.1,10.0,20.0,7.7
1790496619.752,30.0,0.0,0.0,0.0,20.0,40.0,0.0,0.0,0.0,0.0,0.0,0.0,0.0,0.0,20.0,22.2,20.0,0.0,0.0,20.0,0.0,0.0,0.0,30.0,0.0,40.0,0.0,0.0,0.0,0.0,0.0,0.0,0.0,0.0,30.0,0.0,0.0,0.0,0.0,0.0,0.0,30.0,0.0,30.0,20.0,0.0,100.0,0.0,20.0,22.2,30.0,0.0,30.0,30.0,27.3,20.0,11.3
1790496619.852,20.0,0.0,0.0,0.0,22.2,44.4,0.0,0.0,0.0,0.0,0.0,0.0,0.0,0.0,30.0,22.2,30.0,0.0,0.0,30.0,0.0,0.0,0.0,30.0,0.0,44.4,0.0,0.0,0.0,0.0,0.0,0.0,0.0,0.0,22.2,0.0,0.0,0.0,0.0,0.0,0.0,22.2,0.0,22.2,30.0,0.0,100.0,0.0,30.0,18.2,27.3,0.0,22.2,30.0,22.2,22.2,11.5
1790496619.952,22.2,0.0,0.0,0.0,27.3,50.0,0.0,0.0,0.0,0.0,0.0,0.0,0.0,0.0,22.2,27.3,30.0,0.0,0.0,22.2,0.0,0.0,0.0,20.0,0.0,40.0,0.0,0.0,0.0,0.0,0.0,0.0,0.0,0.0,22.2,0.0,0.0,0.0,0.0,0.0,0.0,27.3,0.0,30.0,22.2,11.1,100.0,0.0,22.2,0.0,22.2,0.0,20.0,20.0,27.3,20.0,10.8
1790496620.052,30.0,0.0,0.0,0.0,22.2,44.4,0.0,0.0,0.0,0.0,0.0,0.0,0.0,0.0,27.3,36.4,30.0,0.0,0.0,27.3,0.0,0.0,0.0,36.4,0.0,45.5,0.0,0.0,0.0,0.0,0.0,0.0,0.0,0.0,36.4,0.0,0.0,0.0,0.0,0.0,0.0,20.0,0.0,30.0,20.0,22.2,100.0,0.0,9.1,11.1,30.0,0.0,30.0,33.3,30.0,22.2,12.4
1790496620.152,11.1,20.0,0.0,0.0,20.0,40.0,0.0,0.0,0.0,0.0,0.0,0.0,0.0,0.0,10.0,0.0,0.0,0.0,0.0,10.0,0.0,0.0,0.0,0.0,0.0,40.0,0.0,0.0,0.0,0.0,0.0,0.0,0.0,0.0,0.0,0.0,0.0,0.0,0.0,0.0,0.0,11.1,0.0,9.1,0.0,10.0,100.0,0.0,0.0,10.0,10.0,0.0,10.0,10.0,10.0,10.0,6.1
1790496620.253,20.0,10.0,0.0,0.0,10.0,50.0,0.0,0.0,0.0,0.0,0.0,0.0,0.0,0.0,20.0,0.0,20.0,0.0,0.0,11.1,0.0,0.0,0.0,20.0,0.0,40.0,0.0,0.0,0.0,0.0,0.0,9.1,0.0,0.0,30.0,0.0,0.0,0.0,0.0,0.0,0.0,22.2,0.0,20.0,20.0,27.3,100.0,0.0,0.0,27.3,20.0,0.0,20.0,20.0,20.0,20.0,9.9
1790496620.353,30.0,30.0,0.0,0.0,18.2,50.0,0.0,0.0,0.0,0.0,0.0,0.0,0.0,0.0,22.2,0.0,27.3,0.0,0.0,30.0,0.0,0.0,0.0,30.0,0.0,40.0,0.0,0.0,0.0,0.0,30.0,0.0,0.0,0.0,27.3,0.0,0.0,0.0,0.0,0.0,0.0,10.0,0.0,22.2,22.2,20.0,100.0,0.0,9.1,20.0,27.3,0.0,22.2,30.0,22.2,0.0,11.4
1790496620.453,30.0,33.3,0.0,0.0,22.2,40.0,0.0,0.0,0.0,0.0,0.0,0.0,0.0,0.0,10.0,10.0,22.2,0.0,0.0,20.0,0.0,0.0,0.0,20.0,0.0,40.0,0.0,0.0,0.0,0.0,20.0,0.0,0.0,0.0,11.1,0.0,0.0,0.0,0.0,0.0,0.0,0.0,0.0,20.0,20.0,27.3,100.0,0.0,0.0,22.2,20.0,0.0,20.0,20.0,27.3,20.0,10.3
1790496620.553,22.2,27.3,0.0,0.0,27.3,50.0,0.0,0.0,0.0,0.0,0.0,0.0,0.0,0.0,0.0,20.0,20.0,0.0,0.0,20.0,0.0,0.0,0.0,27.3,0.0,40.0,0.0,0.0,0.0,0.0,20.0,0.0,0.0,0.0,30.0,0.0,0.0,0.0,0.0,0.0,0.0,0.0,0.0,20.0,20.0,22.2,100.0,0.0,11.1,20.0,20.0,0.0,11.1,30.0,20.0,22.2,10.7
1790496620.653,10.0,20.0,9.1,0.0,30.0,40.0,0.0,0.0,0.0,0.0,0.0,0.0,0.0,0.0,0.0,18.2,10.0,0.0,0.0,10.0,0.0,0.0,0.0,10.0,0.0,40.0,0.0,0.0,0.0,0.0,10.0,0.0,0.0,0.0,10.0,0.0,0.0,0.0,0.0,0.0,0.0,0.0,0.0,10.0,10.0,9.1,100.0,0.0,10.0,10.0,10.0,0.0,0.0,0.0,0.0,10.0,6.9
1790496620.753,30.0,0.0,0.0,0.0,22.2,0.0,0.0,0.0,0.0,0.0,0.0,0.0,0.0,0.0,0.0,20.0,20.0,0.0,0.0,11.1,0.0,0.0,0.0,20.0,0.0,40.0,0.0,0.0,0.0,10.0,20.0,0.0,0.0,50.0,11.1,0.0,0.0,0.0,0.0,0.0,0.0,0.0,0.0,20.0,20.0,11.1,100.0,0.0,20.0,18.2,20.0,0.0,0.0,27.3,20.0,20.0,9.5
1790496620.854,27.3,10.0,0.0,0.0,27.3,0.0,0.0,0.0,0.0,0.0,0.0,0.0,0.0,0.0,0.0,20.0,22.2,0.0,0.0,18.2,0.0,0.0,0.0,20.0,0.0,40.0,0.0,0.0,0.0,30.0,22.2,0.0,0.0,40.0,20.0,0.0,0.0,0.0,0.0,0.0,0.0,0.0,0.0,30.0,20.0,22.2,100.0,0.0,9.1,12.5,11.1,9.1,18.2,30.0,20.0,20.0,10.7
1790496620.954,37.5,0.0,0.0,0.0,0.0,0.0,0.0,0.0,0.0,0.0,0.0,0.0,0.0,0.0,0.0,22.2,27.3,0.0,0.0,0.0,0.0,0.0,0.0,11.1,0.0,45.5,0.0,0.0,0.0,30.0,20.0,9.1,0.0,54.5,27.3,0.0,0.0,0.0,0.0,0.0,0.0,0.0,0.0,20.0,20.0,20.0,100.0,20.0,0.0,20.0,20.0,0.0,20.0,20.0,20.0,22.2,10.5
1790496621.054,10.0,0.0,0.0,0.0,20.0,0.0,0.0,0.0,0.0,0.0,0.0,0.0,0.0,0.0,0.0,20.0,20.0,0.0,0.0,0.0,0.0,0.0,0.0,27.3,0.0,33.3,0.0,0.0,0.0,30.0,20.0,22.2,0.0,33.3,22.2,0.0,0.0,0.0,0.0,0.0,0.0,0.0,0.0,20.0,20.0,20.0,100.0,20.0,0.0,11.1,20.0,0.0,11.1,30.0,20.0,20.0,9.8
1790496621.154,0.0,0.0,0.0,0.0,20.0,0.0,0.0,0.0,0.0,0.0,0.0,0.0,0.0,0.0,0.0,10.0,10.0,0.0,0.0,0.0,0.0,0.0,9.1,0.0,0.0,40.0,0.0,0.0,0.0,30.0,10.0,10.0,0.0,54.5,10.0,0.0,0.0,0.0,0.0,0.0,0.0,0.0,0.0,10.0,10.0,10.0,100.0,9.1,0.0,10.0,18.2,0.0,20.0,10.0,10.0,10.0,7.5
1790496621.254,0.0,0.0,0.0,0.0,22.2,0.0,0.0,0.0,0.0,0.0,0.0,0.0,0.0,0.0,0.0,20.0,11.1,10.0,0.0,0.0,0.0,0.0,0.0,27.3,0.0,40.0,0.0,0.0,0.0,30.0,20.0,20.0,0.0,44.4,20.0,0.0,0.0,0.0,0.0,0.0,0.0,0.0,0.0,20.0,20.0,11.1,100.0,22.2,0.0,18.2,20.0,0.0,11.1,20.0,20.0,11.1,9.6
1790496621.354,0.0,0.0,9.1,0.0,27.3,0.0,0.0,0.0,0.0,0.0,0.0,0.0,0.0,0.0,0.0,18.2,20.0,0.0,0.0,0.0,0.0,0.0,0.0,20.0,0.0,40.0,0.0,0.0,0.0,18.2,20.0,20.0,0.0,40.0,20.0,0.0,0.0,0.0,0.0,0.0,0.0,0.0,0.0,27.3,27.3,20.0,100.0,18.2,0.0,20.0,20.0,0.0,20.0,20.0,11.1,20.0,9.9
1790496621.454,0.0,0.0,0.0,0.0,30.0,0.0,0.0,0.0,0.0,0.0,0.0,0.0,0.0,0.0,18.2,0.0,20.0,0.0,0.0,0.0,0.0,0.0,0.0,11.1,0.0,40.0,0.0,0.0,0.0,22.2,11.1,20.0,0.0,54.5,20.0,0.0,0.0,0.0,0.0,0.0,0.0,0.0,0.0,11.1,12.5,27.3,100.0,0.0,27.3,20.0,20.0,0.0,27.3,22.2,18.2,27.3,10.0
1790496621.555,0.0,0.0,0.0,0.0,22.2,9.1,0.0,0.0,0.0,0.0,0.0,0.0,0.0,0.0,22.2,11.1,20.0,0.0,0.0,0.0,0.0,0.0,0.0,22.2,0.0,40.0,0.0,0.0,0.0,18.2,20.0,27.3,0.0,40.0,20.0,0.0,0.0,0.0,0.0,0.0,0.0,0.0,0.0,20.0,27.3,20.0,100.0,0.0,20.0,27.3,20.0,20.0,20.0,10.0,0.0,22.2,10.3
1790496621.655,0.0,0.0,0.0,0.0,27.3,44.4,0.0,0.0,0.0,0.0,0.0,0.0,0.0,0.0,10.0,10.0,20.0,0.0,0.0,0.0,0.0,0.0,0.0,10.0,0.0,40.0,0.0,0.0,0.0,11.1,10.0,20.0,0.0,0.0,18.2,9.1,0.0,0.0,0.0,0.0,0.0,0.0,0.0,18.2,10.0,10.0,100.0,0.0,11.1,0.0,10.0,0.0,11.1,0.0,0.0,18.2,7.5
1790496621.755,0.0,0.0,0.0,0.0,30.0,44.4,0.0,0.0,0.0,0.0,0.0,0.0,0.0,0.0,20.0,20.0,20.0,0.0,0.0,9.1,0.0,0.0,0.0,20.0,0.0,30.0,0.0,0.0,0.0,27.3,11.1,10.0,0.0,0.0,11.1,0.0,0.0,0.0,0.0,0.0,0.0,0.0,0.0,0.0,30.0,20.0,100.0,0.0,20.0,20.0,20.0,9.1,22.2,0.0,0.0,20.0,9.2
1790496621.855,0.0,20.0,0.0,0.0,0.0,45.5,0.0,0.0,0.0,0.0,0.0,0.0,0.0,0.0,30.0,20.0,27.3,9.1,0.0,0.0,0.0,0.0,0.0,11.1,0.0,45.5,0.0,0.0,0.0,11.1,27.3,22.2,0.0,0.0,11.1,0.0,0.0,0.0,0.0,0.0,0.0,10.0,0.0,0.0,30.0,20.0,100.0,0.0,20.0,11.1,20.0,0.0,27.3,0.0,0.0,22.2,9.7
1790496621.955,0.0,9.1,0.0,0.0,0.0,50.0,0.0,0.0,0.0,0.0,0.0,0.0,0.0,0.0,27.3,20.0,20.0,11.1,0.0,0.0,0.0,0.0,0.0,18.2,0.0,40.0,0.0,0.0,0.0,36.4,20.0,30.0,0.0,0.0,20.0,0.0,0.0,0.0,0.0,0.0,0.0,27.3,0.0,0.0,30.0,20.0,100.0,0.0,22.2,20.0,20.0,0.0,22.2,0.0,0.0,30.0,10.6
1790496622.055,0.0,0.0,0.0,0.0,0.0,50.0,0.0,0.0,0.0,0.0,0.0,0.0,0.0,0.0,20.0,27.3,11.1,27.3,0.0,0.0,0.0,9.1,0.0,22.2,0.0,40.0,0.0,0.0,0.0,22.2,20.0,30.0,0.0,0.0,20.0,0.0,0.0,0.0,0.0,0.0,0.0,20.0,0.0,0.0,22.2,30.0,100.0,0.0,20.0,22.2,22.2,0.0,20.0,40.0,20.0,20.0,11.4
1790496622.155,0.0,0.0,9.1,0.0,0.0,40.0,0.0,0.0,0.0,0.0,0.0,0.0,0.0,0.0,10.0,11.1,18.2,10.0,0.0,0.0,0.0,0.0,0.0,10.0,0.0,37.5,0.0,0.0,0.0,36.4,0.0,10.0,0.0,0.0,10.0,0.0,0.0,0.0,0.0,0.0,0.0,10.0,0.0,0.0,10.0,0.0,100.0,0.0,0.0,9.1,9.1,0.0,10.0,0.0,10.0,18.2,6.8
1790496622.256,0.0,0.0,0.0,0.0,0.0,50.0,0.0,0.0,0.0,0.0,0.0,0.0,0.0,0.0,10.0,0.0,20.0,20.0,0.0,0.0,0.0,0.0,0.0,20.0,0.0,45.5,0.0,0.0,0.0,20.0,33.3,0.0,0.0,0.0,20.0,0.0,0.0,0.0,0.0,0.0,0.0,20.0,10.0,0.0,22.2,27.3,100.0,10.0,20.0,11.1,11.1,0.0,20.0,0.0,20.0,20.0,9.5
1790496622.356,20.0,0.0,0.0,0.0,0.0,50.0,0.0,0.0,0.0,0.0,0.0,0.0,0.0,0.0,11.1,0.0,20.0,11.1,0.0,0.0,0.0,0.0,0.0,20.0,0.0,36.4,0.0,0.0,0.0,20.0,10.0,18.2,0.0,0.0,20.0,0.0,0.0,0.0,0.0,0.0,0.0,11.1,0.0,0.0,20.0,11.1,100.0,20.0,20.0,20.0,11.1,10.0,11.1,0.0,20.0,22.2,9.2
1790496622.456,30.0,0.0,0.0,0.0,0.0,40.0,0.0,0.0,0.0,0.0,0.0,0.0,0.0,0.0,20.0,10.0,20.0,22.2,0.0,0.0,0.0,0.0,0.0,20.0,0.0,37.5,0.0,0.0,0.0,22.2,0.0,30.0,9.1,0.0,20.0,0.0,0.0,0.0,0.0,0.0,0.0,11.1,0.0,0.0,30.0,27.3,100.0,20.0,20.0,20.0,27.3,0.0,0.0,0.0,27.3,30.0,10.6
1790496622.556,20.0,0.0,0.0,0.0,0.0,44.4,0.0,0.0,0.0,0.0,0.0,0.0,0.0,0.0,11.1,20.0,22.2,27.3,0.0,0.0,0.0,0.0,0.0,27.3,0.0,41.7,0.0,0.0,0.0,20.0,0.0,11.1,0.0,0.0,20.0,0.0,0.0,0.0,0.0,0.0,0.0,20.0,0.0,0.0,20.0,22.2,100.0,20.0,11.1,11.1,20.0,0.0,0.0,0.0,11.1,11.1,9.1
1790496622.656,10.0,0.0,9.1,0.0,0.0,40.0,0.0,0.0,0.0,0.0,0.0,0.0,0.0,0.0,10.0,10.0,10.0,0.0,0.0,0.0,0.0,0.0,20.0,0.0,0.0,25.0,0.0,0.0,0.0,20.0,0.0,10.0,0.0,0.0,0.0,0.0,0.0,0.0,0.0,0.0,0.0,9.1,0.0,0.0,10.0,10.0,100.0,10.0,11.1,10.0,10.0,0.0,0.0,0.0,10.0,10.0,6.3
1790496622.756,36.4,0.0,0.0,0.0,0.0,0.0,0.0,0.0,0.0,0.0,0.0,0.0,0.0,0.0,11.1,20.0,20.0,20.0,0.0,0.0,0.0,0.0,10.0,18.2,0.0,36.4,0.0,9.1,0.0,30.0,0.0,0.0,0.0,50.0,18.2,0.0,0.0,0.0,0.0,0.0,0.0,20.0,0.0,0.0,11.1,18.2,100.0,11.1,10.0,20.0,18.2,0.0,0.0,0.0,20.0,18.2,9.4
1790496622.856,11.1,9.1,0.0,0.0,0.0,0.0,0.0,0.0,0.0,0.0,0.0,0.0,0.0,0.0,18.2,18.2,20.0,20.0,0.0,0.0,0.0,0.0,0.0,20.0,0.0,40.0,0.0,0.0,0.0,45.5,20.0,0.0,0.0,45.5,20.0,0.0,0.0,0.0,0.0,0.0,0.0,20.0,0.0,0.0,12.5,22.2,100.0,18.2,27.3,20.0,11.1,0.0,0.0,0.0,20.0,22.2,10.0
1790496622.957,30.0,0.0,0.0,0.0,0.0,0.0,0.0,0.0,0.0,0.0,0.0,0.0,0.0,0.0,20.0,12.5,20.0,27.3,0.0,0.0,0.0,0.0,0.0,27.3,0.0,40.0,0.0,0.0,0.0,10.0,11.1,0.0,18.2,50.0,20.0,0.0,0.0,0.0,0.0,0.0,0.0,20.0,0.0,0.0,20.0,20.0,100.0,20.0,20.0,22.2,20.0,0.0,0.0,0.0,27.3,11.1,10.1
1790496623.057,30.0,0.0,0.0,27.3,0.0,0.0,0.0,0.0,0.0,0.0,0.0,0.0,0.0,0.0,11.1,10.0,10.0,30.0,0.0,0.0,0.0,0.0,0.0,11.1,0.0,36.4,0.0,0.0,0.0,0.0,27.3,0.0,10.0,44.4,20.0,0.0,0.0,0.0,0.0,0.0,0.0,20.0,0.0,0.0,20.0,27.3,100.0,11.1,20.0,20.0,20.0,0.0,9.1,0.0,30.0,11.1,9.9
1790496623.157,22.2,0.0,0.0,20.0,0.0,0.0,0.0,0.0,0.0,0.0,0.0,0.0,0.0,0.0,10.0,10.0,0.0,0.0,0.0,0.0,0.0,0.0,0.0,10.0,0.0,33.3,0.0,0.0,0.0,0.0,0.0,0.0,0.0,45.5,10.0,0.0,0.0,0.0,0.0,0.0,0.0,0.0,0.0,0.0,0.0,0.0,100.0,10.0,10.0,10.0,10.0,0.0,10.0,0.0,10.0,18.2,6.1
1790496623.257,20.0,0.0,0.0,10.0,0.0,0.0,0.0,0.0,0.0,0.0,0.0,0.0,0.0,0.0,20.0,11.1,0.0,20.0,0.0,0.0,0.0,0.0,0.0,10.0,0.0,40.0,0.0,0.0,0.0,0.0,27.3,9.1,0.0,50.0,27.3,0.0,0.0,0.0,0.0,0.0,0.0,20.0,0.0,0.0,20.0,27.3,100.0,11.1,18.2,20.0,18.2,0.0,11.1,0.0,11.1,11.1,9.2
1790496623.357,22.2,0.0,0.0,0.0,0.0,0.0,0.0,0.0,0.0,0.0,0.0,0.0,0.0,0.0,20.0,25.0,0.0,20.0,0.0,0.0,0.0,0.0,0.0,20.0,0.0,40.0,0.0,0.0,0.0,0.0,20.0,11.1,11.1,44.4,10.0,0.0,0.0,0.0,0.0,0.0,0.0,20.0,0.0,0.0,20.0,20.0,100.0,11.1,20.0,20.0,11.1,0.0,20.0,0.0,20.0,20.0,9.4
1790496623.457,30.0,0.0,0.0,0.0,0.0,0.0,0.0,0.0,0.0,0.0,0.0,0.0,0.0,0.0,20.0,11.1,20.0,20.0,0.0,0.0,0.0,0.0,0.0,20.0,0.0,30.0,0.0,0.0,0.0,0.0,20.0,18.2,30.0,45.5,0.0,0.0,0.0,0.0,0.0,0.0,0.0,20.0,9.1,0.0,30.0,20.0,100.0,20.0,11.1,20.0,20.0,0.0,0.0,0.0,20.0,20.0,9.9
1790496623.557,30.0,0.0,0.0,0.0,0.0,0.0,0.0,0.0,0.0,0.0,0.0,0.0,0.0,0.0,20.0,20.0,11.1,20.0,0.0,0.0,0.0,0.0,0.0,20.0,0.0,45.5,0.0,0.0,0.0,0.0,11.1,11.1,20.0,50.0,0.0,0.0,0.0,0.0,0.0,0.0,0.0,11.1,0.0,0.0,20.0,20.0,100.0,18.2,18.2,20.0,20.0,0.0,0.0,0.0,20.0,11.1,9.2
1790496623.658,0.0,0.0,10.0,0.0,0.0,0.0,0.0,0.0,0.0,0.0,0.0,0.0,0.0,0.0,9.1,0.0,10.0,10.0,0.0,0.0,0.0,0.0,0.0,10.0,0.0,33.3,0.0,0.0,0.0,20.0,10.0,0.0,30.0,44.4,0.0,0.0,0.0,0.0,0.0,0.0,0.0,10.0,0.0,0.0,10.0,0.0,100.0,10.0,10.0,10.0,10.0,0.0,0.0,0.0,10.0,10.0,6.6
1790496623.758,20.0,10.0,0.0,0.0,0.0,0.0,0.0,0.0,0.0,0.0,0.0,0.0,0.0,0.0,20.0,18.2,10.0,20.0,0.0,0.0,0.0,0.0,0.0,10.0,0.0,30.0,0.0,0.0,0.0,0.0,10.0,11.1,27.3,45.5,0.0,0.0,0.0,0.0,0.0,0.0,0.0,20.0,0.0,0.0,20.0,27.3,100.0,20.0,11.1,11.1,18.2,0.0,0.0,0.0,20.0,20.0,8.9
1790496623.858,20.0,10.0,0.0,0.0,0.0,0.0,0.0,0.0,0.0,0.0,0.0,0.0,0.0,0.0,20.0,11.1,20.0,20.0,0.0,0.0,0.0,10.0,0.0,20.0,0.0,54.5,0.0,0.0,0.0,0.0,20.0,18.2,22.2,44.4,0.0,0.0,0.0,0.0,0.0,0.0,0.0,27.3,0.0,0.0,20.0,20.0,100.0,20.0,20.0,20.0,20.0,10.0,0.0,0.0,20.0,20.0,10.5
1790496623.958,22.2,0.0,0.0,0.0,0.0,0.0,0.0,0.0,0.0,0.0,0.0,0.0,0.0,0.0,20.0,20.0,20.0,27.3,0.0,0.0,0.0,0.0,0.0,20.0,0.0,40.0,0.0,0.0,0.0,0.0,20.0,20.0,27.3,50.0,0.0,0.0,0.0,0.0,0.0,0.0,0.0,20.0,0.0,0.0,20.0,20.0,100.0,20.0,11.1,22.2,20.0,0.0,0.0,0.0,20.0,11.1,9.8
1790496624.058,30.0,0.0,0.0,0.0,0.0,0.0,0.0,0.0,0.0,0.0,0.0,0.0,0.0,0.0,20.0,11.1,22.2,11.1,0.0,0.0,0.0,0.0,0.0,20.0,0.0,33.3,0.0,0.0,0.0,0.0,27.3,20.0,22.2,40.0,0.0,0.0,0.0,0.0,0.0,0.0,0.0,12.5,0.0,0.0,22.2,22.2,100.0,10.0,27.3,20.0,20.0,0.0,0.0,0.0,30.0,18.2,9.6
1790496624.158,33.3,0.0,0.0,0.0,36.4,0.0,0.0,0.0,0.0,0.0,0.0,0.0,0.0,0.0,10.0,10.0,18.2,10.0,0.0,0.0,0.0,0.0,0.0,10.0,0.0,33.3,16.7,0.0,0.0,0.0,10.0,10.0,0.0,50.0,0.0,0.0,0.0,0.0,0.0,0.0,0.0,18.2,0.0,0.0,18.2,9.1,100.0,10.0,10.0,10.0,0.0,0.0,0.0,0.0,10.0,0.0,7.7
1790496624.259,30.0,0.0,0.0,0.0,20.0,0.0,0.0,0.0,0.0,0.0,0.0,0.0,0.0,0.0,20.0,20.0,10.0,18.2,0.0,0.0,0.0,0.0,0.0,20.0,0.0,36.4,0.0,0.0,0.0,0.0,20.0,18.2,0.0,45.5,0.0,0.0,0.0,0.0,0.0,0.0,0.0,11.1,0.0,0.0,20.0,11.1,100.0,20.0,11.1,20.0,20.0,0.0,0.0,0.0,20.0,30.0,9.3
1790496624.359,20.0,0.0,0.0,0.0,22.2,0.0,0.0,0.0,0.0,0.0,0.0,0.0,0.0,0.0,11.1,20.0,20.0,20.0,0.0,0.0,0.0,0.0,0.0,20.0,0.0,44.4,0.0,0.0,0.0,0.0,20.0,20.0,0.0,50.0,0.0,0.0,0.0,0.0,0.0,0.0,0.0,30.0,0.0,0.0,22.2,20.0,100.0,11.1,20.0,20.0,20.0,0.0,0.0,0.0,20.0,11.1,9.7
1790496624.459,30.0,0.0,0.0,0.0,30.0,0.0,0.0,0.0,0.0,0.0,0.0,0.0,0.0,0.0,20.0,20.0,22.2,20.0,0.0,0.0,0.0,0.0,0.0,11.1,0.0,45.5,0.0,0.0,0.0,0.0,22.2,20.0,0.0,44.4,0.0,0.0,0.0,0.0,0.0,0.0,0.0,20.0,0.0,0.0,22.2,20.0,100.0,20.0,10.0,11.1,20.0,0.0,0.0,0.0,20.0,33.3,10.0
1790496624.559,22.2,0.0,0.0,0.0,0.0,0.0,0.0,0.0,0.0,0.0,0.0,0.0,0.0,0.0,20.0,11.1,20.0,20.0,0.0,0.0,0.0,0.0,0.0,20.0,0.0,40.0,0.0,0.0,0.0,0.0,27.3,20.0,0.0,40.0,0.0,0.0,0.0,0.0,0.0,0.0,0.0,20.0,0.0,0.0,36.4,20.0,100.0,20.0,10.0,20.0,20.0,0.0,0.0,0.0,11.1,12.5,9.1
1790496624.659,40.0,0.0,9.1,0.0,0.0,0.0,0.0,0.0,0.0,0.0,0.0,0.0,0.0,0.0,20.0,10.0,10.0,10.0,0.0,0.0,0.0,0.0,0.0,18.2,0.0,36.4,0.0,0.0,0.0,0.0,10.0,0.0,0.0,54.5,0.0,0.0,0.0,0.0,0.0,0.0,0.0,0.0,0.0,0.0,10.0,10.0,100.0,10.0,20.0,20.0,10.0,0.0,0.0,0.0,10.0,10.0,7.5
1790496624.759,11.1,0.0,0.0,0.0,27.3,0.0,0.0,0.0,0.0,0.0,0.0,0.0,0.0,0.0,20.0,22.2,27.3,20.0,0.0,0.0,0.0,0.0,0.0,10.0,0.0,33.3,0.0,0.0,0.0,0.0,20.0,27.3,0.0,44.4,0.0,0.0,0.0,0.0,0.0,0.0,0.0,18.2,0.0,0.0,20.0,30.0,100.0,20.0,20.0,22.2,27.3,10.0,0.0,0.0,20.0,20.0,10.2
1790496624.859,22.2,0.0,0.0,0.0,22.2,0.0,0.0,0.0,0.0,0.0,0.0,0.0,0.0,0.0,20.0,20.0,20.0,11.1,0.0,0.0,0.0,0.0,0.0,0.0,0.0,40.0,0.0,0.0,0.0,0.0,11.1,20.0,0.0,40.0,0.0,0.0,0.0,0.0,0.0,0.0,0.0,30.0,0.0,0.0,12.5,11.1,100.0,20.0,12.5,20.0,20.0,22.2,0.0,0.0,20.0,30.0,9.4
1790496624.960,22.2,9.1,0.0,0.0,30.0,0.0,0.0,0.0,0.0,0.0,0.0,0.0,0.0,0.0,27.3,27.3,22.2,27.3,0.0,0.0,0.0,0.0,0.0,0.0,0.0,33.3,0.0,0.0,0.0,0.0,30.0,30.0,0.0,50.0,0.0,0.0,0.0,0.0,0.0,0.0,0.0,11.1,0.0,0.0,27.3,27.3,100.0,30.0,22.2,20.0,22.2,27.3,0.0,0.0,20.0,20.0,11.4
1790496625.060,20.0,10.0,0.0,0.0,20.0,0.0,0.0,0.0,0.0,0.0,0.0,0.0,0.0,0.0,20.0,20.0,27.3,11.1,0.0,9.1,0.0,0.0,9.1,0.0,0.0,40.0,0.0,0.0,0.0,0.0,20.0,20.0,0.0,45.5,0.0,0.0,0.0,0.0,0.0,0.0,0.0,20.0,0.0,0.0,20.0,20.0,100.0,20.0,20.0,20.0,27.3,22.2,0.0,0.0,22.2,22.2,10.5
1790496625.160,11.1,0.0,0.0,0.0,30.0,0.0,0.0,0.0,0.0,0.0,0.0,0.0,0.0,0.0,10.0,10.0,10.0,18.2,0.0,0.0,0.0,0.0,0.0,0.0,0.0,45.5,0.0,0.0,0.0,0.0,10.0,10.0,0.0,44.4,0.0,0.0,0.0,0.0,0.0,0.0,0.0,10.0,0.0,0.0,0.0,20.0,100.0,0.0,10.0,10.0,10.0,20.0,0.0,0.0,10.0,10.0,7.1
1790496625.260,20.0,0.0,0.0,0.0,20.0,0.0,0.0,0.0,0.0,0.0,0.0,0.0,0.0,0.0,20.0,20.0,20.0,20.0,0.0,0.0,0.0,0.0,0.0,0.0,0.0,22.2,0.0,0.0,0.0,0.0,20.0,20.0,0.0,50.0,0.0,0.0,0.0,0.0,0.0,0.0,0.0,20.0,0.0,0.0,12.5,20.0,100.0,20.0,11.1,20.0,11.1,36.4,0.0,0.0,20.0,20.0,9.3
1790496625.360,22.2,0.0,0.0,0.0,18.2,0.0,0.0,0.0,0.0,0.0,0.0,0.0,0.0,0.0,22.2,22.2,30.0,20.0,0.0,0.0,0.0,0.0,0.0,0.0,0.0,45.5,0.0,0.0,0.0,0.0,20.0,20.0,0.0,45.5,0.0,0.0,0.0,0.0,0.0,0.0,0.0,27.3,0.0,0.0,27.3,20.0,100.0,27.3,30.0,40.0,27.3,30.0,0.0,0.0,11.1,22.2,11.2
1790496625.460,20.0,0.0,0.0,0.0,0.0,0.0,0.0,0.0,0.0,0.0,0.0,11.1,0.0,0.0,18.2,20.0,20.0,20.0,0.0,0.0,0.0,0.0,0.0,0.0,0.0,36.4,0.0,0.0,0.0,0.0,20.0,20.0,0.0,50.0,0.0,0.0,0.0,0.0,0.0,0.0,0.0,20.0,0.0,0.0,27.3,27.3,100.0,11.1,20.0,0.0,30.0,22.2,9.1,0.0,20.0,27.3,9.8
1790496625.560,22.2,0.0,16.7,0.0,20.0,0.0,0.0,0.0,0.0,0.0,0.0,10.0,0.0,0.0,20.0,20.0,30.0,22.2,0.0,0.0,0.0,0.0,0.0,0.0,0.0,44.4,0.0,0.0,0.0,0.0,20.0,20.0,0.0,44.4,0.0,0.0,0.0,0.0,0.0,0.0,0.0,20.0,0.0,0.0,22.2,22.2,100.0,20.0,20.0,0.0,20.0,36.4,20.0,0.0,20.0,20.0,10.9
1790496625.661,10.0,0.0,0.0,0.0,22.2,0.0,0.0,0.0,0.0,0.0,0.0,0.0,0.0,0.0,11.1,9.1,10.0,10.0,0.0,0.0,0.0,0.0,0.0,0.0,0.0,30.0,0.0,0.0,0.0,0.0,0.0,10.0,0.0,45.5,0.0,0.0,0.0,0.0,0.0,0.0,0.0,10.0,0.0,0.0,10.0,10.0,100.0,10.0,10.0,0.0,0.0,22.2,10.0,0.0,10.0,10.0,6.4
1790496625.761,22.2,0.0,0.0,0.0,27.3,0.0,0.0,0.0,0.0,0.0,0.0,0.0,0.0,0.0,20.0,20.0,20.0,18.2,0.0,0.0,0.0,0.0,0.0,0.0,0.0,40.0,0.0,0.0,0.0,0.0,20.0,20.0,0.0,50.0,0.0,0.0,0.0,0.0,0.0,0.0,0.0,20.0,0.0,0.0,11.1,20.0,100.0,20.0,22.2,0.0,20.0,20.0,20.0,0.0,10.0,22.2,9.7
1790496625.861,22.2,0.0,0.0,0.0,0.0,0.0,0.0,0.0,0.0,0.0,0.0,0.0,0.0,0.0,20.0,20.0,20.0,22.2,0.0,0.0,0.0,0.0,0.0,0.0,0.0,33.3,0.0,0.0,0.0,0.0,20.0,20.0,0.0,44.4,20.0,0.0,0.0,0.0,0.0,0.0,0.0,20.0,0.0,0.0,20.0,27.3,100.0,20.0,27.3,0.0,27.3,27.3,11.1,0.0,30.0,20.0,10.2
1790496625.961,33.3,0.0,0.0,0.0,0.0,0.0,0.0,0.0,0.0,0.0,0.0,0.0,0.0,0.0,20.0,20.0,22.2,20.0,0.0,0.0,0.0,0.0,0.0,0.0,0.0,45.5,0.0,0.0,0.0,0.0,20.0,20.0,0.0,45.5,30.0,0.0,0.0,0.0,0.0,0.0,0.0,22.2,0.0,0.0,12.5,22.2,100.0,22.2,20.0,0.0,20.0,22.2,11.1,9.1,20.0,27.3,10.5
1790496626.061,40.0,0.0,0.0,0.0,0.0,0.0,0.0,0.0,0.0,0.0,0.0,0.0,0.0,0.0,18.2,11.1,20.0,20.0,0.0,0.0,0.0,0.0,0.0,0.0,0.0,36.4,0.0,0.0,0.0,0.0,27.3,20.0,0.0,44.4,10.0,0.0,0.0,0.0,0.0,0.0,0.0,20.0,0.0,0.0,20.0,27.3,100.0,20.0,20.0,0.0,20.0,27.3,11.1,0.0,20.0,22.2,9.9
1790496626.161,0.0,0.0,0.0,0.0,27.3,0.0,0.0,0.0,0.0,0.0,0.0,0.0,0.0,0.0,10.0,10.0,10.0,10.0,0.0,0.0,0.0,0.0,0.0,0.0,0.0,33.3,0.0,0.0,0.0,0.0,10.0,10.0,0.0,50.0,0.0,0.0,0.0,0.0,0.0,0.0,0.0,18.2,0.0,0.0,10.0,10.0,100.0,10.0,10.0,0.0,10.0,22.2,18.2,0.0,9.1,0.0,6.9
1790496626.261,18.2,9.1,0.0,0.0,10.0,0.0,0.0,0.0,0.0,0.0,0.0,0.0,0.0,0.0,20.0,18.2,10.0,20.0,0.0,0.0,0.0,0.0,0.0,0.0,0.0,40.0,0.0,0.0,0.0,0.0,20.0,10.0,0.0,45.5,10.0,0.0,0.0,0.0,0.0,0.0,0.0,33.3,0.0,0.0,11.1,18.2,100.0,18.2,20.0,0.0,11.1,27.3,11.1,0.0,11.1,20.0,9.1
1790496626.362,22.2,0.0,0.0,0.0,0.0,0.0,0.0,0.0,0.0,0.0,0.0,0.0,0.0,0.0,20.0,20.0,20.0,20.0,0.0,0.0,0.0,0.0,0.0,0.0,0.0,36.4,0.0,0.0,0.0,0.0,20.0,20.0,0.0,44.4,30.0,0.0,0.0,0.0,0.0,0.0,0.0,33.3,0.0,0.0,20.0,30.0,100.0,20.0,20.0,0.0,20.0,30.0,20.0,0.0,20.0,20.0,10.5
1790496626.462,20.0,0.0,0.0,0.0,0.0,0.0,0.0,0.0,0.0,0.0,0.0,0.0,0.0,0.0,12.5,20.0,30.0,27.3,0.0,0.0,0.0,0.0,0.0,0.0,0.0,40.0,0.0,0.0,0.0,0.0,20.0,20.0,0.0,45.5,10.0,0.0,0.0,0.0,0.0,0.0,0.0,45.5,0.0,0.0,22.2,11.1,100.0,20.0,36.4,30.0,20.0,9.1,0.0,20.0,20.0,18.2,10.7
1790496626.562,11.1,0.0,0.0,0.0,0.0,0.0,0.0,0.0,0.0,0.0,0.0,0.0,0.0,0.0,27.3,22.2,20.0,22.2,0.0,0.0,0.0,0.0,0.0,0.0,0.0,40.0,0.0,0.0,0.0,0.0,40.0,20.0,0.0,44.4,0.0,0.0,0.0,0.0,0.0,0.0,0.0,30.0,0.0,0.0,20.0,27.3,100.0,11.1,10.0,20.0,10.0,10.0,20.0,30.0,20.0,20.0,10.3
1790496626.662,20.0,0.0,9.1,0.0,33.3,0.0,0.0,0.0,0.0,0.0,0.0,0.0,0.0,0.0,9.1,18.2,10.0,18.2,0.0,0.0,0.0,0.0,0.0,0.0,0.0,33.3,0.0,0.0,0.0,0.0,9.1,10.0,0.0,9.1,11.1,0.0,0.0,0.0,0.0,0.0,0.0,10.0,0.0,0.0,20.0,10.0,100.0,10.0,0.0,10.0,0.0,20.0,9.1,10.0,0.0,0.0,7.0
1790496626.762,11.1,0.0,0.0,0.0,50.0,0.0,0.0,0.0,0.0,0.0,0.0,0.0,0.0,0.0,20.0,10.0,20.0,10.0,0.0,0.0,0.0,0.0,0.0,0.0,0.0,40.0,0.0,0.0,0.0,0.0,0.0,20.0,0.0,11.1,27.3,0.0,0.0,0.0,0.0,0.0,0.0,18.2,0.0,0.0,11.1,20.0,100.0,27.3,20.0,10.0,0.0,30.0,0.0,11.1,20.0,18.2,9.0
1790496626.862,41.7,0.0,0.0,0.0,50.0,0.0,0.0,0.0,0.0,0.0,0.0,0.0,0.0,0.0,20.0,20.0,20.0,22.2,0.0,0.0,0.0,0.0,0.0,0.0,0.0,40.0,0.0,0.0,0.0,0.0,0.0,20.0,0.0,20.0,10.0,0.0,0.0,0.0,0.0,0.0,0.0,40.0,0.0,0.0,11.1,20.0,100.0,22.2,20.0,22.2,0.0,30.0,0.0,20.0,20.0,20.0,10.5
1790496626.963,0.0,0.0,0.0,0.0,45.5,0.0,0.0,0.0,0.0,0.0,0.0,0.0,0.0,0.0,11.1,11.1,20.0,20.0,0.0,0.0,0.0,0.0,0.0,0.0,0.0,36.4,0.0,0.0,0.0,0.0,18.2,20.0,0.0,10.0,20.0,0.0,0.0,0.0,0.0,0.0,0.0,11.1,0.0,0.0,20.0,20.0,100.0,18.2,10.0,18.2,0.0,22.2,11.1,10.0,18.2,22.2,8.8
1790496627.063,0.0,0.0,0.0,0.0,44.4,0.0,0.0,0.0,0.0,0.0,0.0,0.0,0.0,0.0,20.0,18.2,20.0,20.0,0.0,0.0,0.0,0.0,0.0,0.0,0.0,40.0,0.0,0.0,0.0,0.0,20.0,10.0,0.0,20.0,30.0,0.0,0.0,0.0,0.0,0.0,0.0,20.0,0.0,0.0,20.0,20.0,100.0,40.0,0.0,20.0,0.0,27.3,18.2,20.0,11.1,20.0,10.0
1790496627.163,0.0,0.0,0.0,0.0,50.0,0.0,0.0,0.0,0.0,0.0,0.0,0.0,0.0,0.0,9.1,0.0,10.0,0.0,0.0,0.0,0.0,0.0,0.0,0.0,0.0,40.0,0.0,0.0,0.0,0.0,10.0,11.1,0.0,18.2,30.0,0.0,0.0,0.0,0.0,0.0,0.0,10.0,0.0,0.0,10.0,10.0,100.0,30.0,0.0,10.0,0.0,20.0,10.0,11.1,10.0,10.0,7.3
1790496627.263,0.0,0.0,0.0,0.0,45.5,0.0,0.0,0.0,0.0,0.0,0.0,0.0,0.0,0.0,11.1,11.1,10.0,20.0,0.0,0.0,0.0,0.0,0.0,0.0,0.0,33.3,0.0,0.0,0.0,0.0,11.1,10.0,0.0,11.1,20.0,0.0,0.0,0.0,0.0,0.0,0.0,36.4,0.0,0.0,20.0,20.0,100.0,30.0,0.0,20.0,0.0,30.0,11.1,18.2,20.0,20.0,9.1
1790496627.363,10.0,0.0,0.0,0.0,44.4,0.0,0.0,0.0,0.0,0.0,0.0,0.0,0.0,0.0,20.0,20.0,0.0,11.1,0.0,12.5,0.0,0.0,0.0,0.0,0.0,40.0,0.0,0.0,0.0,0.0,11.1,20.0,0.0,18.2,22.2,0.0,0.0,0.0,0.0,0.0,0.0,33.3,0.0,0.0,20.0,20.0,100.0,40.0,0.0,20.0,0.0,20.0,20.0,30.0,9.1,30.0,10.2
1790496627.463,0.0,0.0,0.0,0.0,50.0,0.0,0.0,0.0,0.0,0.0,0.0,0.0,0.0,0.0,30.0,20.0,0.0,20.0,0.0,20.0,0.0,0.0,0.0,0.0,0.0,40.0,0.0,0.0,0.0,0.0,18.2,20.0,0.0,11.1,27.3,0.0,0.0,0.0,0.0,0.0,0.0,20.0,0.0,0.0,20.0,22.2,100.0,11.1,0.0,20.0,9.1,20.0,20.0,11.1,0.0,20.0,9.5
1790496627.563,0.0,0.0,0.0,0.0,45.5,0.0,0.0,0.0,0.0,0.0,0.0,0.0,0.0,0.0,20.0,11.1,11.1,20.0,0.0,20.0,0.0,0.0,0.0,20.0,0.0,40.0,0.0,0.0,0.0,0.0,20.0,18.2,0.0,20.0,30.0,0.0,0.0,0.0,0.0,0.0,0.0,20.0,0.0,0.0,20.0,18.2,100.0,20.0,10.0,10.0,0.0,10.0,10.0,20.0,0.0,20.0,9.5
1790496627.664,0.0,0.0,9.1,0.0,30.0,0.0,0.0,0.0,0.0,0.0,0.0,0.0,0.0,0.0,10.0,10.0,10.0,10.0,0.0,18.2,0.0,0.0,0.0,22.2,0.0,30.0,0.0,0.0,0.0,0.0,0.0,10.0,27.3,9.1,30.0,0.0,0.0,0.0,0.0,0.0,0.0,30.0,0.0,0.0,10.0,10.0,100.0,10.0,9.1,0.0,0.0,0.0,10.0,10.0,0.0,10.0,7.6
1790496627.764,0.0,0.0,0.0,0.0,0.0,0.0,0.0,0.0,0.0,0.0,0.0,0.0,0.0,0.0,11.1,10.0,20.0,18.2,0.0,20.0,0.0,0.0,0.0,27.3,0.0,40.0,0.0,9.1,0.0,0.0,10.0,10.0,45.5,0.0,20.0,20.0,0.0,0.0,0.0,0.0,0.0,40.0,0.0,0.0,20.0,20.0,100.0,40.0,11.1,0.0,0.0,0.0,22.2,10.0,0.0,11.1,9.6
1790496627.864,0.0,10.0,0.0,0.0,0.0,0.0,0.0,0.0,0.0,0.0,0.0,0.0,0.0,0.0,20.0,20.0,0.0,20.0,0.0,20.0,10.0,0.0,0.0,11.1,0.0,40.0,0.0,0.0,0.0,0.0,20.0,20.0,44.4,0.0,20.0,30.0,0.0,0.0,0.0,0.0,0.0,0.0,0.0,0.0,20.0,11.1,100.0,20.0,0.0,20.0,0.0,0.0,20.0,11.1,0.0,20.0,9.1
1790496627.964,0.0,0.0,0.0,0.0,0.0,0.0,0.0,0.0,0.0,0.0,0.0,0.0,0.0,0.0,20.0,20.0,0.0,20.0,0.0,20.0,20.0,0.0,0.0,30.0,0.0,40.0,0.0,0.0,0.0,0.0,20.0,20.0,44.4,0.0,11.1,30.0,0.0,0.0,0.0,0.0,0.0,0.0,0.0,0.0,11.1,20.0,100.0,20.0,10.0,20.0,0.0,0.0,0.0,27.3,0.0,20.0,9.4
1790496628.064,0.0,0.0,0.0,0.0,0.0,0.0,0.0,0.0,0.0,0.0,0.0,0.0,0.0,0.0,11.1,20.0,0.0,30.0,0.0,20.0,10.0,10.0,0.0,30.0,0.0,40.0,0.0,0.0,0.0,0.0,20.0,20.0,45.5,0.0,18.2,20.0,0.0,0.0,0.0,0.0,0.0,0.0,0.0,0.0,22.2,27.3,100.0,40.0,0.0,20.0,0.0,0.0,27.3,22.2,0.0,20.0,10.2
1790496628.164,0.0,0.0,0.0,0.0,0.0,0.0,0.0,0.0,0.0,0.0,0.0,0.0,0.0,0.0,9.1,10.0,0.0,10.0,0.0,10.0,10.0,33.3,0.0,27.3,0.0,0.0,0.0,0.0,0.0,0.0,10.0,10.0,50.0,0.0,10.0,27.3,0.0,0.0,0.0,0.0,0.0,0.0,0.0,0.0,10.0,10.0,100.0,10.0,0.0,10.0,0.0,0.0,10.0,18.2,0.0,10.0,7.1
1790496628.264,0.0,0.0,0.0,0.0,0.0,0.0,0.0,0.0,0.0,20.0,0.0,0.0,0.0,0.0,20.0,11.1,0.0,10.0,0.0,11.1,10.0,36.4,0.0,20.0,0.0,0.0,0.0,0.0,0.0,0.0,10.0,10.0,40.0,0.0,20.0,0.0,0.0,0.0,0.0,0.0,0.0,0.0,0.0,0.0,18.2,11.1,100.0,30.0,0.0,20.0,0.0,0.0,10.0,10.0,0.0,20.0,7.8
1790496628.365,0.0,0.0,0.0,0.0,0.0,0.0,0.0,18.2,0.0,0.0,0.0,0.0,0.0,0.0,20.0,20.0,0.0,20.0,0.0,20.0,11.1,40.0,0.0,20.0,0.0,0.0,0.0,0.0,0.0,0.0,20.0,11.1,54.5,9.1,11.1,0.0,0.0,0.0,0.0,0.0,0.0,0.0,0.0,0.0,12.5,18.2,100.0,22.2,0.0,27.3,0.0,0.0,20.0,20.0,0.0,20.0,9.2
1790496628.465,0.0,0.0,0.0,0.0,0.0,0.0,0.0,30.0,0.0,0.0,0.0,0.0,0.0,0.0,20.0,18.2,0.0,20.0,0.0,11.1,18.2,40.0,0.0,22.2,0.0,0.0,0.0,0.0,0.0,0.0,11.1,20.0,44.4,0.0,20.0,0.0,0.0,0.0,0.0,0.0,0.0,0.0,0.0,0.0,27.3,20.0,100.0,0.0,0.0,27.3,0.0,0.0,20.0,20.0,0.0,30.0,9.3
1790496628.565,0.0,0.0,0.0,0.0,0.0,0.0,0.0,30.0,0.0,0.0,0.0,0.0,0.0,0.0,20.0,20.0,0.0,20.0,0.0,20.0,0.0,33.3,0.0,27.3,0.0,0.0,0.0,0.0,0.0,0.0,20.0,20.0,45.5,0.0,20.0,0.0,0.0,0.0,0.0,0.0,0.0,0.0,0.0,0.0,20.0,20.0,100.0,0.0,10.0,12.5,0.0,0.0,22.2,20.0,0.0,11.1,8.8
1790496628.665,0.0,0.0,0.0,0.0,0.0,0.0,0.0,20.0,0.0,0.0,0.0,0.0,0.0,0.0,10.0,11.1,0.0,10.0,0.0,10.0,0.0,40.0,0.0,22.2,0.0,0.0,0.0,0.0,0.0,0.0,18.2,10.0,44.4,0.0,10.0,0.0,0.0,0.0,0.0,0.0,0.0,0.0,0.0,0.0,20.0,11.1,100.0,0.0,18.2,18.2,0.0,0.0,10.0,11.1,0.0,10.0,7.2
1790496628.765,0.0,0.0,0.0,0.0,0.0,0.0,0.0,0.0,0.0,0.0,0.0,0.0,0.0,0.0,20.0,10.0,20.0,11.1,0.0,11.1,0.0,45.5,0.0,20.0,0.0,0.0,0.0,0.0,0.0,0.0,10.0,10.0,50.0,0.0,10.0,20.0,0.0,0.0,0.0,0.0,0.0,0.0,0.0,0.0,10.0,18.2,100.0,0.0,11.1,11.1,0.0,0.0,18.2,18.2,0.0,20.0,7.9
1790496628.865,0.0,0.0,9.1,0.0,0.0,0.0,0.0,0.0,0.0,0.0,0.0,0.0,0.0,0.0,20.0,27.3,20.0,0.0,0.0,20.0,0.0,44.4,0.0,20.0,0.0,0.0,0.0,0.0,0.0,0.0,20.0,20.0,40.0,0.0,20.0,27.3,0.0,0.0,0.0,0.0,0.0,0.0,0.0,0.0,22.2,11.1,100.0,0.0,10.0,27.3,0.0,0.0,20.0,20.0,0.0,20.0,9.3
1790496628.966,0.0,0.0,0.0,0.0,0.0,0.0,0.0,0.0,0.0,0.0,0.0,0.0,0.0,0.0,20.0,30.0,20.0,0.0,0.0,20.0,0.0,40.0,0.0,20.0,0.0,0.0,0.0,0.0,0.0,0.0,20.0,20.0,50.0,0.0,20.0,22.2,0.0,0.0,0.0,0.0,0.0,0.0,0.0,0.0,20.0,20.0,100.0,0.0,0.0,30.0,0.0,0.0,20.0,11.1,0.0,20.0,9.0
1790496629.066,0.0,0.0,0.0,0.0,0.0,0.0,0.0,0.0,0.0,0.0,0.0,0.0,0.0,0.0,11.1,20.0,20.0,0.0,0.0,10.0,0.0,40.0,0.0,30.0,0.0,0.0,0.0,0.0,0.0,0.0,20.0,11.1,44.4,0.0,22.2,20.0,0.0,0.0,0.0,0.0,0.0,0.0,0.0,0.0,30.0,20.0,100.0,0.0,9.1,20.0,0.0,0.0,27.3,20.0,0.0,22.2,8.9
1790496629.166,0.0,0.0,0.0,0.0,0.0,0.0,0.0,0.0,0.0,0.0,0.0,0.0,0.0,0.0,10.0,11.1,10.0,0.0,0.0,11.1,0.0,40.0,0.0,30.0,0.0,0.0,0.0,0.0,0.0,0.0,0.0,10.0,45.5,0.0,27.3,10.0,0.0,0.0,0.0,0.0,0.0,0.0,0.0,0.0,11.1,10.0,100.0,0.0,10.0,11.1,0.0,0.0,0.0,10.0,0.0,10.0,6.6
1790496629.266,0.0,0.0,0.0,0.0,0.0,0.0,0.0,0.0,0.0,0.0,0.0,0.0,0.0,0.0,20.0,10.0,20.0,0.0,0.0,10.0,0.0,40.0,0.0,20.0,0.0,0.0,0.0,0.0,0.0,0.0,20.0,18.2,44.4,0.0,30.0,0.0,0.0,0.0,0.0,0.0,0.0,0.0,0.0,0.0,20.0,20.0,100.0,0.0,20.0,20.0,0.0,0.0,20.0,27.3,0.0,20.0,8.6
1790496629.366,0.0,0.0,0.0,0.0,0.0,0.0,0.0,0.0,0.0,0.0,0.0,0.0,0.0,0.0,0.0,22.2,20.0,0.0,0.0,30.0,0.0,36.4,0.0,30.0,0.0,0.0,0.0,0.0,0.0,0.0,30.0,22.2,50.0,0.0,0.0,0.0,0.0,0.0,0.0,0.0,0.0,0.0,0.0,0.0,20.0,20.0,100.0,0.0,18.2,30.0,10.0,0.0,30.0,22.2,0.0,22.2,9.2
1790496629.466,0.0,0.0,0.0,0.0,0.0,0.0,0.0,0.0,0.0,0.0,0.0,0.0,0.0,0.0,0.0,20.0,30.0,0.0,0.0,20.0,0.0,40.0,0.0,20.0,0.0,0.0,0.0,0.0,0.0,0.0,10.0,27.3,45.5,0.0,20.0,0.0,0.0,0.0,0.0,0.0,0.0,20.0,0.0,0.0,30.0,30.0,100.0,0.0,0.0,22.2,22.2,0.0,30.0,27.3,0.0,30.0,9.7
1790496629.566,22.2,0.0,9.1,0.0,0.0,0.0,0.0,0.0,0.0,0.0,0.0,0.0,0.0,0.0,0.0,72.7,18.2,20.0,0.0,27.3,0.0,40.0,0.0,10.0,0.0,0.0,0.0,0.0,0.0,0.0,0.0,22.2,44.4,0.0,27.3,0.0,0.0,0.0,0.0,0.0,0.0,30.0,0.0,0.0,33.3,36.4,100.0,0.0,0.0,36.4,30.0,0.0,11.1,0.0,0.0,11.1,10.7
1790496629.667,30.0,0.0,0.0,0.0,0.0,0.0,0.0,0.0,0.0,0.0,0.0,0.0,0.0,0.0,0.0,100.0,0.0,0.0,0.0,0.0,11.1,0.0,10.0,10.0,0.0,0.0,0.0,10.0,0.0,0.0,0.0,0.0,54.5,0.0,12.5,0.0,0.0,0.0,0.0,0.0,0.0,0.0,9.1,0.0,10.0,0.0,100.0,0.0,0.0,33.3,30.0,0.0,0.0,18.2,0.0,9.1,8.0
1790496629.767,20.0,0.0,0.0,0.0,0.0,0.0,0.0,0.0,0.0,0.0,0.0,0.0,0.0,0.0,0.0,100.0,0.0,0.0,0.0,0.0,9.1,0.0,0.0,27.3,0.0,0.0,0.0,10.0,0.0,0.0,0.0,0.0,40.0,0.0,27.3,0.0,0.0,0.0,0.0,0.0,0.0,0.0,0.0,0.0,0.0,0.0,100.0,0.0,0.0,45.5,55.6,0.0,0.0,0.0,0.0,0.0,7.8
1790496629.867,30.0,0.0,0.0,0.0,0.0,0.0,0.0,0.0,0.0,0.0,0.0,0.0,0.0,0.0,0.0,20.0,0.0,0.0,0.0,0.0,0.0,0.0,0.0,0.0,0.0,0.0,0.0,0.0,0.0,0.0,0.0,0.0,50.0,0.0,20.0,0.0,0.0,0.0,0.0,0.0,0.0,0.0,0.0,0.0,0.0,0.0,100.0,0.0,0.0,0.0,100.0,0.0,0.0,0.0,0.0,0.0,5.7
1790496629.967,22.2,0.0,0.0,0.0,0.0,0.0,0.0,0.0,0.0,0.0,0.0,0.0,0.0,0.0,0.0,40.0,0.0,0.0,0.0,0.0,0.0,0.0,0.0,0.0,0.0,0.0,0.0,0.0,0.0,0.0,0.0,0.0,40.0,9.1,27.3,0.0,0.0,0.0,0.0,0.0,0.0,0.0,0.0,0.0,0.0,0.0,100.0,0.0,0.0,0.0,100.0,0.0,0.0,0.0,0.0,0.0,6.0
1790496630.067,30.0,0.0,0.0,0.0,0.0,0.0,0.0,0.0,0.0,0.0,0.0,0.0,0.0,0.0,70.0,30.0,0.0,0.0,0.0,0.0,0.0,9.1,0.0,0.0,0.0,0.0,0.0,0.0,0.0,0.0,0.0,0.0,50.0,0.0,11.1,0.0,0.0,0.0,0.0,0.0,0.0,0.0,0.0,0.0,0.0,0.0,100.0,0.0,0.0,0.0,30.0,9.1,0.0,0.0,0.0,0.0,6.1
1790496630.167,30.0,0.0,9.1,0.0,0.0,0.0,0.0,0.0,0.0,0.0,0.0,0.0,0.0,0.0,100.0,40.0,0.0,0.0,0.0,0.0,0.0,0.0,0.0,0.0,0.0,0.0,0.0,0.0,0.0,0.0,0.0,0.0,44.4,0.0,30.0,0.0,0.0,0.0,0.0,0.0,0.0,0.0,0.0,0.0,0.0,0.0,100.0,0.0,0.0,0.0,0.0,0.0,0.0,0.0,0.0,0.0,6.3
1790496630.267,11.1,0.0,0.0,0.0,0.0,0.0,0.0,0.0,0.0,0.0,0.0,0.0,0.0,0.0,100.0,36.4,0.0,0.0,0.0,0.0,0.0,0.0,0.0,0.0,0.0,0.0,0.0,0.0,0.0,0.0,0.0,0.0,45.5,0.0,20.0,0.0,0.0,0.0,0.0,0.0,0.0,0.0,0.0,0.0,0.0,0.0,100.0,0.0,0.0,0.0,0.0,0.0,0.0,0.0,0.0,0.0,5.6
1790496630.368,20.0,0.0,0.0,0.0,0.0,0.0,0.0,0.0,0.0,0.0,0.0,0.0,0.0,0.0,100.0,40.0,0.0,0.0,0.0,0.0,0.0,0.0,0.0,0.0,0.0,0.0,0.0,0.0,0.0,0.0,0.0,0.0,50.0,0.0,20.0,0.0,0.0,0.0,0.0,0.0,0.0,0.0,0.0,0.0,0.0,0.0,100.0,0.0,0.0,0.0,0.0,0.0,0.0,0.0,0.0,0.0,5.9
1790496630.468,20.0,0.0,0.0,0.0,0.0,0.0,0.0,0.0,0.0,0.0,0.0,0.0,0.0,0.0,100.0,33.3,0.0,0.0,0.0,0.0,0.0,0.0,0.0,0.0,0.0,0.0,0.0,0.0,0.0,0.0,0.0,0.0,50.0,0.0,20.0,0.0,0.0,0.0,0.0,0.0,0.0,0.0,0.0,0.0,0.0,0.0,100.0,0.0,0.0,0.0,0.0,0.0,0.0,0.0,0.0,0.0,5.8
1790496630.568,20.0,0.0,0.0,0.0,0.0,0.0,0.0,0.0,0.0,0.0,0.0,0.0,0.0,0.0,100.0,30.0,0.0,0.0,0.0,0.0,0.0,0.0,0.0,0.0,0.0,0.0,0.0,0.0,0.0,0.0,0.0,0.0,40.0,0.0,20.0,0.0,0.0,0.0,0.0,0.0,0.0,0.0,0.0,0.0,0.0,0.0,100.0,0.0,0.0,0.0,0.0,0.0,0.0,0.0,0.0,0.0,5.5
1790496630.668,22.2,0.0,0.0,0.0,0.0,0.0,0.0,0.0,0.0,0.0,0.0,0.0,0.0,0.0,100.0,40.0,0.0,0.0,0.0,0.0,0.0,0.0,0.0,0.0,0.0,0.0,9.1,0.0,0.0,0.0,0.0,0.0,50.0,0.0,20.0,0.0,0.0,0.0,0.0,0.0,0.0,0.0,0.0,0.0,0.0,0.0,100.0,0.0,0.0,0.0,0.0,0.0,0.0,0.0,0.0,0.0,6.1
1790496630.768,30.0,0.0,0.0,0.0,0.0,0.0,0.0,0.0,0.0,0.0,0.0,0.0,0.0,0.0,100.0,40.0,0.0,0.0,0.0,0.0,0.0,0.0,0.0,0.0,0.0,0.0,0.0,0.0,0.0,0.0,0.0,0.0,40.0,0.0,30.0,0.0,0.0,0.0,0.0,0.0,0.0,0.0,0.0,0.0,0.0,0.0,100.0,0.0,0.0,0.0,0.0,0.0,0.0,0.0,0.0,0.0,6.1
1790496630.868,20.0,10.0,0.0,0.0,0.0,0.0,0.0,0.0,0.0,0.0,0.0,0.0,0.0,0.0,100.0,40.0,0.0,0.0,0.0,0.0,0.0,0.0,0.0,0.0,0.0,0.0,0.0,0.0,0.0,0.0,0.0,0.0,50.0,0.0,11.1,0.0,0.0,0.0,0.0,0.0,0.0,0.0,0.0,0.0,0.0,0.0,100.0,0.0,0.0,0.0,0.0,0.0,0.0,0.0,0.0,0.0,5.9
1790496630.968,30.0,0.0,0.0,0.0,0.0,0.0,0.0,0.0,0.0,0.0,0.0,0.0,0.0,0.0,100.0,45.5,0.0,0.0,0.0,0.0,0.0,0.0,9.1,0.0,0.0,0.0,0.0,0.0,0.0,0.0,0.0,0.0,44.4,0.0,27.3,0.0,0.0,0.0,0.0,0.0,0.0,0.0,0.0,0.0,0.0,10.0,100.0,9.1,0.0,0.0,0.0,0.0,0.0,0.0,0.0,0.0,6.7
1790496631.069,22.2,0.0,0.0,0.0,0.0,0.0,0.0,0.0,0.0,0.0,0.0,0.0,0.0,0.0,100.0,40.0,0.0,0.0,0.0,0.0,0.0,0.0,0.0,0.0,0.0,0.0,0.0,0.0,0.0,0.0,0.0,0.0,45.5,0.0,20.0,0.0,0.0,0.0,0.0,0.0,0.0,0.0,0.0,0.0,0.0,0.0,100.0,0.0,0.0,0.0,0.0,0.0,0.0,0.0,0.0,0.0,5.9
1790496631.169,30.0,0.0,0.0,0.0,0.0,0.0,0.0,0.0,0.0,0.0,0.0,0.0,0.0,0.0,100.0,30.0,0.0,0.0,0.0,0.0,0.0,0.0,0.0,0.0,0.0,0.0,0.0,0.0,0.0,0.0,0.0,0.0,50.0,0.0,20.0,0.0,0.0,0.0,0.0,0.0,0.0,0.0,0.0,0.0,0.0,0.0,100.0,0.0,0.0,0.0,0.0,0.0,0.0,0.0,0.0,0.0,5.9
1790496631.269,20.0,0.0,0.0,0.0,0.0,0.0,0.0,0.0,0.0,0.0,0.0,0.0,0.0,0.0,100.0,33.3,0.0,0.0,0.0,0.0,0.0,0.0,0.0,0.0,0.0,0.0,0.0,0.0,0.0,0.0,0.0,0.0,50.0,0.0,27.3,0.0,0.0,0.0,0.0,0.0,0.0,0.0,0.0,0.0,0.0,0.0,100.0,0.0,0.0,0.0,0.0,0.0,0.0,0.0,0.0,0.0,5.9
1790496631.369,40.0,0.0,0.0,0.0,0.0,0.0,0.0,0.0,0.0,0.0,0.0,0.0,0.0,0.0,100.0,33.3,0.0,0.0,0.0,0.0,0.0,0.0,0.0,0.0,0.0,0.0,0.0,0.0,0.0,0.0,0.0,0.0,40.0,0.0,12.5,0.0,0.0,0.0,0.0,0.0,0.0,0.0,0.0,0.0,0.0,0.0,100.0,0.0,0.0,0.0,0.0,0.0,0.0,0.0,0.0,0.0,5.8
1790496631.469,20.0,0.0,0.0,0.0,0.0,0.0,0.0,0.0,0.0,0.0,0.0,0.0,0.0,0.0,100.0,36.4,0.0,0.0,0.0,0.0,0.0,0.0,0.0,0.0,0.0,0.0,0.0,0.0,0.0,0.0,0.0,0.0,50.0,9.1,27.3,0.0,0.0,0.0,0.0,0.0,0.0,0.0,0.0,0.0,0.0,0.0,100.0,0.0,0.0,0.0,0.0,0.0,0.0,0.0,0.0,0.0,6.1
1790496631.569,30.0,0.0,0.0,0.0,0.0,0.0,0.0,0.0,0.0,0.0,0.0,0.0,0.0,0.0,100.0,40.0,0.0,0.0,0.0,0.0,0.0,0.0,0.0,0.0,0.0,0.0,0.0,0.0,0.0,0.0,0.0,0.0,40.0,0.0,20.0,0.0,0.0,0.0,0.0,0.0,0.0,0.0,0.0,0.0,0.0,0.0,100.0,0.0,0.0,0.0,0.0,0.0,0.0,0.0,0.0,0.0,5.9
1790496631.669,33.3,0.0,0.0,0.0,0.0,0.0,0.0,0.0,0.0,0.0,0.0,0.0,0.0,0.0,100.0,33.3,0.0,0.0,0.0,0.0,0.0,0.0,0.0,0.0,0.0,0.0,0.0,0.0,0.0,0.0,0.0,0.0,50.0,0.0,20.0,0.0,0.0,0.0,0.0,0.0,0.0,0.0,0.0,0.0,0.0,0.0,100.0,0.0,9.1,0.0,0.0,0.0,0.0,0.0,0.0,0.0,6.2
1790496631.770,20.0,0.0,0.0,0.0,0.0,0.0,0.0,0.0,0.0,0.0,0.0,0.0,0.0,0.0,100.0,40.0,9.1,0.0,0.0,0.0,0.0,0.0,0.0,0.0,0.0,0.0,0.0,0.0,0.0,0.0,0.0,0.0,50.0,0.0,20.0,9.1,0.0,0.0,0.0,0.0,0.0,0.0,0.0,0.0,0.0,0.0,100.0,0.0,0.0,0.0,0.0,0.0,0.0,0.0,0.0,0.0,6.2
1790496631.870,30.0,0.0,9.1,0.0,0.0,0.0,0.0,0.0,0.0,0.0,0.0,0.0,0.0,0.0,100.0,36.4,0.0,0.0,0.0,0.0,0.0,0.0,0.0,0.0,0.0,0.0,0.0,0.0,0.0,0.0,0.0,0.0,45.5,0.0,22.2,0.0,0.0,0.0,0.0,0.0,0.0,0.0,0.0,0.0,0.0,0.0,100.0,0.0,0.0,0.0,0.0,0.0,0.0,0.0,0.0,0.0,6.1
1790496631.970,22.2,0.0,0.0,0.0,0.0,0.0,0.0,0.0,0.0,0.0,0.0,0.0,0.0,0.0,100.0,40.0,0.0,0.0,0.0,0.0,0.0,0.0,0.0,0.0,0.0,0.0,0.0,0.0,0.0,0.0,0.0,0.0,44.4,0.0,27.3,0.0,0.0,0.0,0.0,0.0,0.0,0.0,0.0,0.0,0.0,0.0,100.0,0.0,0.0,0.0,0.0,0.0,0.0,0.0,0.0,0.0,6.0
1790496632.070,20.0,0.0,0.0,0.0,0.0,0.0,0.0,0.0,0.0,0.0,0.0,0.0,0.0,0.0,100.0,40.0,0.0,0.0,0.0,0.0,0.0,0.0,0.0,0.0,0.0,0.0,0.0,0.0,0.0,0.0,0.0,0.0,50.0,0.0,20.0,0.0,0.0,0.0,0.0,0.0,0.0,0.0,0.0,0.0,0.0,0.0,100.0,0.0,0.0,0.0,0.0,0.0,0.0,0.0,0.0,0.0,5.9
1790496632.170,30.0,0.0,0.0,0.0,0.0,0.0,0.0,0.0,0.0,0.0,0.0,0.0,0.0,0.0,100.0,40.0,0.0,0.0,0.0,0.0,0.0,0.0,0.0,0.0,0.0,0.0,0.0,0.0,0.0,0.0,0.0,0.0,40.0,0.0,30.0,0.0,0.0,0.0,0.0,0.0,0.0,0.0,0.0,0.0,0.0,0.0,100.0,0.0,0.0,0.0,0.0,0.0,0.0,0.0,0.0,0.0,6.1
1790496632.270,30.0,0.0,0.0,0.0,0.0,0.0,0.0,0.0,0.0,0.0,0.0,0.0,0.0,0.0,100.0,30.0,0.0,0.0,0.0,0.0,0.0,0.0,0.0,0.0,0.0,0.0,0.0,0.0,0.0,0.0,0.0,0.0,50.0,0.0,18.2,0.0,0.0,0.0,0.0,0.0,0.0,0.0,0.0,0.0,0.0,0.0,100.0,0.0,0.0,0.0,0.0,0.0,0.0,0.0,0.0,0.0,5.9
1790496632.370,22.2,0.0,0.0,0.0,0.0,0.0,0.0,0.0,0.0,0.0,0.0,0.0,0.0,0.0,100.0,40.0,0.0,0.0,0.0,0.0,0.0,0.0,0.0,0.0,0.0,0.0,0.0,0.0,0.0,0.0,0.0,0.0,45.5,0.0,30.0,0.0,0.0,0.0,0.0,0.0,0.0,0.0,0.0,0.0,0.0,0.0,100.0,0.0,0.0,0.0,0.0,0.0,0.0,0.0,0.0,0.0,6.0
1790496632.471,20.0,0.0,0.0,0.0,0.0,0.0,0.0,0.0,0.0,0.0,0.0,0.0,0.0,0.0,100.0,30.0,0.0,0.0,0.0,0.0,0.0,0.0,0.0,0.0,0.0,0.0,0.0,0.0,0.0,0.0,0.0,0.0,44.4,0.0,20.0,0.0,0.0,0.0,0.0,0.0,0.0,0.0,0.0,0.0,0.0,0.0,100.0,0.0,0.0,0.0,0.0,0.0,0.0,0.0,0.0,0.0,5.6
1790496632.571,22.2,0.0,0.0,0.0,0.0,0.0,0.0,0.0,0.0,0.0,0.0,0.0,0.0,0.0,100.0,45.5,0.0,0.0,0.0,0.0,0.0,0.0,0.0,0.0,0.0,0.0,0.0,0.0,0.0,0.0,0.0,0.0,50.0,0.0,22.2,0.0,0.0,0.0,0.0,0.0,0.0,0.0,0.0,9.1,0.0,0.0,100.0,0.0,0.0,0.0,0.0,9.1,0.0,0.0,0.0,0.0,6.4
1790496632.671,30.0,0.0,0.0,0.0,0.0,0.0,0.0,0.0,0.0,0.0,0.0,0.0,0.0,0.0,100.0,33.3,0.0,0.0,0.0,0.0,0.0,0.0,0.0,0.0,0.0,0.0,0.0,0.0,0.0,0.0,0.0,0.0,45.5,0.0,20.0,0.0,0.0,0.0,0.0,0.0,0.0,0.0,0.0,0.0,0.0,0.0,100.0,0.0,0.0,0.0,0.0,0.0,0.0,0.0,0.0,0.0,5.9
1790496632.771,30.0,0.0,0.0,0.0,0.0,0.0,0.0,0.0,0.0,0.0,0.0,0.0,0.0,0.0,100.0,40.0,0.0,0.0,0.0,0.0,0.0,0.0,0.0,0.0,0.0,0.0,0.0,0.0,0.0,0.0,0.0,0.0,50.0,9.1,11.1,0.0,0.0,0.0,0.0,0.0,0.0,0.0,0.0,0.0,0.0,0.0,100.0,0.0,0.0,0.0,0.0,0.0,0.0,0.0,0.0,0.0,6.1
1790496632.871,30.0,0.0,0.0,0.0,0.0,0.0,0.0,0.0,0.0,0.0,0.0,0.0,0.0,0.0,100.0,36.4,20.0,0.0,0.0,0.0,0.0,0.0,0.0,0.0,0.0,0.0,0.0,0.0,0.0,0.0,0.0,0.0,44.4,0.0,16.7,0.0,0.0,0.0,0.0,0.0,0.0,0.0,9.1,0.0,0.0,0.0,100.0,0.0,0.0,0.0,0.0,0.0,0.0,0.0,0.0,0.0,6.4
1790496632.971,22.2,0.0,0.0,0.0,0.0,0.0,0.0,0.0,0.0,0.0,0.0,0.0,0.0,0.0,100.0,40.0,0.0,9.1,0.0,0.0,0.0,0.0,0.0,0.0,0.0,0.0,0.0,0.0,0.0,0.0,0.0,0.0,40.0,0.0,0.0,0.0,0.0,0.0,0.0,0.0,0.0,0.0,0.0,0.0,0.0,0.0,100.0,0.0,0.0,9.1,0.0,0.0,0.0,0.0,0.0,0.0,5.7
1790496633.071,18.2,0.0,0.0,0.0,0.0,0.0,0.0,0.0,0.0,0.0,0.0,0.0,0.0,0.0,100.0,40.0,0.0,0.0,0.0,0.0,0.0,0.0,0.0,0.0,0.0,0.0,0.0,0.0,0.0,0.0,0.0,0.0,54.5,0.0,11.1,0.0,0.0,0.0,0.0,0.0,0.0,0.0,0.0,0.0,0.0,0.0,100.0,0.0,0.0,22.2,0.0,0.0,0.0,0.0,0.0,0.0,6.2
1790496633.172,0.0,0.0,0.0,0.0,0.0,0.0,0.0,0.0,0.0,0.0,0.0,0.0,0.0,0.0,100.0,33.3,0.0,0.0,0.0,0.0,0.0,0.0,0.0,0.0,0.0,0.0,0.0,0.0,0.0,0.0,0.0,0.0,44.4,0.0,20.0,0.0,0.0,0.0,0.0,0.0,0.0,0.0,0.0,0.0,0.0,0.0,100.0,0.0,0.0,27.3,0.0,0.0,0.0,0.0,0.0,0.0,5.8
1790496633.272,0.0,0.0,0.0,0.0,0.0,0.0,0.0,0.0,0.0,0.0,0.0,0.0,0.0,0.0,100.0,40.0,0.0,0.0,0.0,0.0,0.0,0.0,0.0,0.0,0.0,0.0,0.0,0.0,0.0,0.0,0.0,0.0,45.5,0.0,30.0,0.0,0.0,0.0,0.0,0.0,0.0,0.0,0.0,0.0,0.0,0.0,100.0,0.0,0.0,30.0,0.0,0.0,0.0,0.0,0.0,0.0,6.2
1790496633.372,0.0,0.0,0.0,0.0,0.0,0.0,0.0,0.0,0.0,0.0,0.0,0.0,0.0,0.0,100.0,36.4,0.0,0.0,0.0,0.0,0.0,0.0,0.0,0.0,0.0,0.0,0.0,0.0,0.0,0.0,0.0,0.0,44.4,0.0,20.0,0.0,0.0,0.0,0.0,0.0,0.0,0.0,0.0,0.0,0.0,0.0,100.0,0.0,0.0,22.2,0.0,0.0,0.0,0.0,0.0,0.0,5.8
1790496633.472,0.0,0.0,0.0,0.0,0.0,0.0,0.0,0.0,0.0,0.0,0.0,0.0,0.0,0.0,100.0,50.0,0.0,0.0,0.0,0.0,0.0,0.0,0.0,0.0,0.0,0.0,0.0,9.1,0.0,0.0,0.0,0.0,50.0,9.1,20.0,0.0,0.0,0.0,0.0,0.0,0.0,0.0,0.0,0.0,0.0,0.0,100.0,0.0,9.1,30.0,0.0,0.0,0.0,0.0,0.0,0.0,6.7
1790496633.572,0.0,0.0,9.1,0.0,0.0,0.0,0.0,0.0,0.0,0.0,0.0,0.0,0.0,0.0,100.0,33.3,0.0,0.0,0.0,0.0,0.0,0.0,0.0,0.0,0.0,0.0,0.0,0.0,0.0,0.0,0.0,0.0,45.5,0.0,20.0,0.0,0.0,0.0,0.0,0.0,0.0,0.0,0.0,0.0,0.0,0.0,100.0,0.0,0.0,36.4,0.0,0.0,0.0,0.0,0.0,0.0,6.1
1790496633.672,0.0,0.0,0.0,0.0,0.0,0.0,0.0,0.0,0.0,0.0,0.0,0.0,0.0,0.0,100.0,30.0,0.0,0.0,0.0,0.0,0.0,0.0,0.0,0.0,0.0,0.0,0.0,0.0,0.0,0.0,0.0,0.0,44.4,0.0,20.0,0.0,0.0,0.0,0.0,0.0,0.0,0.0,0.0,0.0,0.0,0.0,100.0,0.0,0.0,22.2,0.0,0.0,0.0,0.0,0.0,0.0,5.7
1790496633.772,0.0,0.0,0.0,0.0,0.0,0.0,0.0,0.0,0.0,0.0,0.0,0.0,0.0,0.0,100.0,45.5,0.0,0.0,0.0,0.0,0.0,0.0,0.0,0.0,0.0,0.0,0.0,0.0,0.0,0.0,0.0,0.0,50.0,0.0,27.3,0.0,0.0,0.0,0.0,0.0,0.0,0.0,0.0,0.0,0.0,0.0,100.0,0.0,0.0,27.3,0.0,0.0,0.0,0.0,0.0,0.0,6.2
1790496633.872,0.0,10.0,0.0,0.0,0.0,0.0,0.0,0.0,0.0,0.0,0.0,0.0,0.0,0.0,100.0,44.4,0.0,0.0,0.0,0.0,0.0,0.0,0.0,0.0,0.0,0.0,0.0,0.0,0.0,0.0,0.0,0.0,40.0,0.0,12.5,0.0,0.0,0.0,0.0,0.0,0.0,0.0,0.0,0.0,0.0,0.0,100.0,0.0,0.0,30.0,0.0,0.0,0.0,0.0,0.0,0.0,6.0
1790496633.973,0.0,0.0,0.0,0.0,0.0,0.0,0.0,0.0,0.0,0.0,0.0,0.0,0.0,0.0,100.0,40.0,0.0,0.0,0.0,0.0,0.0,0.0,0.0,0.0,0.0,0.0,0.0,0.0,0.0,0.0,0.0,0.0,50.0,0.0,27.3,0.0,0.0,0.0,0.0,0.0,0.0,0.0,0.0,0.0,0.0,0.0,100.0,0.0,0.0,22.2,0.0,0.0,0.0,0.0,0.0,0.0,6.1
1790496634.073,0.0,0.0,0.0,0.0,0.0,0.0,0.0,0.0,0.0,0.0,0.0,0.0,0.0,0.0,100.0,30.0,0.0,0.0,0.0,0.0,0.0,0.0,0.0,0.0,0.0,0.0,0.0,0.0,0.0,0.0,0.0,0.0,40.0,0.0,20.0,0.0,0.0,0.0,0.0,0.0,0.0,0.0,0.0,0.0,0.0,0.0,100.0,0.0,0.0,27.3,0.0,0.0,0.0,0.0,0.0,0.0,5.7
1790496634.173,0.0,0.0,0.0,0.0,0.0,0.0,0.0,0.0,0.0,0.0,0.0,0.0,0.0,0.0,100.0,40.0,0.0,0.0,0.0,0.0,0.0,0.0,0.0,0.0,0.0,0.0,0.0,0.0,0.0,0.0,0.0,0.0,50.0,9.1,27.3,0.0,0.0,0.0,0.0,0.0,0.0,0.0,0.0,0.0,0.0,0.0,100.0,0.0,0.0,30.0,0.0,0.0,0.0,0.0,0.0,0.0,6.4
1790496634.273,0.0,0.0,0.0,0.0,0.0,0.0,0.0,0.0,0.0,0.0,0.0,0.0,0.0,0.0,100.0,40.0,0.0,0.0,0.0,0.0,0.0,0.0,0.0,0.0,0.0,0.0,0.0,0.0,0.0,0.0,0.0,0.0,50.0,0.0,11.1,0.0,0.0,0.0,0.0,0.0,0.0,0.0,0.0,0.0,0.0,0.0,100.0,0.0,0.0,10.0,0.0,0.0,0.0,0.0,0.0,0.0,5.6
1790496634.373,0.0,0.0,0.0,0.0,0.0,0.0,0.0,0.0,0.0,0.0,0.0,0.0,0.0,0.0,100.0,40.0,0.0,0.0,0.0,0.0,0.0,0.0,0.0,0.0,0.0,0.0,0.0,0.0,0.0,0.0,0.0,0.0,40.0,0.0,30.0,0.0,0.0,0.0,0.0,0.0,0.0,0.0,0.0,0.0,0.0,0.0,100.0,0.0,0.0,30.0,0.0,0.0,0.0,0.0,0.0,0.0,6.1
1790496634.473,0.0,0.0,0.0,0.0,0.0,0.0,0.0,0.0,0.0,0.0,0.0,0.0,0.0,0.0,100.0,36.4,0.0,0.0,0.0,0.0,0.0,0.0,0.0,0.0,0.0,0.0,0.0,0.0,0.0,0.0,0.0,0.0,50.0,0.0,27.3,0.0,0.0,0.0,0.0,0.0,0.0,0.0,0.0,0.0,0.0,0.0,100.0,0.0,0.0,30.0,0.0,0.0,0.0,0.0,0.0,0.0,6.1
1790496634.573,0.0,0.0,9.1,0.0,0.0,0.0,0.0,0.0,0.0,0.0,0.0,0.0,0.0,0.0,100.0,33.3,0.0,0.0,0.0,0.0,0.0,0.0,0.0,0.0,0.0,0.0,0.0,0.0,0.0,0.0,0.0,0.0,50.0,0.0,11.1,0.0,0.0,0.0,0.0,0.0,0.0,0.0,0.0,0.0,0.0,0.0,100.0,0.0,0.0,11.1,0.0,0.0,0.0,0.0,0.0,0.0,5.6
1790496634.674,0.0,0.0,0.0,0.0,0.0,0.0,0.0,0.0,0.0,0.0,0.0,0.0,0.0,0.0,100.0,50.0,0.0,0.0,0.0,0.0,0.0,0.0,0.0,0.0,0.0,0.0,0.0,0.0,0.0,0.0,0.0,0.0,45.5,0.0,20.0,0.0,0.0,0.0,0.0,0.0,0.0,0.0,0.0,0.0,0.0,0.0,100.0,0.0,0.0,10.0,0.0,0.0,0.0,0.0,0.0,0.0,5.8
1790496634.774,0.0,0.0,0.0,0.0,0.0,0.0,0.0,0.0,0.0,0.0,0.0,0.0,0.0,0.0,100.0,40.0,0.0,0.0,0.0,0.0,0.0,0.0,0.0,0.0,0.0,0.0,0.0,0.0,0.0,0.0,0.0,0.0,44.4,0.0,20.0,0.0,0.0,0.0,0.0,0.0,0.0,0.0,0.0,0.0,0.0,0.0,100.0,0.0,0.0,27.3,0.0,0.0,0.0,0.0,0.0,0.0,5.9
1790496634.874,0.0,0.0,0.0,0.0,0.0,0.0,0.0,0.0,0.0,0.0,0.0,0.0,0.0,0.0,100.0,36.4,0.0,0.0,0.0,0.0,9.1,0.0,0.0,0.0,0.0,0.0,0.0,0.0,0.0,0.0,0.0,0.0,40.0,0.0,30.0,0.0,0.0,0.0,0.0,0.0,0.0,0.0,0.0,0.0,0.0,0.0,100.0,0.0,0.0,20.0,0.0,0.0,0.0,0.0,0.0,0.0,6.0
1790496634.974,0.0,0.0,0.0,0.0,0.0,0.0,0.0,0.0,0.0,0.0,0.0,0.0,0.0,0.0,100.0,40.0,0.0,0.0,0.0,0.0,0.0,0.0,0.0,0.0,0.0,0.0,0.0,0.0,0.0,0.0,0.0,0.0,54.5,0.0,20.0,0.0,0.0,0.0,0.0,0.0,0.0,0.0,0.0,0.0,0.0,0.0,100.0,0.0,0.0,10.0,0.0,9.1,0.0,0.0,0.0,0.0,6.0
1790496635.074,0.0,0.0,9.1,0.0,0.0,0.0,0.0,0.0,0.0,0.0,0.0,0.0,0.0,0.0,100.0,33.3,0.0,0.0,0.0,0.0,0.0,0.0,0.0,0.0,0.0,0.0,0.0,0.0,0.0,0.0,0.0,0.0,44.4,9.1,20.0,0.0,0.0,0.0,0.0,0.0,0.0,0.0,0.0,0.0,0.0,0.0,100.0,0.0,0.0,22.2,0.0,0.0,0.0,0.0,0.0,0.0,6.0
1790496635.174,0.0,0.0,0.0,0.0,0.0,0.0,0.0,0.0,0.0,0.0,0.0,0.0,0.0,0.0,100.0,40.0,0.0,0.0,0.0,0.0,0.0,0.0,0.0,0.0,0.0,0.0,0.0,0.0,0.0,0.0,0.0,0.0,40.0,0.0,20.0,0.0,0.0,0.0,0.0,0.0,0.0,0.0,0.0,0.0,0.0,0.0,100.0,0.0,0.0,27.3,0.0,0.0,0.0,0.0,0.0,0.0,5.8
1790496635.274,0.0,0.0,0.0,0.0,0.0,0.0,0.0,0.0,0.0,0.0,0.0,0.0,0.0,0.0,100.0,30.0,0.0,0.0,0.0,0.0,0.0,0.0,0.0,0.0,0.0,0.0,0.0,0.0,0.0,0.0,0.0,0.0,54.5,0.0,27.3,0.0,0.0,0.0,0.0,0.0,0.0,0.0,0.0,0.0,0.0,0.0,100.0,0.0,0.0,20.0,0.0,0.0,0.0,0.0,0.0,0.0,5.9
1790496635.375,0.0,0.0,0.0,0.0,0.0,0.0,0.0,0.0,0.0,0.0,0.0,0.0,0.0,0.0,100.0,40.0,0.0,0.0,0.0,0.0,0.0,0.0,0.0,0.0,0.0,0.0,0.0,0.0,0.0,0.0,0.0,0.0,44.4,0.0,11.1,0.0,0.0,0.0,0.0,0.0,0.0,0.0,0.0,0.0,0.0,0.0,100.0,0.0,0.0,22.2,0.0,0.0,0.0,0.0,0.0,0.0,5.7
1790496635.475,0.0,0.0,0.0,0.0,0.0,0.0,0.0,0.0,0.0,0.0,0.0,0.0,0.0,0.0,100.0,40.0,0.0,0.0,0.0,0.0,0.0,0.0,0.0,0.0,0.0,0.0,0.0,0.0,0.0,0.0,0.0,0.0,45.5,0.0,27.3,0.0,0.0,0.0,0.0,0.0,0.0,0.0,0.0,0.0,0.0,0.0,100.0,0.0,0.0,27.3,0.0,0.0,0.0,0.0,0.0,0.0,6.1
1790496635.575,0.0,0.0,0.0,0.0,0.0,0.0,0.0,0.0,0.0,0.0,0.0,0.0,0.0,0.0,18.2,40.0,0.0,0.0,0.0,0.0,0.0,0.0,0.0,0.0,0.0,0.0,0.0,0.0,0.0,0.0,0.0,0.0,50.0,0.0,22.2,0.0,0.0,0.0,0.0,0.0,0.0,0.0,81.8,0.0,0.0,0.0,100.0,0.0,0.0,20.0,0.0,0.0,0.0,0.0,0.0,0.0,5.9
1790496635.675,0.0,0.0,0.0,0.0,0.0,0.0,0.0,0.0,0.0,0.0,0.0,0.0,0.0,0.0,0.0,40.0,0.0,0.0,0.0,0.0,0.0,0.0,0.0,0.0,0.0,0.0,0.0,0.0,0.0,0.0,0.0,0.0,40.0,0.0,20.0,0.0,0.0,0.0,0.0,0.0,0.0,0.0,100.0,0.0,0.0,0.0,100.0,0.0,0.0,30.0,0.0,0.0,0.0,0.0,0.0,0.0,5.9
1790496635.775,0.0,0.0,0.0,0.0,0.0,0.0,0.0,0.0,0.0,0.0,0.0,0.0,0.0,0.0,0.0,30.0,0.0,0.0,0.0,0.0,0.0,0.0,0.0,0.0,0.0,0.0,0.0,0.0,0.0,0.0,0.0,0.0,50.0,0.0,20.0,0.0,0.0,0.0,0.0,0.0,0.0,0.0,100.0,0.0,0.0,0.0,100.0,0.0,0.0,22.2,0.0,0.0,0.0,0.0,0.0,0.0,5.8
1790496635.875,0.0,0.0,0.0,0.0,0.0,0.0,0.0,0.0,0.0,0.0,0.0,0.0,0.0,0.0,0.0,40.0,0.0,0.0,0.0,0.0,0.0,0.0,0.0,0.0,0.0,0.0,0.0,0.0,0.0,0.0,0.0,0.0,50.0,0.0,27.3,0.0,0.0,0.0,0.0,0.0,0.0,0.0,100.0,0.0,0.0,0.0,100.0,0.0,0.0,20.0,0.0,0.0,0.0,0.0,0.0,0.0,6.0
1790496635.975,0.0,9.1,0.0,0.0,0.0,0.0,0.0,0.0,0.0,0.0,0.0,0.0,0.0,0.0,0.0,40.0,0.0,0.0,0.0,0.0,0.0,0.0,0.0,0.0,0.0,0.0,0.0,0.0,0.0,0.0,0.0,0.0,40.0,0.0,11.1,0.0,0.0,0.0,0.0,0.0,0.0,0.0,100.0,0.0,0.0,0.0,100.0,0.0,0.0,10.0,0.0,0.0,0.0,0.0,0.0,0.0,5.5
1790496636.076,0.0,0.0,0.0,0.0,0.0,0.0,0.0,0.0,0.0,0.0,0.0,0.0,0.0,0.0,0.0,40.0,0.0,0.0,0.0,0.0,0.0,0.0,0.0,0.0,0.0,0.0,0.0,0.0,0.0,0.0,0.0,0.0,50.0,0.0,27.3,0.0,0.0,0.0,0.0,0.0,0.0,0.0,100.0,0.0,0.0,0.0,100.0,0.0,0.0,27.3,0.0,0.0,0.0,0.0,0.0,0.0,6.2
1790496636.176,0.0,0.0,0.0,0.0,0.0,0.0,0.0,0.0,0.0,0.0,0.0,0.0,0.0,0.0,0.0,30.0,0.0,0.0,0.0,0.0,0.0,0.0,0.0,0.0,0.0,0.0,0.0,0.0,0.0,0.0,0.0,0.0,50.0,0.0,22.2,0.0,0.0,0.0,0.0,0.0,0.0,0.0,100.0,0.0,0.0,0.0,100.0,0.0,0.0,30.0,0.0,0.0,0.0,0.0,0.0,0.0,5.9
1790496636.276,0.0,0.0,0.0,0.0,0.0,0.0,0.0,0.0,0.0,0.0,0.0,0.0,0.0,0.0,0.0,40.0,0.0,0.0,0.0,0.0,0.0,0.0,0.0,0.0,0.0,0.0,10.0,0.0,0.0,0.0,0.0,0.0,40.0,0.0,20.0,0.0,0.0,0.0,0.0,0.0,0.0,0.0,100.0,0.0,0.0,0.0,100.0,0.0,0.0,30.0,0.0,0.0,0.0,0.0,0.0,0.0,6.1
1790496636.376,0.0,0.0,0.0,0.0,0.0,0.0,0.0,0.0,0.0,0.0,0.0,0.0,0.0,0.0,0.0,40.0,0.0,0.0,0.0,0.0,0.0,0.0,0.0,0.0,0.0,0.0,0.0,0.0,0.0,0.0,0.0,0.0,50.0,0.0,20.0,0.0,0.0,0.0,0.0,0.0,0.0,0.0,100.0,0.0,0.0,0.0,100.0,0.0,0.0,20.0,0.0,0.0,0.0,0.0,0.0,0.0,5.9
1790496636.476,0.0,0.0,0.0,0.0,0.0,0.0,0.0,0.0,0.0,0.0,0.0,0.0,0.0,0.0,0.0,33.3,0.0,0.0,0.0,0.0,0.0,0.0,0.0,0.0,0.0,0.0,0.0,0.0,0.0,0.0,0.0,0.0,45.5,0.0,20.0,0.0,0.0,0.0,0.0,0.0,0.0,0.0,100.0,0.0,0.0,0.0,100.0,0.0,0.0,22.2,0.0,0.0,0.0,0.0,0.0,0.0,5.7
1790496636.576,0.0,0.0,0.0,0.0,0.0,0.0,0.0,0.0,0.0,0.0,0.0,0.0,0.0,0.0,0.0,36.4,0.0,0.0,0.0,0.0,0.0,0.0,0.0,0.0,0.0,0.0,0.0,0.0,0.0,0.0,0.0,0.0,44.4,0.0,27.3,0.0,0.0,0.0,0.0,0.0,0.0,0.0,100.0,0.0,0.0,0.0,100.0,0.0,9.1,27.3,0.0,0.0,0.0,0.0,0.0,0.0,6.2
1790496636.676,0.0,0.0,0.0,0.0,0.0,0.0,0.0,0.0,0.0,0.0,0.0,0.0,0.0,0.0,0.0,33.3,0.0,0.0,0.0,0.0,0.0,0.0,0.0,0.0,0.0,0.0,0.0,0.0,0.0,0.0,0.0,0.0,50.0,0.0,12.5,0.0,0.0,0.0,0.0,0.0,0.0,0.0,100.0,0.0,0.0,0.0,100.0,0.0,0.0,20.0,0.0,0.0,0.0,0.0,0.0,0.0,5.6
1790496636.777,0.0,0.0,0.0,0.0,0.0,0.0,0.0,0.0,0.0,0.0,0.0,0.0,0.0,0.0,0.0,50.0,0.0,0.0,0.0,0.0,0.0,0.0,0.0,0.0,0.0,0.0,0.0,0.0,0.0,0.0,0.0,0.0,40.0,9.1,27.3,0.0,0.0,0.0,0.0,0.0,0.0,0.0,100.0,0.0,0.0,0.0,100.0,0.0,0.0,20.0,0.0,0.0,0.0,0.0,0.0,0.0,6.2
1790496636.877,0.0,0.0,0.0,0.0,0.0,0.0,0.0,0.0,0.0,0.0,0.0,0.0,0.0,0.0,0.0,33.3,0.0,0.0,0.0,0.0,0.0,0.0,0.0,0.0,0.0,0.0,0.0,0.0,0.0,0.0,0.0,0.0,50.0,0.0,20.0,0.0,0.0,0.0,0.0,0.0,0.0,0.0,100.0,0.0,0.0,0.0,100.0,0.0,0.0,20.0,0.0,0.0,0.0,0.0,0.0,0.0,5.8
1790496636.977,0.0,0.0,0.0,0.0,0.0,0.0,0.0,0.0,0.0,0.0,0.0,0.0,0.0,0.0,0.0,36.4,0.0,0.0,0.0,0.0,0.0,0.0,0.0,0.0,0.0,0.0,0.0,0.0,0.0,0.0,0.0,0.0,50.0,0.0,27.3,0.0,0.0,0.0,0.0,0.0,0.0,0.0,100.0,0.0,0.0,0.0,100.0,0.0,0.0,30.0,0.0,0.0,0.0,0.0,0.0,0.0,6.1
1790496637.077,0.0,0.0,0.0,0.0,0.0,0.0,0.0,0.0,0.0,0.0,0.0,0.0,0.0,0.0,0.0,33.3,0.0,0.0,0.0,0.0,0.0,0.0,0.0,0.0,0.0,0.0,0.0,0.0,0.0,0.0,0.0,0.0,40.0,0.0,22.2,0.0,0.0,0.0,0.0,0.0,0.0,0.0,100.0,0.0,0.0,0.0,100.0,0.0,0.0,22.2,0.0,0.0,0.0,0.0,0.0,0.0,5.7
1790496637.177,0.0,0.0,10.0,0.0,0.0,0.0,0.0,0.0,0.0,0.0,0.0,0.0,0.0,0.0,0.0,45.5,0.0,0.0,0.0,0.0,0.0,0.0,9.1,0.0,0.0,0.0,0.0,0.0,0.0,0.0,0.0,0.0,50.0,0.0,27.3,0.0,0.0,0.0,0.0,0.0,0.0,0.0,100.0,0.0,0.0,0.0,100.0,0.0,0.0,27.3,0.0,0.0,0.0,0.0,0.0,0.0,6.6
1790496637.277,0.0,0.0,0.0,0.0,0.0,0.0,0.0,0.0,0.0,0.0,0.0,0.0,0.0,0.0,0.0,33.3,0.0,0.0,0.0,0.0,0.0,0.0,0.0,0.0,0.0,0.0,0.0,0.0,0.0,0.0,0.0,0.0,45.5,0.0,11.1,0.0,0.0,0.0,0.0,0.0,0.0,0.0,100.0,0.0,0.0,0.0,100.0,0.0,0.0,30.0,0.0,0.0,0.0,0.0,0.0,0.0,5.7
1790496637.377,0.0,0.0,0.0,0.0,0.0,0.0,0.0,0.0,0.0,0.0,0.0,0.0,0.0,0.0,0.0,36.4,0.0,0.0,0.0,0.0,0.0,0.0,0.0,0.0,0.0,0.0,0.0,0.0,0.0,0.0,0.0,0.0,50.0,0.0,20.0,0.0,0.0,0.0,0.0,0.0,0.0,0.0,100.0,0.0,0.0,0.0,100.0,0.0,0.0,22.2,0.0,0.0,0.0,0.0,0.0,0.0,5.9
1790496637.478,0.0,0.0,0.0,0.0,0.0,0.0,0.0,0.0,0.0,0.0,0.0,0.0,0.0,0.0,0.0,33.3,0.0,0.0,0.0,0.0,0.0,0.0,0.0,0.0,0.0,0.0,0.0,0.0,0.0,0.0,0.0,0.0,44.4,0.0,30.0,0.0,0.0,0.0,0.0,0.0,0.0,0.0,100.0,0.0,0.0,0.0,100.0,10.0,0.0,27.3,0.0,9.1,0.0,0.0,0.0,0.0,6.3
1790496637.578,0.0,0.0,0.0,10.0,0.0,0.0,0.0,0.0,0.0,0.0,0.0,0.0,0.0,0.0,0.0,40.0,0.0,0.0,0.0,0.0,0.0,0.0,0.0,0.0,0.0,0.0,0.0,0.0,0.0,0.0,0.0,0.0,40.0,0.0,27.3,0.0,0.0,0.0,0.0,0.0,0.0,0.0,100.0,0.0,0.0,0.0,100.0,0.0,0.0,30.0,0.0,0.0,0.0,0.0,0.0,0.0,6.2
1790496637.678,0.0,0.0,0.0,60.0,0.0,0.0,0.0,0.0,0.0,0.0,0.0,0.0,0.0,0.0,0.0,40.0,0.0,0.0,0.0,0.0,0.0,0.0,0.0,0.0,0.0,0.0,0.0,0.0,0.0,0.0,0.0,0.0,50.0,0.0,20.0,0.0,0.0,0.0,0.0,0.0,0.0,0.0,100.0,0.0,0.0,0.0,100.0,0.0,0.0,20.0,0.0,0.0,0.0,0.0,0.0,0.0,7.0
1790496637.778,0.0,0.0,0.0,40.0,0.0,0.0,0.0,0.0,0.0,0.0,0.0,0.0,0.0,0.0,0.0,40.0,0.0,0.0,0.0,0.0,0.0,0.0,0.0,0.0,0.0,0.0,9.1,0.0,0.0,0.0,0.0,0.0,50.0,0.0,22.2,0.0,0.0,0.0,0.0,0.0,0.0,0.0,100.0,0.0,0.0,0.0,100.0,0.0,0.0,20.0,0.0,0.0,0.0,0.0,81.8,0.0,8.3
1790496637.878,0.0,0.0,0.0,0.0,0.0,0.0,0.0,0.0,0.0,0.0,0.0,0.0,0.0,0.0,0.0,30.0,0.0,0.0,0.0,0.0,0.0,0.0,0.0,0.0,0.0,0.0,0.0,0.0,0.0,0.0,0.0,0.0,40.0,0.0,20.0,10.0,0.0,0.0,0.0,0.0,0.0,0.0,100.0,0.0,0.0,0.0,100.0,0.0,0.0,30.0,0.0,0.0,0.0,0.0,0.0,0.0,5.9
1790496637.978,0.0,0.0,9.1,0.0,0.0,0.0,0.0,0.0,0.0,0.0,0.0,0.0,0.0,0.0,0.0,40.0,0.0,0.0,0.0,0.0,0.0,0.0,0.0,0.0,0.0,0.0,0.0,0.0,0.0,0.0,0.0,0.0,50.0,0.0,20.0,0.0,0.0,0.0,0.0,0.0,0.0,0.0,100.0,0.0,0.0,0.0,100.0,0.0,0.0,30.0,0.0,0.0,0.0,0.0,0.0,0.0,6.2
1790496638.078,0.0,0.0,0.0,0.0,0.0,0.0,0.0,0.0,0.0,0.0,0.0,0.0,0.0,0.0,0.0,45.5,0.0,0.0,0.0,0.0,0.0,0.0,0.0,0.0,0.0,0.0,0.0,9.1,0.0,0.0,0.0,0.0,45.5,0.0,36.4,0.0,0.0,0.0,0.0,0.0,0.0,0.0,100.0,0.0,0.0,0.0,100.0,0.0,0.0,20.0,0.0,0.0,0.0,0.0,0.0,0.0,6.4
1790496638.179,0.0,0.0,0.0,0.0,0.0,0.0,0.0,0.0,0.0,0.0,0.0,0.0,0.0,0.0,0.0,33.3,0.0,9.1,0.0,0.0,0.0,0.0,0.0,0.0,0.0,0.0,0.0,0.0,0.0,0.0,0.0,0.0,44.4,0.0,22.2,0.0,0.0,0.0,0.0,0.0,0.0,0.0,100.0,0.0,0.0,0.0,100.0,0.0,0.0,20.0,0.0,0.0,0.0,0.0,60.0,0.0,6.9
1790496638.279,0.0,0.0,0.0,27.3,0.0,0.0,0.0,0.0,0.0,0.0,0.0,0.0,0.0,0.0,0.0,36.4,0.0,0.0,0.0,0.0,0.0,0.0,0.0,0.0,0.0,0.0,0.0,0.0,0.0,0.0,0.0,0.0,54.5,9.1,20.0,0.0,0.0,0.0,0.0,0.0,0.0,0.0,100.0,0.0,0.0,0.0,100.0,0.0,0.0,40.0,0.0,0.0,0.0,0.0,30.0,0.0,7.5
1790496638.379,0.0,0.0,0.0,44.4,0.0,0.0,0.0,0.0,0.0,0.0,0.0,0.0,0.0,0.0,0.0,40.0,0.0,9.1,0.0,0.0,0.0,0.0,0.0,0.0,0.0,0.0,0.0,0.0,0.0,0.0,0.0,0.0,40.0,0.0,30.0,0.0,0.0,0.0,0.0,0.0,0.0,0.0,100.0,0.0,0.0,0.0,100.0,0.0,0.0,20.0,0.0,0.0,0.0,0.0,40.0,0.0,7.6
1790496638.479,0.0,0.0,0.0,10.0,0.0,0.0,0.0,9.1,0.0,0.0,0.0,0.0,0.0,0.0,0.0,40.0,0.0,0.0,0.0,0.0,0.0,0.0,0.0,0.0,0.0,0.0,0.0,0.0,0.0,0.0,0.0,0.0,50.0,0.0,27.3,0.0,0.0,0.0,0.0,0.0,0.0,0.0,100.0,0.0,0.0,0.0,100.0,0.0,0.0,36.4,0.0,0.0,0.0,0.0,9.1,0.0,6.8
1790496638.579,0.0,0.0,0.0,60.0,0.0,0.0,0.0,0.0,0.0,0.0,0.0,0.0,0.0,0.0,0.0,33.3,0.0,0.0,0.0,0.0,0.0,0.0,0.0,0.0,0.0,0.0,0.0,0.0,0.0,0.0,0.0,0.0,44.4,0.0,22.2,0.0,0.0,0.0,0.0,0.0,0.0,0.0,100.0,0.0,0.0,0.0,100.0,0.0,0.0,30.0,0.0,0.0,0.0,0.0,88.9,0.0,8.6
1790496638.679,0.0,0.0,0.0,0.0,0.0,0.0,0.0,0.0,0.0,0.0,0.0,0.0,0.0,0.0,0.0,30.0,0.0,0.0,0.0,0.0,0.0,0.0,0.0,0.0,0.0,0.0,0.0,0.0,0.0,0.0,0.0,0.0,45.5,0.0,20.0,0.0,0.0,0.0,0.0,0.0,0.0,0.0,100.0,0.0,0.0,0.0,100.0,0.0,0.0,20.0,0.0,0.0,0.0,0.0,0.0,0.0,5.6
1790496638.779,0.0,0.0,0.0,0.0,0.0,0.0,0.0,0.0,0.0,0.0,0.0,0.0,0.0,0.0,0.0,40.0,0.0,0.0,0.0,0.0,0.0,0.0,0.0,0.0,0.0,0.0,0.0,0.0,0.0,0.0,0.0,0.0,44.4,0.0,20.0,0.0,0.0,0.0,0.0,0.0,0.0,0.0,100.0,0.0,0.0,0.0,100.0,0.0,0.0,33.3,0.0,0.0,0.0,0.0,40.0,0.0,6.7
1790496638.880,0.0,0.0,0.0,9.1,0.0,0.0,0.0,0.0,0.0,0.0,0.0,0.0,0.0,0.0,0.0,50.0,0.0,0.0,0.0,0.0,0.0,0.0,0.0,0.0,0.0,0.0,0.0,0.0,0.0,0.0,0.0,0.0,44.4,0.0,30.0,0.0,0.0,0.0,0.0,0.0,0.0,0.0,100.0,0.0,0.0,0.0,100.0,0.0,0.0,30.0,0.0,0.0,0.0,0.0,30.0,0.0,7.0
1790496638.980,0.0,0.0,9.1,60.0,0.0,9.1,0.0,9.1,0.0,0.0,0.0,9.1,0.0,0.0,0.0,40.0,9.1,0.0,0.0,0.0,0.0,0.0,0.0,0.0,0.0,0.0,0.0,0.0,0.0,0.0,0.0,0.0,50.0,0.0,30.0,0.0,0.0,0.0,0.0,0.0,9.1,0.0,100.0,0.0,0.0,0.0,100.0,0.0,0.0,36.4,0.0,0.0,0.0,0.0,80.0,0.0,9.8
1790496639.080,0.0,0.0,0.0,0.0,0.0,0.0,0.0,0.0,0.0,0.0,0.0,0.0,0.0,0.0,0.0,33.3,0.0,0.0,0.0,0.0,0.0,0.0,0.0,0.0,0.0,0.0,0.0,0.0,0.0,0.0,0.0,0.0,50.0,0.0,20.0,0.0,0.0,0.0,0.0,0.0,0.0,0.0,100.0,0.0,0.0,0.0,100.0,0.0,0.0,30.0,0.0,0.0,0.0,0.0,0.0,0.0,6.0
1790496639.180,0.0,0.0,0.0,40.0,0.0,0.0,0.0,0.0,0.0,0.0,0.0,0.0,0.0,0.0,0.0,36.4,0.0,0.0,0.0,0.0,0.0,0.0,0.0,0.0,0.0,0.0,0.0,0.0,0.0,0.0,0.0,0.0,44.4,0.0,22.2,0.0,0.0,0.0,0.0,0.0,0.0,0.0,100.0,0.0,0.0,0.0,100.0,0.0,0.0,11.1,0.0,0.0,0.0,0.0,36.4,0.0,7.0
1790496639.280,0.0,0.0,0.0,30.0,0.0,0.0,0.0,0.0,0.0,0.0,0.0,0.0,0.0,0.0,0.0,40.0,0.0,0.0,0.0,0.0,0.0,0.0,0.0,0.0,0.0,0.0,0.0,0.0,0.0,0.0,0.0,0.0,45.5,0.0,27.3,0.0,0.0,0.0,0.0,0.0,0.0,0.0,100.0,0.0,0.0,0.0,100.0,0.0,0.0,30.0,0.0,0.0,0.0,0.0,55.6,0.0,7.6
1790496639.380,0.0,0.0,0.0,0.0,0.0,0.0,0.0,0.0,0.0,0.0,0.0,0.0,0.0,0.0,0.0,40.0,0.0,0.0,0.0,0.0,0.0,0.0,0.0,0.0,0.0,0.0,0.0,0.0,0.0,0.0,0.0,0.0,44.4,0.0,22.2,0.0,0.0,0.0,0.0,0.0,0.0,0.0,100.0,0.0,0.0,0.0,100.0,0.0,0.0,27.3,0.0,0.0,0.0,0.0,0.0,0.0,6.0
1790496639.480,0.0,0.0,0.0,44.4,0.0,0.0,0.0,0.0,0.0,0.0,0.0,0.0,0.0,0.0,0.0,36.4,0.0,0.0,0.0,0.0,0.0,0.0,0.0,0.0,0.0,0.0,0.0,0.0,0.0,0.0,0.0,0.0,45.5,9.1,27.3,0.0,0.0,0.0,0.0,0.0,0.0,0.0,100.0,0.0,0.0,0.0,100.0,0.0,0.0,0.0,0.0,9.1,0.0,0.0,45.5,0.0,7.4
1790496639.581,0.0,0.0,0.0,18.2,0.0,0.0,0.0,0.0,0.0,0.0,0.0,0.0,0.0,0.0,0.0,33.3,0.0,0.0,0.0,0.0,9.1,0.0,0.0,0.0,0.0,0.0,0.0,0.0,0.0,0.0,0.0,0.0,44.4,0.0,20.0,0.0,0.0,0.0,0.0,0.0,0.0,0.0,100.0,0.0,0.0,0.0,100.0,0.0,0.0,36.4,0.0,9.1,0.0,0.0,50.0,0.0,7.5
1790496639.681,0.0,0.0,0.0,0.0,0.0,0.0,0.0,0.0,0.0,0.0,0.0,0.0,0.0,0.0,0.0,50.0,9.1,0.0,0.0,0.0,0.0,0.0,0.0,0.0,0.0,0.0,0.0,0.0,0.0,0.0,0.0,0.0,50.0,0.0,22.2,0.0,0.0,0.0,0.0,0.0,0.0,0.0,100.0,0.0,0.0,0.0,100.0,0.0,0.0,22.2,0.0,0.0,0.0,0.0,0.0,0.0,6.3
1790496639.781,0.0,0.0,0.0,55.6,0.0,0.0,0.0,0.0,0.0,0.0,0.0,0.0,0.0,0.0,0.0,40.0,0.0,0.0,0.0,0.0,0.0,0.0,0.0,0.0,0.0,0.0,0.0,0.0,0.0,0.0,0.0,0.0,40.0,0.0,27.3,0.0,0.0,0.0,0.0,0.0,0.0,0.0,100.0,0.0,0.0,0.0,100.0,0.0,0.0,36.4,0.0,0.0,0.0,0.0,50.0,0.0,8.0
1790496639.881,0.0,0.0,0.0,10.0,0.0,0.0,0.0,0.0,0.0,0.0,0.0,0.0,0.0,0.0,0.0,36.4,0.0,0.0,0.0,0.0,0.0,0.0,0.0,0.0,0.0,0.0,0.0,0.0,0.0,0.0,0.0,0.0,50.0,0.0,11.1,0.0,0.0,0.0,0.0,0.0,0.0,0.0,100.0,0.0,0.0,0.0,100.0,0.0,0.0,33.3,0.0,0.0,0.0,0.0,44.4,0.0,6.9
1790496639.981,0.0,0.0,0.0,0.0,0.0,9.1,0.0,0.0,0.0,0.0,0.0,0.0,0.0,0.0,0.0,33.3,0.0,0.0,0.0,0.0,0.0,0.0,0.0,0.0,0.0,0.0,0.0,0.0,0.0,0.0,0.0,0.0,50.0,0.0,30.0,0.0,0.0,0.0,0.0,0.0,0.0,0.0,100.0,0.0,0.0,0.0,100.0,0.0,0.0,27.3,0.0,0.0,0.0,0.0,0.0,0.0,6.2
1790496640.081,0.0,0.0,9.1,63.6,0.0,0.0,0.0,0.0,0.0,0.0,0.0,0.0,0.0,0.0,0.0,45.5,0.0,0.0,0.0,0.0,0.0,9.1,0.0,0.0,0.0,0.0,0.0,0.0,0.0,0.0,0.0,0.0,40.0,0.0,20.0,0.0,0.0,0.0,0.0,0.0,0.0,0.0,100.0,0.0,0.0,0.0,100.0,0.0,0.0,30.0,0.0,0.0,0.0,0.0,63.6,0.0,8.6
1790496640.181,0.0,0.0,9.1,0.0,0.0,0.0,0.0,0.0,0.0,0.0,0.0,0.0,0.0,0.0,0.0,40.0,0.0,0.0,0.0,0.0,0.0,0.0,0.0,0.0,0.0,0.0,0.0,0.0,0.0,0.0,0.0,0.0,50.0,0.0,27.3,0.0,0.0,0.0,0.0,0.0,0.0,0.0,100.0,0.0,0.0,0.0,100.0,0.0,0.0,30.0,0.0,0.0,0.0,0.0,30.0,0.0,6.9
1790496640.282,0.0,0.0,0.0,0.0,0.0,0.0,0.0,0.0,0.0,0.0,0.0,0.0,0.0,0.0,0.0,40.0,0.0,0.0,0.0,0.0,0.0,0.0,0.0,0.0,0.0,0.0,0.0,0.0,0.0,0.0,0.0,0.0,45.5,0.0,22.2,0.0,0.0,0.0,0.0,0.0,0.0,0.0,100.0,0.0,0.0,0.0,100.0,0.0,9.1,30.0,0.0,0.0,0.0,0.0,0.0,0.0,6.2
1790496640.382,0.0,0.0,0.0,66.7,0.0,0.0,0.0,0.0,0.0,0.0,0.0,0.0,0.0,0.0,0.0,33.3,0.0,0.0,0.0,0.0,0.0,0.0,0.0,0.0,0.0,0.0,0.0,0.0,0.0,0.0,0.0,0.0,50.0,0.0,30.0,0.0,0.0,0.0,0.0,0.0,0.0,0.0,100.0,0.0,0.0,0.0,100.0,0.0,0.0,10.0,0.0,0.0,0.0,0.0,88.9,0.0,8.6
1790496640.482,0.0,0.0,0.0,0.0,0.0,0.0,0.0,0.0,0.0,0.0,0.0,0.0,0.0,0.0,0.0,36.4,0.0,0.0,0.0,0.0,0.0,0.0,0.0,0.0,0.0,0.0,0.0,0.0,0.0,0.0,0.0,0.0,44.4,9.1,20.0,0.0,0.0,0.0,0.0,0.0,0.0,0.0,100.0,0.0,0.0,0.0,100.0,9.1,0.0,30.0,0.0,0.0,0.0,0.0,10.0,0.0,6.4
1790496640.582,0.0,9.1,0.0,0.0,0.0,0.0,0.0,0.0,0.0,0.0,0.0,0.0,0.0,0.0,0.0,40.0,0.0,0.0,0.0,0.0,0.0,0.0,0.0,0.0,0.0,0.0,0.0,0.0,0.0,0.0,0.0,0.0,45.5,0.0,9.1,20.0,0.0,0.0,0.0,0.0,0.0,0.0,100.0,0.0,0.0,0.0,100.0,0.0,0.0,20.0,0.0,0.0,0.0,0.0,9.1,0.0,6.3
1790496640.682,0.0,0.0,0.0,63.6,0.0,0.0,0.0,0.0,0.0,0.0,0.0,0.0,0.0,0.0,0.0,40.0,0.0,0.0,0.0,0.0,0.0,0.0,0.0,0.0,0.0,0.0,0.0,0.0,0.0,0.0,0.0,0.0,44.4,0.0,20.0,10.0,0.0,0.0,0.0,0.0,0.0,0.0,100.0,0.0,0.0,0.0,100.0,0.0,0.0,30.0,0.0,0.0,0.0,0.0,100.0,0.0,9.1
1790496640.782,0.0,0.0,0.0,0.0,0.0,0.0,0.0,0.0,0.0,0.0,0.0,0.0,0.0,0.0,0.0,33.3,0.0,0.0,0.0,0.0,0.0,0.0,0.0,0.0,0.0,0.0,0.0,0.0,0.0,0.0,0.0,0.0,50.0,0.0,12.5,0.0,0.0,0.0,0.0,0.0,0.0,0.0,100.0,0.0,0.0,0.0,100.0,0.0,0.0,30.0,0.0,0.0,0.0,0.0,0.0,0.0,5.8
1790496640.882,0.0,0.0,0.0,11.1,0.0,0.0,0.0,0.0,0.0,0.0,0.0,0.0,0.0,0.0,0.0,36.4,0.0,0.0,0.0,0.0,0.0,0.0,0.0,0.0,0.0,0.0,0.0,0.0,0.0,0.0,0.0,0.0,45.5,0.0,27.3,0.0,0.0,0.0,0.0,0.0,0.0,0.0,100.0,0.0,0.0,0.0,100.0,0.0,0.0,20.0,0.0,0.0,0.0,0.0,18.2,0.0,6.4
1790496640.983,0.0,0.0,0.0,60.0,0.0,0.0,0.0,0.0,0.0,0.0,0.0,0.0,0.0,0.0,0.0,40.0,0.0,0.0,0.0,0.0,0.0,0.0,0.0,0.0,0.0,0.0,0.0,0.0,0.0,0.0,0.0,0.0,50.0,0.0,30.0,0.0,0.0,0.0,0.0,0.0,0.0,0.0,100.0,0.0,0.0,0.0,100.0,0.0,0.0,30.0,0.0,0.0,0.0,0.0,100.0,0.0,9.1
1790496641.083,0.0,0.0,0.0,0.0,0.0,0.0,0.0,0.0,0.0,0.0,0.0,0.0,0.0,0.0,0.0,40.0,0.0,0.0,0.0,0.0,0.0,0.0,0.0,0.0,0.0,0.0,0.0,0.0,0.0,0.0,0.0,0.0,40.0,0.0,20.0,0.0,0.0,0.0,0.0,0.0,0.0,0.0,100.0,0.0,0.0,0.0,100.0,0.0,0.0,30.0,0.0,0.0,0.0,0.0,0.0,0.0,5.9
1790496641.183,0.0,0.0,0.0,0.0,0.0,0.0,0.0,0.0,0.0,0.0,0.0,0.0,0.0,0.0,0.0,33.3,0.0,0.0,0.0,0.0,0.0,0.0,0.0,0.0,0.0,0.0,0.0,0.0,0.0,0.0,0.0,0.0,50.0,0.0,27.3,0.0,0.0,0.0,0.0,0.0,0.0,0.0,100.0,0.0,0.0,0.0,100.0,0.0,0.0,30.0,0.0,0.0,0.0,0.0,36.4,0.0,6.7
1790496641.283,0.0,0.0,0.0,20.0,0.0,0.0,0.0,0.0,0.0,0.0,0.0,0.0,0.0,0.0,0.0,36.4,0.0,0.0,0.0,0.0,0.0,0.0,0.0,0.0,0.0,0.0,0.0,0.0,0.0,0.0,0.0,0.0,44.4,0.0,22.2,0.0,0.0,0.0,0.0,0.0,0.0,0.0,100.0,0.0,0.0,0.0,100.0,0.0,0.0,36.4,0.0,0.0,0.0,0.0,50.0,0.0,7.3
1790496641.383,0.0,0.0,0.0,72.7,0.0,0.0,0.0,0.0,0.0,0.0,0.0,0.0,0.0,0.0,0.0,45.5,0.0,0.0,0.0,0.0,0.0,0.0,0.0,0.0,0.0,0.0,0.0,0.0,0.0,0.0,0.0,0.0,40.0,0.0,20.0,0.0,0.0,0.0,0.0,0.0,0.0,0.0,100.0,0.0,0.0,0.0,100.0,0.0,0.0,22.2,0.0,0.0,0.0,0.0,77.8,0.0,8.5
1790496641.483,0.0,0.0,0.0,0.0,0.0,0.0,0.0,0.0,0.0,0.0,0.0,0.0,0.0,0.0,0.0,40.0,0.0,0.0,0.0,0.0,0.0,0.0,0.0,0.0,0.0,0.0,0.0,0.0,0.0,0.0,0.0,0.0,54.5,0.0,20.0,0.0,0.0,0.0,0.0,0.0,0.0,0.0,100.0,0.0,0.0,0.0,100.0,0.0,0.0,27.3,0.0,0.0,0.0,0.0,9.1,0.0,6.3
1790496641.583,0.0,0.0,0.0,90.0,0.0,0.0,30.0,0.0,0.0,0.0,0.0,0.0,0.0,0.0,0.0,33.3,0.0,0.0,0.0,0.0,0.0,0.0,0.0,0.0,0.0,0.0,0.0,0.0,0.0,0.0,0.0,0.0,40.0,0.0,0.0,0.0,0.0,0.0,0.0,0.0,0.0,0.0,100.0,0.0,0.0,0.0,100.0,0.0,0.0,33.3,0.0,0.0,0.0,0.0,100.0,0.0,9.4
1790496641.684,0.0,0.0,0.0,0.0,45.5,0.0,20.0,0.0,0.0,0.0,0.0,0.0,0.0,0.0,0.0,36.4,0.0,0.0,0.0,0.0,0.0,0.0,0.0,0.0,0.0,0.0,0.0,0.0,0.0,0.0,0.0,0.0,0.0,0.0,0.0,0.0,0.0,0.0,0.0,0.0,0.0,0.0,100.0,0.0,0.0,0.0,100.0,0.0,0.0,27.3,0.0,0.0,0.0,0.0,20.0,0.0,6.2
1790496641.784,0.0,0.0,0.0,0.0,44.4,0.0,30.0,0.0,0.0,0.0,0.0,0.0,0.0,0.0,0.0,40.0,0.0,0.0,0.0,0.0,0.0,0.0,0.0,0.0,0.0,0.0,0.0,0.0,0.0,0.0,0.0,0.0,0.0,0.0,0.0,0.0,0.0,0.0,0.0,0.0,0.0,0.0,100.0,0.0,0.0,0.0,100.0,0.0,0.0,22.2,0.0,0.0,0.0,0.0,40.0,0.0,6.7
1790496641.884,0.0,0.0,0.0,20.0,50.0,0.0,27.3,0.0,0.0,0.0,0.0,0.0,0.0,0.0,0.0,40.0,0.0,0.0,0.0,0.0,0.0,0.0,0.0,0.0,0.0,0.0,0.0,0.0,0.0,0.0,0.0,0.0,0.0,0.0,0.0,0.0,0.0,0.0,0.0,0.0,0.0,0.0,100.0,0.0,0.0,0.0,100.0,0.0,0.0,27.3,0.0,0.0,0.0,0.0,40.0,0.0,7.2
1790496641.984,0.0,0.0,9.1,70.0,45.5,0.0,12.5,0.0,0.0,0.0,0.0,0.0,0.0,0.0,0.0,33.3,0.0,0.0,0.0,0.0,0.0,0.0,0.0,0.0,0.0,0.0,0.0,0.0,0.0,0.0,0.0,0.0,0.0,0.0,0.0,0.0,0.0,0.0,0.0,0.0,0.0,0.0,100.0,0.0,0.0,0.0,100.0,0.0,0.0,20.0,0.0,9.1,0.0,0.0,80.0,0.0,8.6
1790496642.084,0.0,0.0,0.0,0.0,44.4,0.0,16.7,0.0,0.0,0.0,0.0,0.0,0.0,0.0,0.0,36.4,0.0,0.0,0.0,0.0,0.0,0.0,0.0,0.0,0.0,0.0,0.0,0.0,0.0,0.0,0.0,0.0,0.0,0.0,20.0,0.0,0.0,0.0,0.0,0.0,0.0,0.0,100.0,0.0,0.0,0.0,100.0,0.0,0.0,33.3,0.0,0.0,0.0,0.0,20.0,0.0,6.6
1790496642.184,0.0,0.0,0.0,0.0,50.0,0.0,0.0,0.0,0.0,0.0,0.0,0.0,0.0,0.0,0.0,40.0,0.0,0.0,0.0,0.0,0.0,0.0,0.0,0.0,0.0,0.0,9.1,9.1,0.0,0.0,0.0,0.0,0.0,0.0,20.0,0.0,0.0,0.0,0.0,0.0,0.0,0.0,100.0,0.0,0.0,0.0,100.0,0.0,0.0,27.3,0.0,0.0,0.0,0.0,50.0,0.0,7.2
1790496642.284,0.0,0.0,0.0,90.0,40.0,0.0,0.0,0.0,0.0,0.0,0.0,0.0,0.0,0.0,0.0,40.0,0.0,0.0,0.0,0.0,0.0,9.1,0.0,0.0,0.0,0.0,0.0,0.0,0.0,0.0,0.0,0.0,0.0,0.0,36.4,0.0,0.0,0.0,0.0,0.0,0.0,0.0,100.0,0.0,0.0,0.0,100.0,0.0,9.1,22.2,0.0,0.0,0.0,0.0,90.0,0.0,9.6
1790496642.385,0.0,0.0,0.0,0.0,50.0,0.0,0.0,0.0,0.0,0.0,0.0,0.0,0.0,0.0,0.0,33.3,0.0,0.0,0.0,0.0,0.0,0.0,0.0,0.0,0.0,0.0,0.0,0.0,0.0,0.0,0.0,0.0,0.0,0.0,20.0,0.0,0.0,0.0,0.0,0.0,0.0,0.0,100.0,0.0,0.0,0.0,100.0,0.0,0.0,27.3,0.0,0.0,0.0,0.0,30.0,0.0,6.4
1790496642.485,0.0,0.0,0.0,27.3,50.0,0.0,0.0,0.0,0.0,0.0,0.0,0.0,0.0,0.0,0.0,36.4,0.0,0.0,0.0,0.0,0.0,0.0,0.0,0.0,0.0,0.0,0.0,0.0,0.0,0.0,0.0,0.0,0.0,0.0,22.2,0.0,0.0,0.0,0.0,0.0,0.0,0.0,100.0,0.0,0.0,0.0,100.0,0.0,0.0,30.0,0.0,0.0,0.0,0.0,30.0,0.0,7.1
1790496642.585,0.0,0.0,0.0,66.7,40.0,0.0,0.0,0.0,0.0,0.0,0.0,0.0,0.0,0.0,0.0,40.0,0.0,0.0,0.0,0.0,0.0,0.0,0.0,0.0,0.0,0.0,0.0,0.0,0.0,0.0,0.0,0.0,0.0,0.0,30.0,0.0,0.0,0.0,0.0,0.0,0.0,0.0,100.0,0.0,0.0,0.0,100.0,0.0,0.0,20.0,0.0,0.0,0.0,0.0,100.0,0.0,8.9
1790496642.685,0.0,0.0,0.0,0.0,50.0,0.0,0.0,0.0,0.0,0.0,0.0,0.0,0.0,0.0,0.0,40.0,0.0,0.0,0.0,0.0,0.0,0.0,0.0,0.0,0.0,0.0,0.0,0.0,0.0,0.0,0.0,0.0,0.0,0.0,27.3,0.0,0.0,0.0,0.0,0.0,0.0,0.0,100.0,0.0,0.0,0.0,100.0,0.0,0.0,30.0,0.0,0.0,0.0,9.1,70.0,0.0,7.6
1790496642.785,0.0,0.0,0.0,0.0,45.5,0.0,0.0,0.0,0.0,0.0,0.0,0.0,0.0,0.0,0.0,40.0,0.0,0.0,0.0,0.0,0.0,0.0,0.0,0.0,0.0,0.0,0.0,9.1,0.0,0.0,0.0,0.0,0.0,0.0,30.0,0.0,0.0,0.0,0.0,0.0,0.0,0.0,100.0,0.0,0.0,0.0,100.0,0.0,0.0,20.0,0.0,0.0,0.0,0.0,100.0,0.0,7.9
1790496642.885,0.0,0.0,0.0,0.0,44.4,0.0,0.0,0.0,0.0,0.0,0.0,0.0,0.0,0.0,0.0,33.3,0.0,0.0,0.0,0.0,0.0,0.0,0.0,0.0,0.0,0.0,0.0,0.0,0.0,0.0,0.0,0.0,0.0,0.0,22.2,0.0,0.0,0.0,0.0,0.0,0.0,0.0,100.0,0.0,0.0,0.0,100.0,0.0,0.0,33.3,0.0,0.0,0.0,0.0,10.0,0.0,6.1
1790496642.986,0.0,9.1,0.0,0.0,44.4,0.0,0.0,0.0,0.0,0.0,0.0,0.0,0.0,0.0,0.0,36.4,0.0,0.0,0.0,0.0,0.0,0.0,0.0,0.0,0.0,0.0,0.0,0.0,0.0,0.0,0.0,0.0,0.0,0.0,27.3,0.0,0.0,0.0,0.0,0.0,0.0,0.0,100.0,0.0,0.0,0.0,100.0,0.0,0.0,20.0,0.0,0.0,0.0,0.0,0.0,0.0,6.0
1790496643.086,0.0,0.0,0.0,0.0,50.0,0.0,0.0,0.0,0.0,0.0,0.0,0.0,0.0,0.0,0.0,40.0,0.0,0.0,0.0,0.0,0.0,0.0,0.0,0.0,0.0,0.0,0.0,0.0,0.0,0.0,0.0,0.0,0.0,9.1,30.0,0.0,0.0,0.0,0.0,0.0,0.0,0.0,100.0,0.0,0.0,0.0,100.0,0.0,0.0,20.0,0.0,0.0,0.0,0.0,0.0,0.0,6.2
1790496643.186,0.0,0.0,0.0,18.2,44.4,0.0,0.0,0.0,0.0,0.0,0.0,0.0,0.0,0.0,0.0,40.0,0.0,0.0,0.0,0.0,0.0,0.0,9.1,0.0,0.0,0.0,0.0,0.0,0.0,0.0,0.0,0.0,0.0,0.0,20.0,70.0,0.0,0.0,0.0,0.0,0.0,0.0,100.0,0.0,0.0,0.0,100.0,0.0,0.0,30.0,0.0,0.0,0.0,0.0,10.0,0.0,7.9
1790496643.286,0.0,0.0,0.0,70.0,50.0,0.0,0.0,0.0,0.0,0.0,0.0,0.0,0.0,0.0,0.0,33.3,0.0,0.0,0.0,0.0,0.0,0.0,0.0,0.0,0.0,0.0,0.0,0.0,0.0,0.0,0.0,0.0,0.0,0.0,30.0,0.0,0.0,0.0,0.0,0.0,0.0,0.0,100.0,0.0,0.0,0.0,100.0,0.0,0.0,30.0,0.0,0.0,0.0,0.0,100.0,0.0,9.2
1790496643.386,0.0,0.0,9.1,0.0,40.0,0.0,0.0,0.0,0.0,0.0,0.0,0.0,0.0,0.0,0.0,36.4,0.0,0.0,0.0,0.0,0.0,0.0,0.0,0.0,0.0,0.0,0.0,0.0,0.0,0.0,0.0,0.0,0.0,0.0,22.2,0.0,0.0,0.0,0.0,0.0,0.0,0.0,100.0,0.0,0.0,0.0,100.0,0.0,0.0,30.0,0.0,0.0,0.0,0.0,70.0,0.0,7.3
1790496643.486,0.0,0.0,0.0,0.0,44.4,0.0,0.0,0.0,0.0,0.0,0.0,0.0,0.0,0.0,0.0,45.5,0.0,0.0,0.0,0.0,0.0,0.0,0.0,0.0,0.0,0.0,0.0,0.0,0.0,0.0,0.0,0.0,0.0,0.0,36.4,0.0,0.0,0.0,0.0,0.0,0.0,0.0,100.0,0.0,0.0,0.0,100.0,9.1,0.0,30.0,0.0,0.0,0.0,0.0,30.0,0.0,7.1
1790496643.586,0.0,0.0,9.1,0.0,50.0,0.0,0.0,0.0,0.0,0.0,0.0,0.0,0.0,0.0,0.0,33.3,0.0,0.0,0.0,0.0,0.0,0.0,0.0,0.0,0.0,0.0,0.0,0.0,0.0,0.0,0.0,0.0,0.0,0.0,20.0,0.0,0.0,0.0,0.0,0.0,0.0,0.0,100.0,0.0,0.0,0.0,100.0,0.0,0.0,27.3,0.0,0.0,0.0,0.0,0.0,0.0,6.1
1790496643.687,0.0,0.0,0.0,0.0,44.4,0.0,0.0,0.0,0.0,0.0,0.0,0.0,0.0,0.0,0.0,36.4,0.0,0.0,0.0,0.0,0.0,0.0,0.0,0.0,0.0,0.0,0.0,0.0,0.0,0.0,0.0,0.0,0.0,0.0,30.0,0.0,0.0,0.0,0.0,0.0,0.0,0.0,100.0,0.0,0.0,0.0,100.0,0.0,0.0,30.0,0.0,0.0,0.0,0.0,0.0,0.0,6.1
1790496643.787,0.0,0.0,0.0,80.0,50.0,0.0,0.0,0.0,0.0,0.0,0.0,0.0,0.0,0.0,0.0,37.5,0.0,0.0,0.0,0.0,0.0,0.0,0.0,0.0,0.0,0.0,90.0,0.0,0.0,0.0,0.0,0.0,0.0,0.0,20.0,0.0,0.0,0.0,0.0,0.0,0.0,0.0,100.0,0.0,0.0,0.0,100.0,0.0,0.0,30.0,0.0,0.0,0.0,0.0,0.0,0.0,9.1
1790496643.887,0.0,0.0,0.0,0.0,40.0,0.0,0.0,0.0,0.0,0.0,0.0,0.0,0.0,0.0,0.0,50.0,0.0,0.0,0.0,0.0,0.0,0.0,0.0,0.0,0.0,0.0,20.0,0.0,0.0,0.0,0.0,0.0,0.0,0.0,22.2,0.0,0.0,0.0,0.0,0.0,0.0,0.0,100.0,0.0,0.0,0.0,100.0,0.0,0.0,11.1,0.0,0.0,0.0,0.0,0.0,0.0,6.1
1790496643.987,0.0,9.1,0.0,60.0,50.0,0.0,0.0,0.0,0.0,0.0,0.0,0.0,0.0,0.0,0.0,33.3,0.0,0.0,0.0,0.0,0.0,0.0,0.0,0.0,0.0,0.0,0.0,0.0,0.0,0.0,0.0,9.1,0.0,0.0,27.3,0.0,0.0,0.0,0.0,0.0,0.0,0.0,100.0,0.0,0.0,0.0,100.0,0.0,0.0,36.4,0.0,0.0,0.0,0.0,0.0,0.0,7.6
1790496644.087,0.0,0.0,0.0,55.6,44.4,0.0,0.0,0.0,0.0,0.0,0.0,0.0,0.0,0.0,0.0,36.4,0.0,0.0,0.0,0.0,0.0,0.0,0.0,0.0,0.0,0.0,0.0,0.0,0.0,0.0,0.0,0.0,0.0,9.1,22.2,0.0,0.0,0.0,0.0,0.0,0.0,0.0,100.0,0.0,0.0,0.0,100.0,0.0,0.0,20.0,0.0,0.0,0.0,0.0,0.0,0.0,6.9
1790496644.187,0.0,0.0,0.0,0.0,45.5,0.0,0.0,0.0,0.0,0.0,0.0,0.0,0.0,0.0,0.0,33.3,0.0,0.0,0.0,0.0,0.0,0.0,0.0,0.0,0.0,0.0,30.0,0.0,0.0,0.0,0.0,0.0,0.0,0.0,36.4,0.0,0.0,0.0,0.0,0.0,0.0,0.0,100.0,0.0,0.0,0.0,100.0,0.0,0.0,30.0,0.0,0.0,0.0,0.0,0.0,0.0,6.7
1790496644.287,0.0,0.0,0.0,0.0,50.0,0.0,0.0,0.0,0.0,0.0,0.0,0.0,0.0,0.0,0.0,45.5,0.0,0.0,0.0,0.0,0.0,0.0,0.0,0.0,0.0,0.0,63.6,0.0,0.0,0.0,0.0,0.0,0.0,0.0,20.0,0.0,0.0,0.0,0.0,0.0,0.0,0.0,100.0,0.0,0.0,0.0,100.0,0.0,0.0,30.0,0.0,0.0,0.0,0.0,0.0,0.0,7.3
1790496644.388,0.0,0.0,0.0,27.3,40.0,0.0,0.0,0.0,0.0,0.0,0.0,0.0,0.0,0.0,0.0,33.3,0.0,0.0,0.0,0.0,0.0,0.0,0.0,0.0,0.0,0.0,44.4,0.0,0.0,0.0,0.0,0.0,0.0,0.0,30.0,0.0,0.0,0.0,0.0,0.0,0.0,0.0,100.0,0.0,0.0,0.0,100.0,0.0,0.0,20.0,0.0,0.0,0.0,0.0,0.0,0.0,7.1
1790496644.488,0.0,0.0,0.0,55.6,50.0,0.0,0.0,0.0,0.0,0.0,0.0,0.0,0.0,0.0,0.0,36.4,0.0,9.1,0.0,0.0,0.0,0.0,0.0,0.0,0.0,0.0,70.0,0.0,0.0,0.0,0.0,0.0,0.0,0.0,22.2,0.0,0.0,0.0,0.0,0.0,0.0,0.0,100.0,0.0,0.0,0.0,100.0,0.0,0.0,11.1,0.0,9.1,0.0,0.0,0.0,0.0,8.3
1790496644.588,0.0,0.0,0.0,0.0,44.4,0.0,0.0,0.0,0.0,0.0,0.0,0.0,0.0,0.0,0.0,33.3,0.0,0.0,0.0,0.0,0.0,0.0,0.0,0.0,0.0,0.0,50.0,0.0,0.0,0.0,0.0,0.0,0.0,0.0,27.3,0.0,0.0,0.0,0.0,0.0,0.0,0.0,100.0,0.0,0.0,0.0,100.0,0.0,0.0,27.3,0.0,0.0,0.0,0.0,0.0,0.0,6.8
1790496644.688,0.0,0.0,0.0,0.0,45.5,0.0,0.0,0.0,0.0,0.0,0.0,0.0,0.0,0.0,0.0,40.0,0.0,0.0,0.0,0.0,0.0,0.0,0.0,0.0,0.0,0.0,60.0,0.0,0.0,0.0,0.0,0.0,0.0,0.0,22.2,0.0,0.0,0.0,0.0,0.0,0.0,0.0,100.0,0.0,0.0,0.0,100.0,0.0,0.0,11.1,0.0,0.0,0.0,0.0,0.0,0.0,6.8
1790496644.788,0.0,0.0,0.0,0.0,44.4,0.0,0.0,0.0,0.0,0.0,0.0,0.0,0.0,0.0,0.0,80.0,0.0,0.0,0.0,0.0,0.0,0.0,0.0,0.0,0.0,0.0,40.0,0.0,0.0,0.0,0.0,0.0,0.0,0.0,27.3,0.0,0.0,0.0,0.0,0.0,0.0,0.0,100.0,0.0,0.0,0.0,100.0,0.0,9.1,36.4,0.0,0.0,0.0,0.0,0.0,0.0,7.8
1790496644.888,0.0,0.0,9.1,0.0,50.0,0.0,0.0,0.0,0.0,0.0,0.0,0.0,0.0,0.0,0.0,100.0,0.0,0.0,0.0,0.0,0.0,0.0,0.0,0.0,0.0,0.0,70.0,0.0,0.0,0.0,0.0,0.0,0.0,0.0,30.0,0.0,0.0,0.0,0.0,0.0,0.0,0.0,100.0,0.0,20.0,0.0,100.0,0.0,0.0,30.0,10.0,0.0,0.0,0.0,0.0,0.0,9.3
1790496644.988,0.0,0.0,0.0,0.0,45.5,0.0,0.0,0.0,0.0,0.0,0.0,0.0,0.0,0.0,0.0,100.0,0.0,0.0,0.0,0.0,18.2,0.0,0.0,10.0,0.0,0.0,60.0,0.0,0.0,0.0,0.0,0.0,0.0,0.0,30.0,0.0,0.0,0.0,0.0,0.0,0.0,0.0,100.0,0.0,0.0,10.0,100.0,0.0,0.0,30.0,0.0,0.0,0.0,0.0,0.0,0.0,9.0
1790496645.089,0.0,0.0,0.0,0.0,44.4,0.0,0.0,0.0,0.0,0.0,0.0,0.0,0.0,0.0,0.0,50.0,0.0,0.0,0.0,0.0,0.0,0.0,9.1,9.1,0.0,0.0,60.0,90.0,0.0,0.0,0.0,0.0,0.0,0.0,22.2,20.0,0.0,0.0,0.0,0.0,0.0,0.0,100.0,0.0,9.1,0.0,100.0,0.0,0.0,30.0,10.0,0.0,0.0,0.0,0.0,0.0,9.9
1790496645.189,0.0,0.0,0.0,0.0,50.0,0.0,0.0,0.0,0.0,0.0,0.0,0.0,0.0,0.0,0.0,30.0,0.0,0.0,0.0,0.0,0.0,0.0,0.0,0.0,0.0,0.0,63.6,0.0,0.0,0.0,0.0,0.0,0.0,9.1,36.4,100.0,0.0,0.0,0.0,0.0,0.0,0.0,100.0,0.0,0.0,0.0,100.0,0.0,0.0,20.0,0.0,0.0,0.0,0.0,0.0,0.0,9.1
1790496645.289,0.0,0.0,0.0,0.0,45.5,0.0,0.0,0.0,0.0,0.0,0.0,0.0,0.0,0.0,0.0,40.0,0.0,0.0,0.0,0.0,0.0,0.0,0.0,0.0,0.0,0.0,50.0,0.0,0.0,0.0,0.0,0.0,0.0,0.0,22.2,18.2,0.0,0.0,0.0,0.0,0.0,0.0,100.0,0.0,0.0,0.0,100.0,0.0,0.0,20.0,0.0,0.0,0.0,0.0,0.0,0.0,7.1
1790496645.389,0.0,0.0,0.0,0.0,44.4,0.0,0.0,0.0,0.0,0.0,0.0,0.0,0.0,0.0,0.0,36.4,0.0,0.0,0.0,0.0,0.0,0.0,0.0,0.0,0.0,0.0,66.7,0.0,0.0,0.0,0.0,0.0,0.0,0.0,30.0,0.0,0.0,0.0,0.0,0.0,0.0,0.0,100.0,0.0,0.0,0.0,100.0,0.0,0.0,30.0,0.0,0.0,0.0,0.0,0.0,0.0,7.3
1790496645.489,0.0,0.0,0.0,0.0,50.0,0.0,0.0,0.0,0.0,0.0,0.0,0.0,0.0,0.0,0.0,33.3,0.0,0.0,0.0,0.0,0.0,0.0,0.0,0.0,0.0,0.0,60.0,0.0,0.0,0.0,0.0,0.0,0.0,0.0,30.0,0.0,0.0,0.0,0.0,0.0,0.0,0.0,100.0,0.0,0.0,0.0,100.0,0.0,0.0,30.0,0.0,0.0,0.0,0.0,0.0,0.0,7.2
1790496645.589,0.0,0.0,0.0,0.0,40.0,0.0,11.1,0.0,0.0,0.0,0.0,0.0,0.0,0.0,0.0,40.0,0.0,0.0,0.0,0.0,0.0,0.0,0.0,0.0,0.0,0.0,50.0,0.0,0.0,0.0,0.0,0.0,0.0,0.0,9.1,0.0,0.0,0.0,0.0,0.0,0.0,0.0,100.0,0.0,0.0,0.0,100.0,0.0,0.0,30.0,0.0,0.0,0.0,0.0,0.0,0.0,6.8
1790496645.689,0.0,0.0,0.0,0.0,50.0,0.0,27.3,0.0,0.0,0.0,0.0,0.0,0.0,0.0,0.0,40.0,0.0,9.1,0.0,0.0,0.0,0.0,0.0,0.0,0.0,0.0,70.0,0.0,0.0,0.0,0.0,0.0,0.0,0.0,0.0,0.0,0.0,0.0,0.0,0.0,0.0,0.0,100.0,0.0,0.0,0.0,100.0,0.0,0.0,30.0,0.0,0.0,0.0,0.0,0.0,0.0,7.6
1790496645.790,0.0,0.0,0.0,0.0,50.0,0.0,22.2,0.0,0.0,0.0,0.0,0.0,0.0,0.0,0.0,40.0,0.0,0.0,0.0,0.0,0.0,9.1,0.0,0.0,0.0,0.0,50.0,0.0,0.0,0.0,0.0,0.0,0.0,0.0,0.0,0.0,0.0,0.0,0.0,0.0,0.0,0.0,100.0,0.0,0.0,0.0,100.0,0.0,0.0,20.0,0.0,0.0,0.0,0.0,0.0,0.0,7.0
1790496645.890,0.0,0.0,0.0,0.0,40.0,0.0,27.3,0.0,0.0,0.0,0.0,0.0,0.0,0.0,0.0,30.0,0.0,0.0,0.0,0.0,0.0,0.0,0.0,0.0,0.0,0.0,60.0,0.0,0.0,0.0,0.0,0.0,0.0,0.0,0.0,0.0,0.0,0.0,0.0,0.0,0.0,0.0,100.0,0.0,0.0,0.0,100.0,0.0,0.0,30.0,0.0,0.0,0.0,0.0,0.0,0.0,6.9
1790496645.990,0.0,10.0,0.0,0.0,54.5,0.0,22.2,0.0,0.0,0.0,0.0,0.0,0.0,0.0,0.0,45.5,0.0,0.0,0.0,9.1,0.0,0.0,0.0,0.0,0.0,0.0,50.0,0.0,0.0,0.0,0.0,0.0,0.0,0.0,0.0,0.0,0.0,0.0,0.0,0.0,0.0,0.0,100.0,0.0,0.0,0.0,100.0,0.0,0.0,20.0,0.0,0.0,0.0,0.0,0.0,0.0,7.3
1790496646.090,0.0,0.0,0.0,0.0,40.0,0.0,16.7,0.0,0.0,0.0,0.0,0.0,0.0,0.0,0.0,33.3,0.0,0.0,0.0,0.0,0.0,0.0,0.0,0.0,0.0,0.0,70.0,0.0,0.0,0.0,0.0,0.0,0.0,0.0,20.0,0.0,0.0,0.0,0.0,0.0,0.0,0.0,100.0,9.1,0.0,0.0,100.0,0.0,0.0,20.0,0.0,0.0,0.0,0.0,0.0,0.0,7.3
1790496646.190,0.0,0.0,9.1,27.3,50.0,0.0,0.0,0.0,0.0,0.0,0.0,0.0,0.0,0.0,0.0,33.3,0.0,0.0,0.0,0.0,0.0,9.1,0.0,0.0,10.0,0.0,50.0,0.0,0.0,0.0,0.0,0.0,0.0,0.0,30.0,0.0,0.0,0.0,0.0,0.0,0.0,0.0,100.0,0.0,0.0,0.0,100.0,0.0,0.0,18.2,0.0,0.0,0.0,0.0,0.0,0.0,7.8
1790496646.290,0.0,0.0,0.0,60.0,44.4,0.0,0.0,0.0,0.0,0.0,0.0,0.0,0.0,0.0,0.0,36.4,0.0,0.0,0.0,0.0,0.0,0.0,0.0,0.0,0.0,0.0,60.0,0.0,0.0,0.0,0.0,0.0,0.0,0.0,22.2,0.0,0.0,0.0,0.0,0.0,0.0,0.0,100.0,0.0,0.0,0.0,100.0,0.0,0.0,22.2,0.0,0.0,0.0,0.0,0.0,0.0,8.0
1790496646.390,0.0,0.0,0.0,0.0,45.5,0.0,0.0,0.0,0.0,0.0,0.0,0.0,0.0,0.0,0.0,40.0,0.0,0.0,0.0,0.0,0.0,0.0,0.0,0.0,0.0,0.0,40.0,0.0,0.0,0.0,0.0,0.0,0.0,0.0,27.3,0.0,0.0,0.0,0.0,0.0,0.0,0.0,100.0,0.0,0.0,0.0,100.0,0.0,0.0,30.0,0.0,0.0,0.0,0.0,0.0,0.0,6.8
1790496646.491,0.0,0.0,0.0,0.0,50.0,0.0,0.0,0.0,0.0,0.0,0.0,0.0,0.0,0.0,0.0,40.0,0.0,0.0,0.0,0.0,0.0,0.0,0.0,0.0,0.0,0.0,50.0,0.0,0.0,0.0,0.0,0.0,0.0,0.0,30.0,0.0,0.0,0.0,0.0,0.0,0.0,0.0,100.0,0.0,0.0,0.0,100.0,0.0,0.0,20.0,0.0,9.1,0.0,0.0,0.0,0.0,7.1
1790496646.591,0.0,0.0,0.0,80.0,44.4,0.0,0.0,0.0,0.0,0.0,0.0,0.0,0.0,0.0,0.0,36.4,0.0,0.0,0.0,0.0,0.0,0.0,0.0,0.0,0.0,0.0,90.9,0.0,0.0,0.0,0.0,0.0,0.0,0.0,22.2,0.0,0.0,0.0,0.0,0.0,0.0,0.0,100.0,0.0,0.0,0.0,100.0,0.0,0.0,10.0,0.0,0.0,0.0,0.0,0.0,0.0,8.6
1790496646.691,0.0,0.0,0.0,0.0,45.5,0.0,0.0,0.0,0.0,0.0,0.0,0.0,0.0,0.0,0.0,33.3,0.0,0.0,0.0,0.0,0.0,0.0,0.0,0.0,0.0,0.0,0.0,0.0,0.0,0.0,0.0,0.0,0.0,9.1,27.3,0.0,0.0,0.0,0.0,0.0,0.0,0.0,100.0,0.0,0.0,0.0,100.0,0.0,0.0,30.0,0.0,0.0,0.0,0.0,0.0,0.0,6.2
1790496646.791,0.0,0.0,0.0,80.0,50.0,0.0,0.0,0.0,0.0,0.0,0.0,0.0,0.0,0.0,0.0,45.5,0.0,0.0,0.0,0.0,0.0,0.0,0.0,0.0,0.0,0.0,70.0,0.0,0.0,0.0,0.0,0.0,0.0,0.0,22.2,0.0,0.0,0.0,0.0,0.0,0.0,0.0,100.0,0.0,0.0,0.0,100.0,0.0,9.1,20.0,0.0,0.0,0.0,0.0,0.0,0.0,8.9
1790496646.891,0.0,0.0,0.0,80.0,40.0,0.0,0.0,0.0,0.0,0.0,0.0,0.0,0.0,0.0,0.0,33.3,0.0,0.0,0.0,0.0,0.0,0.0,0.0,0.0,0.0,0.0,70.0,0.0,0.0,0.0,0.0,0.0,0.0,0.0,27.3,0.0,0.0,0.0,0.0,0.0,0.0,0.0,100.0,0.0,0.0,0.0,100.0,0.0,0.0,30.0,0.0,0.0,0.0,0.0,0.0,0.0,8.6
1790496646.991,0.0,9.1,0.0,10.0,50.0,0.0,0.0,0.0,0.0,0.0,0.0,0.0,0.0,0.0,0.0,40.0,0.0,0.0,0.0,0.0,0.0,0.0,0.0,10.0,0.0,0.0,45.5,0.0,0.0,0.0,0.0,0.0,0.0,0.0,30.0,0.0,0.0,0.0,0.0,0.0,0.0,0.0,100.0,0.0,0.0,0.0,100.0,0.0,0.0,20.0,0.0,9.1,0.0,0.0,0.0,0.0,7.6
1790496647.091,0.0,0.0,0.0,0.0,44.4,0.0,0.0,0.0,0.0,0.0,0.0,0.0,0.0,0.0,0.0,33.3,0.0,0.0,0.0,0.0,0.0,0.0,0.0,0.0,0.0,0.0,40.0,0.0,0.0,0.0,0.0,0.0,0.0,0.0,22.2,0.0,0.0,0.0,0.0,0.0,0.0,0.0,100.0,0.0,0.0,0.0,100.0,0.0,0.0,22.2,0.0,0.0,0.0,0.0,0.0,0.0,6.5
1790496647.192,0.0,0.0,0.0,0.0,45.5,0.0,0.0,0.0,11.1,0.0,0.0,0.0,0.0,0.0,0.0,45.5,0.0,0.0,0.0,0.0,0.0,0.0,0.0,0.0,0.0,0.0,40.0,0.0,0.0,0.0,0.0,0.0,0.0,0.0,10.0,0.0,0.0,0.0,0.0,0.0,0.0,0.0,100.0,0.0,0.0,0.0,100.0,0.0,0.0,18.2,0.0,10.0,22.2,10.0,0.0,0.0,7.4
1790496647.292,0.0,0.0,0.0,0.0,44.4,0.0,0.0,0.0,10.0,0.0,0.0,40.0,0.0,0.0,0.0,30.0,0.0,0.0,0.0,0.0,0.0,0.0,0.0,0.0,0.0,0.0,55.6,0.0,0.0,0.0,0.0,0.0,0.0,0.0,0.0,0.0,0.0,0.0,0.0,0.0,0.0,0.0,100.0,0.0,0.0,0.0,100.0,0.0,0.0,20.0,0.0,45.5,10.0,0.0,0.0,0.0,8.1
1790496647.392,0.0,0.0,9.1,0.0,54.5,0.0,0.0,0.0,0.0,0.0,0.0,0.0,0.0,0.0,0.0,33.3,0.0,0.0,0.0,0.0,0.0,0.0,0.0,0.0,0.0,0.0,63.6,0.0,0.0,0.0,0.0,0.0,0.0,0.0,0.0,0.0,20.0,0.0,0.0,0.0,0.0,0.0,100.0,0.0,0.0,0.0,100.0,0.0,0.0,30.0,0.0,0.0,0.0,0.0,0.0,0.0,7.3
1790496647.492,0.0,0.0,0.0,0.0,40.0,0.0,0.0,0.0,0.0,0.0,0.0,0.0,0.0,0.0,0.0,36.4,0.0,0.0,0.0,0.0,0.0,0.0,0.0,0.0,0.0,0.0,55.6,0.0,0.0,0.0,0.0,0.0,0.0,0.0,0.0,9.1,30.0,0.0,0.0,0.0,0.0,0.0,100.0,0.0,0.0,0.0,100.0,0.0,0.0,30.0,0.0,0.0,0.0,0.0,0.0,0.0,7.2
1790496647.592,0.0,0.0,0.0,0.0,50.0,0.0,0.0,0.0,0.0,0.0,0.0,0.0,0.0,0.0,0.0,40.0,0.0,0.0,0.0,0.0,0.0,0.0,0.0,0.0,0.0,0.0,36.4,0.0,0.0,0.0,0.0,0.0,0.0,0.0,20.0,88.9,9.1,0.0,0.0,0.0,0.0,0.0,100.0,0.0,0.0,0.0,100.0,0.0,0.0,30.0,0.0,0.0,0.0,0.0,0.0,0.0,8.5
1790496647.692,0.0,0.0,0.0,0.0,40.0,0.0,0.0,0.0,0.0,0.0,0.0,0.0,0.0,0.0,0.0,40.0,0.0,0.0,0.0,0.0,0.0,0.0,0.0,0.0,0.0,0.0,10.0,0.0,0.0,0.0,0.0,0.0,0.0,0.0,9.1,100.0,0.0,0.0,0.0,0.0,0.0,0.0,100.0,0.0,0.0,0.0,100.0,0.0,0.0,11.1,0.0,11.1,0.0,0.0,0.0,0.0,7.5
1790496647.792,0.0,0.0,0.0,55.6,50.0,0.0,0.0,0.0,0.0,0.0,0.0,0.0,0.0,0.0,0.0,33.3,0.0,0.0,0.0,0.0,0.0,0.0,0.0,0.0,0.0,0.0,60.0,0.0,0.0,0.0,0.0,0.0,0.0,0.0,0.0,50.0,0.0,0.0,0.0,0.0,0.0,0.0,100.0,0.0,0.0,0.0,100.0,0.0,0.0,27.3,0.0,0.0,0.0,0.0,0.0,0.0,8.5
1790496647.893,0.0,0.0,0.0,60.0,44.4,0.0,0.0,0.0,0.0,0.0,0.0,0.0,0.0,0.0,0.0,36.4,0.0,0.0,0.0,0.0,0.0,0.0,0.0,0.0,0.0,0.0,60.0,0.0,0.0,0.0,0.0,0.0,0.0,0.0,0.0,30.0,0.0,0.0,0.0,0.0,0.0,0.0,100.0,0.0,0.0,0.0,100.0,0.0,0.0,22.2,0.0,0.0,0.0,0.0,0.0,0.0,8.1
1790496647.993,0.0,0.0,0.0,90.0,45.5,0.0,0.0,0.0,0.0,0.0,0.0,0.0,0.0,0.0,0.0,45.5,0.0,0.0,0.0,0.0,0.0,0.0,0.0,0.0,0.0,0.0,70.0,0.0,0.0,0.0,0.0,0.0,0.0,0.0,0.0,10.0,0.0,0.0,0.0,0.0,0.0,0.0,100.0,0.0,0.0,0.0,100.0,0.0,0.0,20.0,0.0,0.0,0.0,0.0,0.0,0.0,8.6
1790496648.093,0.0,0.0,0.0,90.0,50.0,0.0,0.0,0.0,0.0,0.0,0.0,0.0,0.0,0.0,0.0,22.2,0.0,0.0,0.0,0.0,0.0,0.0,0.0,0.0,0.0,0.0,90.0,0.0,0.0,0.0,0.0,0.0,0.0,0.0,0.0,10.0,0.0,0.0,0.0,0.0,0.0,0.0,100.0,0.0,0.0,0.0,100.0,0.0,0.0,36.4,0.0,0.0,0.0,0.0,0.0,0.0,8.9
1790496648.193,0.0,0.0,0.0,90.9,44.4,0.0,0.0,0.0,0.0,0.0,0.0,0.0,0.0,0.0,0.0,40.0,0.0,0.0,0.0,0.0,0.0,0.0,0.0,0.0,0.0,0.0,90.0,0.0,0.0,0.0,0.0,0.0,0.0,0.0,0.0,0.0,0.0,0.0,0.0,0.0,0.0,0.0,100.0,0.0,0.0,0.0,100.0,0.0,0.0,22.2,0.0,0.0,0.0,0.0,0.0,0.0,8.7
1790496648.293,0.0,0.0,0.0,100.0,45.5,0.0,0.0,0.0,0.0,0.0,0.0,0.0,0.0,0.0,0.0,30.0,0.0,0.0,0.0,0.0,0.0,0.0,0.0,0.0,0.0,0.0,100.0,0.0,0.0,0.0,0.0,0.0,0.0,0.0,0.0,9.1,0.0,0.0,0.0,0.0,0.0,0.0,100.0,9.1,0.0,0.0,100.0,0.0,0.0,18.2,0.0,0.0,0.0,9.1,0.0,0.0,9.3
1790496648.393,0.0,0.0,0.0,90.0,50.0,0.0,0.0,0.0,0.0,0.0,0.0,0.0,0.0,0.0,0.0,33.3,0.0,0.0,0.0,0.0,0.0,0.0,0.0,0.0,0.0,0.0,90.0,0.0,0.0,0.0,0.0,0.0,0.0,0.0,0.0,10.0,0.0,0.0,0.0,0.0,0.0,0.0,100.0,0.0,0.0,0.0,100.0,0.0,0.0,22.2,0.0,0.0,0.0,0.0,0.0,0.0,8.8
1790496648.493,0.0,0.0,0.0,100.0,44.4,0.0,0.0,0.0,0.0,0.0,0.0,0.0,0.0,0.0,0.0,36.4,0.0,0.0,0.0,0.0,0.0,0.0,0.0,0.0,0.0,0.0,100.0,0.0,0.0,0.0,0.0,0.0,0.0,0.0,0.0,0.0,0.0,0.0,0.0,0.0,0.0,0.0,100.0,0.0,9.1,0.0,100.0,0.0,0.0,20.0,0.0,0.0,0.0,0.0,0.0,0.0,9.1
1790496648.594,0.0,9.1,0.0,70.0,40.0,0.0,0.0,0.0,0.0,0.0,0.0,0.0,0.0,0.0,0.0,30.0,0.0,0.0,0.0,0.0,0.0,0.0,0.0,0.0,0.0,0.0,70.0,0.0,0.0,0.0,0.0,0.0,0.0,0.0,0.0,20.0,0.0,0.0,0.0,0.0,0.0,0.0,100.0,0.0,0.0,0.0,100.0,0.0,0.0,20.0,0.0,0.0,0.0,11.1,0.0,0.0,8.4
1790496648.694,0.0,0.0,0.0,90.0,50.0,0.0,0.0,0.0,0.0,0.0,0.0,0.0,0.0,0.0,0.0,40.0,0.0,0.0,0.0,0.0,0.0,0.0,0.0,0.0,0.0,0.0,81.8,0.0,0.0,0.0,0.0,0.0,0.0,0.0,0.0,10.0,0.0,0.0,0.0,0.0,0.0,0.0,100.0,0.0,0.0,0.0,100.0,0.0,0.0,20.0,0.0,0.0,0.0,100.0,0.0,0.0,10.6
1790496648.794,0.0,0.0,0.0,90.0,50.0,0.0,0.0,0.0,0.0,0.0,0.0,0.0,0.0,0.0,0.0,40.0,0.0,0.0,0.0,0.0,0.0,0.0,0.0,0.0,0.0,0.0,70.0,0.0,0.0,0.0,0.0,0.0,0.0,0.0,0.0,10.0,0.0,0.0,0.0,0.0,0.0,0.0,100.0,0.0,0.0,0.0,100.0,0.0,0.0,20.0,0.0,0.0,0.0,18.2,0.0,0.0,8.9
1790496648.894,0.0,0.0,0.0,70.0,45.5,0.0,0.0,0.0,0.0,0.0,0.0,0.0,0.0,0.0,0.0,33.3,0.0,0.0,0.0,0.0,0.0,0.0,0.0,0.0,0.0,0.0,60.0,0.0,0.0,0.0,0.0,0.0,0.0,0.0,0.0,27.3,0.0,0.0,0.0,0.0,0.0,0.0,100.0,0.0,0.0,0.0,100.0,0.0,0.0,20.0,0.0,0.0,0.0,0.0,0.0,0.0,8.1
1790496648.994,0.0,0.0,9.1,70.0,44.4,0.0,0.0,0.0,0.0,0.0,0.0,0.0,0.0,0.0,0.0,36.4,0.0,0.0,0.0,0.0,0.0,0.0,0.0,0.0,0.0,0.0,70.0,0.0,0.0,0.0,0.0,0.0,0.0,0.0,0.0,22.2,0.0,0.0,0.0,0.0,0.0,0.0,100.0,0.0,0.0,0.0,100.0,0.0,0.0,30.0,0.0,0.0,0.0,10.0,0.0,0.0,8.8
1790496649.094,0.0,0.0,0.0,60.0,50.0,0.0,0.0,0.0,0.0,0.0,0.0,0.0,0.0,0.0,0.0,36.4,0.0,0.0,0.0,0.0,0.0,0.0,0.0,0.0,0.0,9.1,90.0,0.0,0.0,0.0,0.0,0.0,0.0,0.0,0.0,18.2,0.0,0.0,0.0,0.0,0.0,0.0,100.0,0.0,0.0,0.0,100.0,0.0,0.0,20.0,0.0,0.0,0.0,10.0,0.0,0.0,8.8
1790496649.194,0.0,0.0,0.0,40.0,45.5,0.0,0.0,0.0,0.0,0.0,0.0,0.0,0.0,0.0,0.0,33.3,0.0,0.0,0.0,0.0,0.0,0.0,0.0,0.0,9.1,0.0,60.0,0.0,0.0,0.0,0.0,0.0,0.0,0.0,0.0,0.0,0.0,0.0,0.0,0.0,0.0,0.0,100.0,0.0,0.0,0.0,100.0,0.0,0.0,30.0,0.0,0.0,0.0,9.1,0.0,0.0,7.6
1790496649.295,0.0,0.0,0.0,0.0,44.4,0.0,0.0,0.0,0.0,0.0,0.0,0.0,0.0,0.0,0.0,45.5,0.0,0.0,0.0,0.0,0.0,0.0,0.0,0.0,0.0,0.0,0.0,0.0,0.0,0.0,0.0,0.0,0.0,0.0,0.0,0.0,0.0,0.0,0.0,0.0,0.0,0.0,100.0,0.0,0.0,0.0,100.0,0.0,0.0,20.0,0.0,0.0,0.0,0.0,0.0,0.0,5.5
1790496649.395,0.0,0.0,0.0,0.0,40.0,0.0,0.0,0.0,0.0,0.0,0.0,0.0,0.0,0.0,0.0,44.4,0.0,0.0,0.0,0.0,0.0,0.0,0.0,0.0,0.0,0.0,0.0,0.0,0.0,0.0,0.0,0.0,0.0,0.0,0.0,0.0,0.0,0.0,0.0,0.0,0.0,0.0,100.0,0.0,0.0,0.0,100.0,0.0,9.1,40.0,0.0,0.0,0.0,0.0,0.0,0.0,6.0
1790496649.495,0.0,0.0,0.0,0.0,50.0,0.0,0.0,0.0,0.0,0.0,0.0,0.0,0.0,0.0,0.0,33.3,0.0,0.0,0.0,0.0,0.0,0.0,0.0,0.0,0.0,0.0,0.0,0.0,0.0,0.0,0.0,0.0,0.0,0.0,0.0,0.0,0.0,0.0,0.0,0.0,0.0,0.0,100.0,0.0,0.0,0.0,100.0,0.0,0.0,30.0,0.0,0.0,0.0,0.0,0.0,0.0,5.6
1790496649.595,0.0,0.0,0.0,0.0,50.0,0.0,0.0,0.0,0.0,0.0,0.0,0.0,0.0,0.0,70.0,36.4,0.0,0.0,0.0,0.0,0.0,0.0,0.0,0.0,0.0,0.0,0.0,0.0,0.0,0.0,0.0,0.0,0.0,0.0,0.0,0.0,0.0,0.0,0.0,0.0,0.0,0.0,30.0,0.0,0.0,0.0,100.0,9.1,0.0,20.0,0.0,0.0,0.0,10.0,0.0,0.0,5.8
1790496649.695,0.0,0.0,0.0,0.0,45.5,0.0,0.0,0.0,0.0,0.0,0.0,0.0,0.0,0.0,100.0,44.4,0.0,0.0,0.0,0.0,0.0,0.0,0.0,0.0,0.0,0.0,0.0,9.1,0.0,0.0,0.0,0.0,0.0,0.0,0.0,30.0,0.0,0.0,0.0,0.0,0.0,0.0,0.0,0.0,0.0,0.0,100.0,0.0,0.0,20.0,0.0,0.0,0.0,10.0,0.0,0.0,6.4
1790496649.795,10.0,0.0,0.0,0.0,44.4,0.0,0.0,0.0,0.0,0.0,0.0,0.0,0.0,0.0,100.0,36.4,0.0,0.0,0.0,0.0,0.0,0.0,0.0,0.0,0.0,9.1,0.0,0.0,0.0,0.0,0.0,0.0,0.0,0.0,0.0,100.0,0.0,0.0,0.0,0.0,0.0,0.0,0.0,0.0,0.0,0.0,100.0,0.0,0.0,27.3,0.0,0.0,0.0,10.0,0.0,0.0,7.8
1790496649.896,0.0,0.0,0.0,0.0,50.0,0.0,0.0,0.0,0.0,0.0,0.0,0.0,0.0,0.0,100.0,33.3,0.0,0.0,0.0,0.0,0.0,0.0,0.0,0.0,0.0,9.1,0.0,0.0,0.0,0.0,0.0,0.0,0.0,0.0,0.0,100.0,0.0,0.0,0.0,0.0,0.0,0.0,0.0,0.0,0.0,0.0,100.0,0.0,0.0,11.1,0.0,0.0,0.0,9.1,0.0,0.0,7.4
1790496649.996,0.0,0.0,0.0,0.0,45.5,0.0,0.0,0.0,0.0,0.0,0.0,0.0,0.0,0.0,100.0,40.0,0.0,0.0,0.0,0.0,0.0,0.0,0.0,0.0,0.0,0.0,0.0,0.0,0.0,0.0,0.0,0.0,0.0,0.0,30.0,100.0,0.0,0.0,0.0,0.0,0.0,0.0,0.0,0.0,0.0,0.0,100.0,0.0,0.0,10.0,0.0,0.0,0.0,0.0,0.0,0.0,7.6
1790496650.096,0.0,0.0,0.0,0.0,44.4,0.0,0.0,0.0,0.0,0.0,0.0,0.0,0.0,0.0,60.0,36.4,0.0,0.0,0.0,0.0,0.0,0.0,0.0,0.0,0.0,0.0,0.0,0.0,0.0,0.0,0.0,0.0,0.0,0.0,30.0,100.0,0.0,0.0,0.0,0.0,0.0,0.0,44.4,0.0,0.0,0.0,100.0,0.0,0.0,18.2,0.0,9.1,0.0,0.0,0.0,0.0,7.9
1790496650.196,0.0,0.0,0.0,0.0,50.0,0.0,0.0,0.0,0.0,0.0,0.0,0.0,0.0,0.0,0.0,30.0,0.0,0.0,0.0,0.0,0.0,0.0,0.0,0.0,0.0,0.0,0.0,0.0,0.0,0.0,0.0,0.0,0.0,0.0,10.0,100.0,30.0,0.0,0.0,0.0,0.0,0.0,81.8,0.0,0.0,0.0,100.0,0.0,0.0,22.2,0.0,0.0,0.0,0.0,0.0,0.0,7.6
1790496650.296,0.0,0.0,9.1,0.0,40.0,0.0,0.0,0.0,0.0,0.0,0.0,0.0,0.0,0.0,0.0,40.0,0.0,0.0,0.0,0.0,0.0,0.0,0.0,0.0,0.0,0.0,0.0,0.0,0.0,0.0,0.0,0.0,0.0,9.1,30.0,100.0,0.0,0.0,0.0,0.0,0.0,0.0,70.0,0.0,0.0,0.0,100.0,0.0,0.0,30.0,0.0,0.0,0.0,0.0,0.0,0.0,7.6
1790496650.396,0.0,0.0,0.0,0.0,50.0,0.0,0.0,0.0,0.0,0.0,0.0,0.0,0.0,0.0,0.0,30.0,0.0,0.0,0.0,0.0,0.0,0.0,0.0,0.0,0.0,0.0,0.0,0.0,0.0,0.0,0.0,0.0,0.0,9.1,30.0,100.0,0.0,0.0,0.0,0.0,0.0,0.0,77.8,0.0,0.0,0.0,100.0,0.0,0.0,20.0,9.1,0.0,0.0,60.0,0.0,0.0,8.7
1790496650.496,0.0,0.0,9.1,0.0,50.0,0.0,0.0,0.0,0.0,0.0,0.0,0.0,0.0,0.0,0.0,40.0,0.0,0.0,0.0,0.0,0.0,0.0,0.0,0.0,0.0,0.0,0.0,0.0,0.0,0.0,0.0,0.0,0.0,0.0,20.0,100.0,0.0,9.1,0.0,0.0,0.0,0.0,90.9,0.0,0.0,0.0,100.0,0.0,0.0,9.1,0.0,0.0,0.0,100.0,0.0,0.0,9.4
1790496650.597,0.0,0.0,0.0,0.0,45.5,0.0,0.0,0.0,0.0,0.0,0.0,0.0,0.0,0.0,0.0,40.0,27.3,0.0,0.0,9.1,0.0,0.0,0.0,0.0,0.0,0.0,0.0,0.0,0.0,0.0,0.0,0.0,0.0,0.0,10.0,100.0,0.0,0.0,0.0,0.0,0.0,0.0,20.0,0.0,0.0,10.0,100.0,10.0,0.0,44.4,10.0,9.1,0.0,100.0,10.0,20.0,10.1
1790496650.697,20.0,0.0,0.0,0.0,44.4,0.0,0.0,0.0,0.0,0.0,0.0,0.0,0.0,0.0,0.0,30.0,0.0,0.0,0.0,0.0,0.0,0.0,0.0,0.0,0.0,9.1,0.0,0.0,0.0,0.0,0.0,0.0,0.0,0.0,0.0,100.0,0.0,0.0,0.0,0.0,0.0,0.0,30.0,0.0,0.0,22.2,100.0,30.0,0.0,20.0,30.0,0.0,0.0,100.0,30.0,30.0,10.6
1790496650.797,11.1,0.0,0.0,0.0,50.0,0.0,0.0,0.0,0.0,0.0,0.0,0.0,0.0,0.0,0.0,33.3,0.0,0.0,0.0,0.0,0.0,0.0,0.0,0.0,0.0,0.0,0.0,0.0,0.0,0.0,0.0,0.0,0.0,0.0,20.0,100.0,0.0,0.0,0.0,0.0,0.0,0.0,30.0,0.0,0.0,30.0,100.0,30.0,0.0,30.0,22.2,0.0,0.0,100.0,12.5,30.0,10.7
1790496650.897,0.0,0.0,0.0,0.0,45.5,0.0,0.0,0.0,0.0,0.0,0.0,0.0,0.0,0.0,0.0,40.0,0.0,0.0,0.0,0.0,0.0,0.0,0.0,0.0,0.0,0.0,0.0,0.0,0.0,0.0,0.0,0.0,0.0,0.0,30.0,100.0,0.0,0.0,0.0,0.0,0.0,0.0,40.0,0.0,0.0,40.0,100.0,40.0,9.1,30.0,40.0,0.0,0.0,100.0,40.0,40.0,12.4
1790496650.997,0.0,9.1,0.0,0.0,50.0,0.0,0.0,0.0,0.0,0.0,0.0,0.0,0.0,0.0,0.0,33.3,9.1,0.0,0.0,0.0,0.0,0.0,0.0,0.0,0.0,16.7,0.0,0.0,0.0,0.0,0.0,0.0,0.0,0.0,30.0,100.0,0.0,0.0,0.0,0.0,0.0,0.0,50.0,0.0,0.0,40.0,100.0,40.0,0.0,20.0,40.0,0.0,0.0,100.0,45.5,37.5,12.9
1790496651.097,0.0,0.0,0.0,0.0,44.4,0.0,0.0,0.0,0.0,0.0,0.0,0.0,0.0,0.0,0.0,45.5,0.0,0.0,0.0,0.0,0.0,0.0,0.0,0.0,0.0,0.0,0.0,0.0,0.0,0.0,0.0,0.0,0.0,0.0,30.0,100.0,0.0,0.0,0.0,0.0,0.0,0.0,33.3,0.0,0.0,45.5,100.0,40.0,0.0,30.0,33.3,0.0,0.0,100.0,33.3,45.5,12.2
1790496651.198,0.0,0.0,0.0,0.0,40.0,0.0,0.0,0.0,0.0,0.0,0.0,0.0,0.0,0.0,0.0,36.4,0.0,0.0,0.0,0.0,0.0,0.0,0.0,10.0,0.0,0.0,0.0,0.0,0.0,0.0,0.0,0.0,0.0,0.0,30.0,100.0,0.0,0.0,0.0,0.0,0.0,0.0,20.0,0.0,0.0,22.2,100.0,20.0,0.0,30.0,30.0,0.0,0.0,100.0,30.0,22.2,10.6
1790496651.298,0.0,0.0,0.0,0.0,50.0,0.0,0.0,0.0,0.0,0.0,0.0,0.0,0.0,0.0,0.0,40.0,0.0,0.0,0.0,0.0,0.0,0.0,0.0,0.0,0.0,0.0,0.0,0.0,0.0,0.0,0.0,0.0,0.0,0.0,30.0,100.0,0.0,0.0,0.0,0.0,0.0,0.0,36.4,0.0,0.0,20.0,100.0,30.0,0.0,36.4,11.1,0.0,0.0,100.0,11.1,33.3,10.7
1790496651.398,0.0,0.0,0.0,0.0,50.0,0.0,0.0,0.0,0.0,0.0,0.0,0.0,0.0,0.0,0.0,40.0,0.0,0.0,0.0,0.0,0.0,0.0,0.0,0.0,0.0,0.0,0.0,0.0,0.0,0.0,0.0,0.0,0.0,0.0,22.2,0.0,0.0,0.0,0.0,0.0,0.0,0.0,40.0,0.0,0.0,45.5,100.0,40.0,0.0,22.2,40.0,0.0,0.0,100.0,40.0,40.0,10.4
1790496651.498,0.0,0.0,10.0,0.0,40.0,0.0,0.0,0.0,0.0,0.0,0.0,0.0,0.0,0.0,0.0,33.3,0.0,0.0,0.0,0.0,0.0,0.0,0.0,0.0,0.0,0.0,0.0,0.0,0.0,0.0,0.0,0.0,0.0,9.1,27.3,0.0,0.0,0.0,0.0,0.0,0.0,0.0,36.4,0.0,0.0,40.0,100.0,33.3,0.0,27.3,40.0,0.0,0.0,100.0,36.4,37.5,10.2
1790496651.598,0.0,0.0,0.0,0.0,50.0,0.0,0.0,0.0,0.0,0.0,0.0,0.0,0.0,0.0,0.0,45.5,0.0,0.0,0.0,10.0,0.0,0.0,0.0,0.0,0.0,0.0,0.0,0.0,0.0,0.0,0.0,0.0,0.0,0.0,20.0,0.0,0.0,0.0,0.0,0.0,0.0,0.0,33.3,0.0,0.0,33.3,100.0,40.0,25.0,10.0,40.0,0.0,0.0,100.0,33.3,0.0,9.7
1790496651.698,0.0,0.0,0.0,0.0,44.4,0.0,22.2,0.0,0.0,0.0,0.0,0.0,0.0,0.0,0.0,33.3,0.0,0.0,0.0,0.0,0.0,0.0,0.0,0.0,0.0,9.1,0.0,9.1,0.0,0.0,0.0,0.0,0.0,0.0,0.0,0.0,0.0,0.0,0.0,0.0,0.0,0.0,22.2,0.0,0.0,30.0,100.0,20.0,0.0,20.0,22.2,0.0,0.0,100.0,36.4,27.3,8.9
1790496651.798,0.0,0.0,0.0,0.0,45.5,0.0,27.3,0.0,0.0,0.0,0.0,0.0,0.0,0.0,0.0,40.0,0.0,0.0,0.0,0.0,0.0,0.0,0.0,0.0,0.0,0.0,0.0,9.1,0.0,0.0,0.0,0.0,0.0,0.0,0.0,0.0,0.0,0.0,0.0,0.0,0.0,0.0,20.0,0.0,10.0,20.0,100.0,22.2,0.0,30.0,11.1,0.0,0.0,0.0,20.0,27.3,6.8
1790496651.899,0.0,0.0,0.0,0.0,50.0,0.0,20.0,0.0,0.0,0.0,0.0,0.0,0.0,0.0,0.0,40.0,0.0,0.0,0.0,0.0,0.0,0.0,0.0,0.0,0.0,0.0,0.0,0.0,0.0,0.0,0.0,0.0,0.0,0.0,0.0,0.0,0.0,0.0,0.0,0.0,0.0,0.0,0.0,0.0,10.0,40.0,100.0,50.0,30.0,30.0,40.0,0.0,0.0,0.0,40.0,44.4,8.8
1790496651.999,0.0,0.0,0.0,0.0,45.5,0.0,20.0,0.0,0.0,0.0,0.0,0.0,0.0,0.0,0.0,33.3,0.0,0.0,0.0,0.0,0.0,0.0,0.0,0.0,0.0,0.0,0.0,0.0,0.0,0.0,0.0,0.0,0.0,0.0,0.0,0.0,0.0,0.0,0.0,0.0,0.0,0.0,30.0,0.0,0.0,33.3,100.0,45.5,0.0,20.0,33.3,0.0,0.0,0.0,33.3,40.0,7.8
1790496652.099,0.0,0.0,0.0,0.0,44.4,0.0,22.2,0.0,0.0,0.0,0.0,0.0,0.0,0.0,0.0,45.5,0.0,0.0,0.0,0.0,0.0,0.0,0.0,0.0,0.0,0.0,0.0,0.0,0.0,0.0,0.0,0.0,0.0,0.0,0.0,0.0,0.0,0.0,0.0,0.0,0.0,0.0,30.0,0.0,0.0,33.3,100.0,30.0,0.0,10.0,40.0,0.0,0.0,0.0,30.0,33.3,7.5
1790496652.199,0.0,0.0,0.0,0.0,50.0,0.0,20.0,0.0,0.0,0.0,0.0,0.0,0.0,0.0,0.0,30.0,0.0,0.0,0.0,0.0,0.0,0.0,0.0,0.0,0.0,0.0,0.0,0.0,0.0,0.0,0.0,0.0,0.0,0.0,0.0,0.0,0.0,0.0,0.0,0.0,0.0,0.0,30.0,0.0,0.0,20.0,100.0,30.0,0.0,30.0,11.1,0.0,0.0,0.0,22.2,20.0,6.5
1790496652.299,0.0,0.0,0.0,0.0,40.0,0.0,20.0,0.0,0.0,0.0,0.0,0.0,0.0,0.0,0.0,40.0,0.0,0.0,0.0,0.0,0.0,0.0,0.0,0.0,0.0,0.0,0.0,0.0,0.0,0.0,0.0,0.0,0.0,9.1,0.0,0.0,0.0,0.0,0.0,0.0,0.0,0.0,20.0,0.0,0.0,22.2,100.0,30.0,0.0,22.2,30.0,0.0,0.0,0.0,30.0,30.0,7.0
1790496652.399,0.0,0.0,0.0,0.0,50.0,0.0,27.3,0.0,0.0,0.0,0.0,0.0,0.0,0.0,0.0,40.0,0.0,0.0,0.0,0.0,0.0,0.0,0.0,0.0,0.0,0.0,0.0,0.0,0.0,0.0,0.0,0.0,0.0,0.0,0.0,0.0,0.0,0.0,0.0,0.0,0.0,0.0,40.0,0.0,0.0,33.3,100.0,33.3,0.0,27.3,33.3,0.0,0.0,0.0,40.0,40.0,8.3
1790496652.499,0.0,0.0,0.0,0.0,44.4,0.0,22.2,0.0,0.0,0.0,0.0,0.0,0.0,0.0,0.0,40.0,0.0,0.0,0.0,0.0,0.0,0.0,0.0,0.0,0.0,0.0,0.0,0.0,0.0,0.0,0.0,0.0,0.0,0.0,0.0,0.0,0.0,0.0,0.0,0.0,0.0,0.0,40.0,0.0,0.0,45.5,100.0,40.0,0.0,20.0,33.3,0.0,0.0,0.0,40.0,44.4,8.4
1790496652.600,0.0,0.0,0.0,0.0,45.5,0.0,20.0,0.0,0.0,0.0,0.0,0.0,0.0,0.0,0.0,33.3,0.0,0.0,0.0,0.0,0.0,0.0,0.0,0.0,0.0,0.0,0.0,0.0,0.0,0.0,0.0,0.0,0.0,0.0,0.0,0.0,0.0,0.0,0.0,0.0,0.0,0.0,40.0,0.0,0.0,40.0,100.0,45.5,0.0,30.0,40.0,0.0,0.0,0.0,40.0,33.3,8.3
1790496652.700,0.0,0.0,0.0,0.0,50.0,0.0,10.0,0.0,0.0,0.0,0.0,18.2,0.0,0.0,0.0,40.0,0.0,0.0,0.0,0.0,0.0,0.0,0.0,0.0,0.0,0.0,0.0,0.0,0.0,0.0,0.0,0.0,0.0,0.0,0.0,0.0,0.0,0.0,0.0,0.0,0.0,0.0,30.0,0.0,0.0,30.0,100.0,22.2,0.0,22.2,30.0,0.0,0.0,0.0,30.0,40.0,7.5
1790496652.800,0.0,0.0,0.0,0.0,40.0,0.0,10.0,0.0,0.0,0.0,0.0,18.2,0.0,0.0,0.0,36.4,0.0,0.0,0.0,0.0,0.0,0.0,0.0,0.0,0.0,0.0,0.0,0.0,0.0,0.0,0.0,0.0,0.0,0.0,0.0,0.0,0.0,0.0,0.0,0.0,0.0,0.0,27.3,0.0,0.0,30.0,100.0,20.0,0.0,27.3,30.0,0.0,0.0,0.0,22.2,20.0,6.8
1790496652.900,0.0,0.0,0.0,0.0,50.0,0.0,36.4,0.0,0.0,0.0,0.0,0.0,0.0,0.0,0.0,40.0,0.0,0.0,0.0,0.0,0.0,0.0,0.0,0.0,0.0,0.0,0.0,0.0,0.0,0.0,0.0,0.0,0.0,0.0,0.0,0.0,0.0,0.0,0.0,0.0,0.0,0.0,33.3,0.0,0.0,40.0,100.0,40.0,0.0,20.0,22.2,0.0,0.0,0.0,50.0,33.3,8.3
1790496653.000,0.0,0.0,9.1,0.0,50.0,0.0,11.1,0.0,0.0,0.0,0.0,0.0,0.0,0.0,0.0,33.3,0.0,0.0,0.0,0.0,0.0,0.0,0.0,0.0,0.0,0.0,0.0,0.0,0.0,0.0,0.0,0.0,0.0,0.0,0.0,0.0,0.0,0.0,0.0,0.0,0.0,0.0,50.0,0.0,0.0,33.3,100.0,50.0,0.0,22.2,60.0,0.0,0.0,0.0,44.4,50.0,9.2
1790496653.100,0.0,0.0,0.0,0.0,45.5,0.0,36.4,0.0,0.0,0.0,0.0,0.0,0.0,0.0,0.0,40.0,0.0,0.0,0.0,0.0,0.0,0.0,0.0,0.0,0.0,0.0,0.0,0.0,0.0,0.0,0.0,0.0,0.0,0.0,0.0,0.0,0.0,0.0,0.0,0.0,0.0,0.0,40.0,0.0,0.0,45.5,100.0,45.5,0.0,27.3,33.3,9.1,0.0,0.0,40.0,37.5,8.9
1790496653.200,0.0,0.0,0.0,0.0,44.4,0.0,11.1,0.0,0.0,0.0,0.0,0.0,0.0,0.0,0.0,40.0,0.0,0.0,0.0,0.0,0.0,0.0,0.0,0.0,0.0,0.0,0.0,0.0,0.0,0.0,0.0,0.0,0.0,0.0,0.0,0.0,0.0,0.0,0.0,0.0,0.0,0.0,20.0,0.0,0.0,30.0,100.0,20.0,0.0,11.1,11.1,0.0,0.0,0.0,27.3,27.3,6.1
1790496653.301,0.0,9.1,0.0,0.0,45.5,0.0,27.3,0.0,0.0,0.0,0.0,0.0,0.0,0.0,0.0,36.4,0.0,0.0,0.0,0.0,0.0,0.0,0.0,0.0,0.0,0.0,0.0,0.0,0.0,0.0,0.0,0.0,0.0,0.0,0.0,0.0,0.0,0.0,0.0,0.0,0.0,0.0,22.2,0.0,0.0,22.2,100.0,22.2,0.0,20.0,36.4,0.0,0.0,0.0,22.2,36.4,7.1
1790496653.401,0.0,0.0,0.0,0.0,50.0,0.0,11.1,0.0,0.0,0.0,0.0,0.0,0.0,0.0,0.0,44.4,0.0,0.0,0.0,0.0,0.0,0.0,0.0,0.0,0.0,0.0,0.0,0.0,0.0,0.0,0.0,0.0,0.0,0.0,0.0,0.0,0.0,0.0,0.0,0.0,0.0,0.0,36.4,0.0,0.0,25.0,100.0,33.3,0.0,27.3,33.3,0.0,0.0,0.0,40.0,33.3,7.8
1790496653.501,0.0,0.0,0.0,0.0,44.4,0.0,27.3,0.0,0.0,0.0,0.0,0.0,0.0,0.0,0.0,36.4,0.0,0.0,0.0,0.0,0.0,0.0,0.0,0.0,0.0,0.0,0.0,0.0,0.0,0.0,0.0,0.0,0.0,0.0,0.0,0.0,0.0,0.0,0.0,0.0,0.0,0.0,50.0,0.0,0.0,50.0,100.0,45.5,9.1,30.0,33.3,0.0,0.0,0.0,50.0,44.4,9.3
1790496653.601,0.0,0.0,0.0,0.0,45.5,0.0,22.2,0.0,0.0,0.0,0.0,0.0,0.0,0.0,0.0,33.3,0.0,0.0,0.0,0.0,0.0,0.0,0.0,0.0,0.0,0.0,0.0,0.0,0.0,0.0,0.0,0.0,0.0,0.0,0.0,0.0,0.0,0.0,0.0,0.0,0.0,0.0,45.5,0.0,0.0,33.3,100.0,33.3,0.0,30.0,40.0,0.0,0.0,0.0,40.0,40.0,8.3
1790496653.701,0.0,0.0,0.0,0.0,50.0,0.0,20.0,0.0,0.0,0.0,0.0,0.0,0.0,0.0,0.0,40.0,0.0,0.0,0.0,0.0,0.0,0.0,0.0,0.0,0.0,0.0,0.0,0.0,0.0,0.0,0.0,0.0,0.0,0.0,0.0,0.0,0.0,0.0,0.0,0.0,0.0,0.0,11.1,0.0,0.0,30.0,100.0,30.0,0.0,22.2,30.0,0.0,9.1,0.0,22.2,30.0,7.0
1790496653.801,0.0,0.0,0.0,0.0,44.4,0.0,27.3,0.0,0.0,0.0,0.0,0.0,0.0,0.0,0.0,50.0,0.0,9.1,0.0,0.0,0.0,0.0,0.0,0.0,0.0,0.0,0.0,0.0,0.0,0.0,0.0,0.0,0.0,0.0,0.0,0.0,0.0,0.0,0.0,0.0,0.0,0.0,30.0,0.0,10.0,30.0,100.0,36.4,0.0,10.0,22.2,0.0,0.0,0.0,30.0,30.0,7.7
1790496653.901,0.0,0.0,0.0,0.0,45.5,0.0,20.0,0.0,0.0,0.0,0.0,0.0,0.0,0.0,0.0,40.0,0.0,0.0,0.0,0.0,0.0,0.0,0.0,0.0,0.0,0.0,0.0,0.0,0.0,0.0,0.0,0.0,0.0,9.1,0.0,0.0,0.0,0.0,0.0,0.0,0.0,0.0,33.3,0.0,0.0,40.0,100.0,33.3,0.0,30.0,40.0,0.0,0.0,0.0,40.0,45.5,8.5
1790496654.002,20.0,9.1,0.0,0.0,44.4,0.0,20.0,0.0,0.0,0.0,0.0,0.0,0.0,0.0,0.0,27.3,0.0,0.0,0.0,0.0,0.0,0.0,0.0,0.0,0.0,0.0,0.0,0.0,0.0,0.0,0.0,0.0,0.0,9.1,0.0,0.0,0.0,0.0,0.0,0.0,0.0,0.0,45.5,0.0,0.0,40.0,100.0,44.4,0.0,30.0,45.5,0.0,0.0,0.0,40.0,44.4,9.3
1790496654.102,11.1,0.0,0.0,0.0,40.0,0.0,22.2,0.0,0.0,0.0,0.0,0.0,0.0,0.0,0.0,0.0,0.0,0.0,0.0,0.0,0.0,0.0,0.0,0.0,0.0,0.0,27.3,0.0,0.0,0.0,0.0,0.0,0.0,0.0,0.0,0.0,0.0,0.0,0.0,0.0,0.0,0.0,40.0,0.0,0.0,40.0,100.0,30.0,0.0,27.3,22.2,0.0,0.0,0.0,45.5,40.0,8.0
1790496654.202,0.0,0.0,0.0,0.0,54.5,0.0,20.0,0.0,0.0,0.0,0.0,0.0,0.0,0.0,0.0,0.0,0.0,0.0,0.0,0.0,0.0,0.0,0.0,0.0,0.0,0.0,25.0,0.0,0.0,0.0,0.0,0.0,0.0,0.0,0.0,0.0,0.0,0.0,0.0,0.0,0.0,0.0,20.0,0.0,0.0,11.1,100.0,22.2,0.0,20.0,36.4,0.0,0.0,0.0,20.0,11.1,6.1
1790496654.302,0.0,0.0,0.0,0.0,44.4,0.0,27.3,0.0,0.0,0.0,0.0,0.0,0.0,0.0,0.0,0.0,0.0,0.0,0.0,0.0,0.0,0.0,0.0,0.0,0.0,0.0,41.7,0.0,0.0,0.0,0.0,0.0,0.0,0.0,0.0,0.0,0.0,0.0,0.0,0.0,0.0,0.0,20.0,0.0,0.0,20.0,100.0,27.3,0.0,20.0,11.1,0.0,0.0,0.0,20.0,22.2,6.3
1790496654.402,0.0,0.0,9.1,0.0,40.0,0.0,20.0,0.0,0.0,0.0,0.0,0.0,0.0,0.0,0.0,0.0,0.0,0.0,0.0,0.0,0.0,0.0,0.0,0.0,0.0,0.0,40.0,0.0,0.0,0.0,0.0,0.0,0.0,0.0,0.0,0.0,0.0,0.0,0.0,0.0,0.0,0.0,40.0,0.0,0.0,40.0,100.0,50.0,0.0,20.0,40.0,0.0,0.0,0.0,44.4,33.3,8.5
1790496654.502,0.0,0.0,0.0,0.0,54.5,0.0,22.2,0.0,0.0,0.0,0.0,0.0,0.0,0.0,0.0,0.0,0.0,0.0,0.0,0.0,0.0,0.0,0.0,0.0,0.0,0.0,33.3,0.0,0.0,0.0,0.0,0.0,0.0,0.0,0.0,0.0,0.0,0.0,0.0,0.0,0.0,0.0,33.3,0.0,0.0,40.0,100.0,33.3,0.0,20.0,40.0,0.0,0.0,0.0,40.0,33.3,8.0
1790496654.602,0.0,0.0,0.0,0.0,44.4,0.0,20.0,0.0,0.0,0.0,0.0,0.0,0.0,0.0,0.0,0.0,0.0,0.0,0.0,0.0,0.0,0.0,0.0,0.0,0.0,0.0,40.0,0.0,0.0,0.0,0.0,0.0,0.0,0.0,0.0,0.0,0.0,0.0,0.0,0.0,0.0,0.0,33.3,0.0,0.0,45.5,100.0,33.3,0.0,20.0,40.0,9.1,0.0,0.0,45.5,40.0,8.4
1790496654.703,0.0,0.0,0.0,0.0,45.5,0.0,27.3,0.0,0.0,0.0,0.0,0.0,0.0,0.0,0.0,0.0,0.0,0.0,0.0,0.0,0.0,0.0,0.0,0.0,0.0,0.0,36.4,0.0,0.0,0.0,0.0,0.0,0.0,0.0,0.0,0.0,0.0,0.0,0.0,0.0,0.0,0.0,22.2,0.0,0.0,36.4,100.0,30.0,0.0,30.0,33.3,0.0,0.0,0.0,30.0,30.0,7.5
1790496654.803,0.0,0.0,0.0,0.0,50.0,0.0,30.0,0.0,0.0,0.0,0.0,0.0,0.0,0.0,0.0,0.0,0.0,0.0,0.0,0.0,0.0,0.0,0.0,0.0,0.0,0.0,37.5,0.0,0.0,0.0,0.0,0.0,0.0,0.0,0.0,0.0,0.0,0.0,0.0,0.0,0.0,0.0,27.3,0.0,0.0,20.0,100.0,11.1,0.0,30.0,20.0,0.0,0.0,0.0,22.2,27.3,6.7
1790496654.903,0.0,0.0,0.0,0.0,44.4,0.0,20.0,0.0,0.0,0.0,0.0,0.0,0.0,0.0,0.0,0.0,0.0,0.0,0.0,0.0,0.0,0.0,0.0,0.0,0.0,0.0,36.4,0.0,0.0,0.0,0.0,0.0,0.0,0.0,0.0,0.0,0.0,0.0,0.0,0.0,0.0,0.0,30.0,0.0,0.0,33.3,100.0,36.4,0.0,20.0,40.0,0.0,0.0,0.0,45.5,33.3,7.8
1790496655.003,0.0,0.0,0.0,0.0,45.5,0.0,30.0,0.0,0.0,0.0,0.0,0.0,0.0,0.0,0.0,0.0,0.0,0.0,0.0,0.0,0.0,0.0,0.0,0.0,0.0,0.0,40.0,0.0,0.0,0.0,0.0,0.0,0.0,0.0,0.0,0.0,0.0,0.0,0.0,0.0,0.0,0.0,40.0,0.0,0.0,40.0,100.0,40.0,0.0,20.0,40.0,0.0,0.0,0.0,40.0,33.3,8.4
1790496655.103,0.0,0.0,0.0,0.0,44.4,0.0,22.2,0.0,0.0,0.0,0.0,0.0,0.0,0.0,0.0,0.0,0.0,0.0,0.0,0.0,0.0,0.0,0.0,0.0,0.0,0.0,33.3,0.0,0.0,0.0,0.0,0.0,0.0,9.1,0.0,0.0,0.0,0.0,0.0,0.0,0.0,0.0,33.3,0.0,0.0,33.3,100.0,25.0,0.0,10.0,40.0,0.0,0.0,0.0,40.0,40.0,7.7
1790496655.203,0.0,0.0,0.0,0.0,45.5,0.0,27.3,0.0,0.0,0.0,0.0,0.0,0.0,0.0,0.0,0.0,0.0,0.0,0.0,0.0,0.0,0.0,0.0,0.0,0.0,0.0,36.4,0.0,0.0,0.0,0.0,0.0,0.0,0.0,0.0,0.0,0.0,0.0,0.0,0.0,0.0,0.0,20.0,0.0,0.0,27.3,100.0,27.3,0.0,30.0,11.1,0.0,0.0,0.0,27.3,27.3,6.8
1790496655.303,0.0,0.0,9.1,0.0,50.0,0.0,22.2,0.0,0.0,0.0,0.0,0.0,0.0,0.0,0.0,0.0,0.0,0.0,0.0,0.0,0.0,0.0,0.0,9.1,0.0,0.0,40.0,0.0,0.0,0.0,0.0,0.0,0.0,0.0,0.0,0.0,0.0,0.0,0.0,0.0,0.0,0.0,30.0,0.0,0.0,36.4,100.0,30.0,0.0,20.0,36.4,0.0,0.0,0.0,33.3,33.3,8.0
1790496655.404,0.0,0.0,0.0,0.0,44.4,0.0,20.0,0.0,0.0,0.0,0.0,0.0,0.0,0.0,0.0,0.0,0.0,0.0,0.0,0.0,0.0,0.0,0.0,0.0,0.0,0.0,30.0,0.0,0.0,0.0,0.0,0.0,0.0,0.0,0.0,9.1,0.0,0.0,0.0,0.0,0.0,0.0,36.4,0.0,0.0,33.3,100.0,33.3,0.0,30.0,33.3,0.0,0.0,0.0,40.0,30.0,7.9
1790496655.504,0.0,0.0,0.0,0.0,45.5,0.0,30.0,0.0,0.0,0.0,0.0,0.0,0.0,0.0,0.0,0.0,0.0,0.0,0.0,0.0,0.0,0.0,0.0,0.0,0.0,0.0,40.0,0.0,0.0,0.0,0.0,0.0,0.0,0.0,0.0,0.0,0.0,0.0,0.0,0.0,0.0,0.0,33.3,0.0,0.0,30.0,100.0,36.4,0.0,20.0,30.0,0.0,0.0,0.0,45.5,40.0,8.0
1790496655.604,0.0,0.0,0.0,0.0,44.4,0.0,20.0,0.0,0.0,0.0,0.0,0.0,0.0,0.0,0.0,0.0,0.0,0.0,0.0,0.0,0.0,0.0,0.0,0.0,0.0,0.0,33.3,0.0,0.0,0.0,0.0,0.0,0.0,0.0,0.0,0.0,0.0,0.0,0.0,0.0,0.0,0.0,22.2,0.0,0.0,40.0,100.0,33.3,0.0,20.0,25.0,0.0,0.0,0.0,45.5,40.0,7.6
1790496655.704,0.0,0.0,0.0,0.0,50.0,0.0,30.0,0.0,0.0,0.0,0.0,0.0,0.0,0.0,0.0,0.0,0.0,0.0,0.0,0.0,0.0,0.0,0.0,0.0,0.0,0.0,36.4,0.0,0.0,0.0,0.0,0.0,0.0,0.0,0.0,0.0,0.0,0.0,0.0,0.0,0.0,0.0,27.3,0.0,0.0,11.1,100.0,27.3,0.0,30.0,27.3,0.0,0.0,0.0,20.0,11.1,6.6
1790496655.804,0.0,0.0,0.0,0.0,45.5,0.0,27.3,0.0,0.0,0.0,0.0,0.0,0.0,0.0,0.0,0.0,0.0,0.0,0.0,0.0,0.0,0.0,0.0,0.0,0.0,0.0,40.0,0.0,0.0,0.0,0.0,0.0,0.0,0.0,0.0,0.0,0.0,0.0,0.0,0.0,0.0,0.0,30.0,0.0,0.0,30.0,100.0,36.4,0.0,30.0,30.0,0.0,0.0,0.0,22.2,30.0,7.5
1790496655.904,0.0,0.0,0.0,0.0,50.0,0.0,22.2,0.0,0.0,0.0,0.0,0.0,0.0,0.0,0.0,0.0,0.0,0.0,0.0,9.1,0.0,0.0,0.0,0.0,0.0,0.0,22.2,0.0,0.0,0.0,0.0,0.0,0.0,0.0,0.0,0.0,0.0,0.0,0.0,0.0,0.0,0.0,30.0,0.0,0.0,40.0,100.0,22.2,0.0,20.0,12.5,0.0,0.0,0.0,33.3,33.3,7.1
1790496656.004,0.0,0.0,0.0,0.0,44.4,0.0,27.3,0.0,0.0,0.0,0.0,0.0,0.0,0.0,0.0,0.0,0.0,0.0,0.0,0.0,0.0,0.0,0.0,0.0,0.0,0.0,36.4,0.0,0.0,0.0,0.0,0.0,0.0,0.0,0.0,0.0,0.0,0.0,0.0,0.0,0.0,0.0,40.0,0.0,0.0,30.0,100.0,33.3,0.0,30.0,45.5,0.0,0.0,0.0,40.0,30.0,8.2
1790496656.105,10.0,0.0,0.0,0.0,45.5,0.0,27.3,0.0,0.0,0.0,0.0,0.0,0.0,0.0,0.0,0.0,0.0,0.0,0.0,11.1,0.0,0.0,0.0,0.0,0.0,9.1,11.1,0.0,0.0,0.0,0.0,0.0,0.0,0.0,0.0,0.0,0.0,0.0,0.0,0.0,0.0,0.0,36.4,0.0,0.0,25.0,100.0,40.0,0.0,30.0,33.3,0.0,0.0,0.0,45.5,33.3,8.2
1790496656.205,0.0,0.0,0.0,0.0,44.4,0.0,12.5,0.0,0.0,0.0,0.0,0.0,0.0,0.0,0.0,0.0,0.0,0.0,0.0,36.4,0.0,0.0,9.1,0.0,0.0,0.0,0.0,0.0,0.0,0.0,0.0,0.0,0.0,0.0,0.0,0.0,0.0,0.0,0.0,0.0,0.0,0.0,20.0,0.0,0.0,33.3,100.0,27.3,0.0,20.0,20.0,0.0,0.0,0.0,11.1,30.0,6.5
1790496656.305,0.0,0.0,0.0,0.0,50.0,0.0,20.0,0.0,0.0,0.0,0.0,0.0,0.0,0.0,0.0,0.0,0.0,0.0,0.0,33.3,0.0,0.0,0.0,0.0,0.0,0.0,0.0,0.0,0.0,0.0,0.0,0.0,0.0,0.0,0.0,0.0,0.0,0.0,0.0,0.0,0.0,0.0,22.2,0.0,0.0,22.2,100.0,12.5,0.0,30.0,20.0,0.0,0.0,0.0,30.0,27.3,6.6
1790496656.405,0.0,0.0,9.1,0.0,45.5,0.0,30.0,0.0,0.0,0.0,0.0,0.0,0.0,0.0,0.0,0.0,0.0,0.0,0.0,30.0,0.0,0.0,0.0,0.0,0.0,0.0,0.0,0.0,0.0,0.0,0.0,0.0,0.0,9.1,0.0,0.0,0.0,0.0,0.0,0.0,0.0,0.0,41.7,0.0,0.0,30.0,100.0,36.4,0.0,20.0,40.0,0.0,0.0,0.0,30.0,25.0,8.0
1790496656.505,0.0,0.0,0.0,0.0,44.4,0.0,27.3,0.0,0.0,0.0,0.0,0.0,0.0,0.0,0.0,0.0,0.0,0.0,0.0,40.0,0.0,0.0,0.0,0.0,0.0,0.0,0.0,0.0,0.0,0.0,0.0,0.0,0.0,0.0,0.0,0.0,0.0,0.0,0.0,0.0,0.0,0.0,40.0,0.0,0.0,36.4,100.0,33.3,0.0,30.0,36.4,0.0,0.0,0.0,36.4,30.0,8.1
1790496656.605,0.0,0.0,0.0,0.0,45.5,0.0,30.0,0.0,0.0,0.0,0.0,0.0,0.0,0.0,0.0,0.0,0.0,0.0,0.0,30.0,0.0,0.0,0.0,0.0,0.0,0.0,0.0,0.0,0.0,0.0,0.0,0.0,0.0,0.0,0.0,0.0,0.0,0.0,0.0,0.0,0.0,0.0,30.0,0.0,0.0,25.0,100.0,40.0,0.0,30.0,30.0,9.1,0.0,0.0,33.3,45.5,8.0
1790496656.705,0.0,0.0,0.0,0.0,44.4,0.0,20.0,0.0,0.0,0.0,0.0,0.0,0.0,0.0,0.0,0.0,0.0,0.0,0.0,45.5,0.0,0.0,0.0,0.0,0.0,0.0,0.0,0.0,0.0,0.0,0.0,0.0,0.0,0.0,0.0,0.0,0.0,0.0,0.0,0.0,0.0,0.0,22.2,0.0,0.0,27.3,100.0,30.0,0.0,30.0,22.2,0.0,0.0,0.0,27.3,12.5,6.8
1790496656.806,0.0,0.0,0.0,0.0,50.0,0.0,22.2,0.0,0.0,0.0,0.0,0.0,0.0,0.0,0.0,0.0,0.0,0.0,0.0,33.3,0.0,0.0,0.0,0.0,0.0,0.0,0.0,0.0,0.0,0.0,0.0,0.0,0.0,0.0,0.0,0.0,0.0,0.0,0.0,0.0,0.0,0.0,33.3,0.0,0.0,22.2,100.0,30.0,0.0,30.0,27.3,0.0,0.0,0.0,22.2,30.0,7.2
1790496656.906,0.0,0.0,0.0,0.0,45.5,0.0,27.3,0.0,0.0,0.0,0.0,0.0,0.0,0.0,0.0,0.0,0.0,0.0,0.0,20.0,0.0,0.0,0.0,0.0,0.0,0.0,0.0,0.0,0.0,0.0,0.0,0.0,0.0,0.0,0.0,0.0,0.0,0.0,0.0,0.0,0.0,0.0,22.2,0.0,0.0,30.0,100.0,36.4,18.2,30.0,33.3,10.0,0.0,0.0,30.0,30.0,7.7
1790496657.006,0.0,10.0,0.0,0.0,44.4,0.0,22.2,0.0,0.0,0.0,0.0,0.0,0.0,0.0,0.0,0.0,0.0,0.0,0.0,0.0,0.0,0.0,0.0,0.0,0.0,0.0,0.0,0.0,0.0,0.0,0.0,0.0,0.0,0.0,0.0,0.0,0.0,0.0,0.0,0.0,0.0,0.0,40.0,0.0,0.0,30.0,100.0,40.0,0.0,30.0,36.4,20.0,0.0,0.0,36.4,30.0,7.8
1790496657.106,20.0,0.0,0.0,0.0,50.0,0.0,33.3,0.0,0.0,0.0,0.0,0.0,0.0,0.0,0.0,0.0,0.0,0.0,0.0,0.0,0.0,0.0,0.0,0.0,0.0,0.0,0.0,0.0,0.0,0.0,0.0,0.0,0.0,0.0,0.0,0.0,0.0,0.0,0.0,0.0,0.0,0.0,20.0,9.1,0.0,33.3,100.0,40.0,0.0,45.5,22.2,30.0,0.0,0.0,33.3,40.0,8.5
1790496657.206,11.1,0.0,0.0,0.0,45.5,0.0,22.2,0.0,0.0,0.0,0.0,0.0,0.0,0.0,0.0,0.0,0.0,0.0,0.0,0.0,0.0,0.0,0.0,9.1,0.0,0.0,0.0,0.0,0.0,0.0,0.0,0.0,0.0,0.0,0.0,0.0,0.0,0.0,0.0,0.0,0.0,0.0,0.0,0.0,0.0,27.3,100.0,40.0,0.0,11.1,20.0,20.0,0.0,0.0,11.1,22.2,6.1
1790496657.306,22.2,0.0,0.0,0.0,44.4,0.0,20.0,0.0,0.0,0.0,0.0,0.0,0.0,0.0,0.0,0.0,0.0,0.0,0.0,0.0,0.0,0.0,0.0,0.0,0.0,0.0,0.0,0.0,0.0,0.0,0.0,0.0,0.0,0.0,0.0,0.0,0.0,0.0,0.0,0.0,0.0,0.0,0.0,0.0,0.0,27.3,100.0,30.0,0.0,30.0,22.2,30.0,0.0,0.0,27.3,36.4,7.0
1790496657.406,0.0,0.0,0.0,0.0,45.5,0.0,33.3,0.0,0.0,0.0,0.0,0.0,0.0,0.0,0.0,0.0,0.0,0.0,0.0,0.0,0.0,0.0,0.0,0.0,0.0,0.0,0.0,0.0,0.0,0.0,36.4,0.0,0.0,0.0,0.0,0.0,0.0,0.0,0.0,0.0,0.0,0.0,0.0,0.0,0.0,12.5,100.0,33.3,0.0,30.0,30.0,22.2,0.0,0.0,36.4,22.2,7.2
1790496657.506,0.0,0.0,0.0,0.0,44.4,0.0,27.3,0.0,0.0,0.0,0.0,0.0,0.0,0.0,0.0,0.0,0.0,0.0,0.0,0.0,0.0,0.0,0.0,0.0,0.0,0.0,0.0,0.0,0.0,0.0,30.0,0.0,0.0,9.1,0.0,0.0,0.0,0.0,0.0,0.0,0.0,0.0,0.0,0.0,0.0,33.3,100.0,40.0,0.0,30.0,30.0,18.2,0.0,0.0,33.3,12.5,7.3
1790496657.607,0.0,0.0,0.0,0.0,50.0,0.0,30.0,0.0,0.0,0.0,0.0,0.0,0.0,0.0,0.0,0.0,0.0,0.0,0.0,0.0,0.0,0.0,0.0,0.0,0.0,0.0,0.0,0.0,0.0,0.0,22.2,0.0,0.0,0.0,0.0,0.0,0.0,0.0,0.0,0.0,0.0,0.0,0.0,0.0,0.0,22.2,100.0,45.5,8.3,27.3,36.4,40.0,27.3,0.0,18.2,40.0,8.3
1790496657.707,0.0,0.0,0.0,0.0,45.5,0.0,22.2,0.0,0.0,0.0,0.0,0.0,0.0,0.0,0.0,0.0,0.0,0.0,0.0,0.0,0.0,0.0,0.0,0.0,0.0,0.0,0.0,0.0,0.0,0.0,20.0,0.0,0.0,0.0,0.0,0.0,0.0,0.0,0.0,0.0,0.0,0.0,30.0,0.0,0.0,27.3,100.0,33.3,12.5,0.0,0.0,30.0,11.1,0.0,0.0,30.0,6.5
1790496657.807,0.0,0.0,0.0,0.0,44.4,0.0,30.0,0.0,0.0,0.0,0.0,0.0,0.0,0.0,0.0,0.0,0.0,0.0,0.0,0.0,0.0,0.0,0.0,0.0,0.0,0.0,9.1,0.0,0.0,0.0,11.1,0.0,0.0,0.0,0.0,0.0,0.0,0.0,0.0,0.0,0.0,0.0,20.0,0.0,0.0,20.0,100.0,40.0,20.0,0.0,0.0,22.2,22.2,0.0,0.0,11.1,6.3
1790496657.907,0.0,0.0,9.1,0.0,50.0,0.0,27.3,0.0,0.0,0.0,0.0,0.0,0.0,0.0,0.0,0.0,0.0,9.1,0.0,0.0,0.0,22.2,0.0,0.0,0.0,0.0,0.0,0.0,0.0,0.0,30.0,0.0,0.0,0.0,0.0,0.0,0.0,0.0,0.0,0.0,0.0,0.0,30.0,0.0,0.0,30.0,100.0,36.4,0.0,10.0,0.0,30.0,30.0,0.0,0.0,36.4,8.0
1790496658.007,0.0,9.1,0.0,0.0,45.5,0.0,30.0,0.0,0.0,0.0,0.0,0.0,0.0,0.0,0.0,0.0,0.0,0.0,0.0,9.1,0.0,30.0,0.0,0.0,0.0,0.0,0.0,0.0,0.0,0.0,27.3,0.0,0.0,0.0,0.0,0.0,0.0,0.0,0.0,0.0,0.0,0.0,30.0,0.0,0.0,30.0,100.0,40.0,0.0,0.0,0.0,27.3,30.0,0.0,0.0,40.0,8.0
1790496658.107,11.1,0.0,0.0,0.0,44.4,0.0,22.2,0.0,0.0,0.0,0.0,0.0,0.0,0.0,0.0,0.0,0.0,0.0,0.0,0.0,0.0,0.0,0.0,0.0,0.0,0.0,0.0,0.0,0.0,0.0,22.2,0.0,0.0,0.0,0.0,0.0,0.0,0.0,0.0,0.0,0.0,0.0,33.3,0.0,0.0,20.0,100.0,33.3,11.1,20.0,0.0,20.0,33.3,9.1,0.0,30.0,7.3
1790496658.208,20.0,0.0,9.1,0.0,45.5,0.0,36.4,0.0,0.0,0.0,0.0,0.0,0.0,0.0,0.0,0.0,0.0,0.0,0.0,0.0,0.0,0.0,0.0,0.0,0.0,0.0,0.0,0.0,0.0,0.0,20.0,0.0,0.0,0.0,0.0,0.0,0.0,0.0,0.0,0.0,0.0,0.0,20.0,0.0,0.0,0.0,100.0,45.5,0.0,11.1,0.0,10.0,20.0,0.0,0.0,22.2,6.4
1790496658.308,30.0,0.0,0.0,22.2,44.4,0.0,0.0,0.0,0.0,0.0,0.0,0.0,0.0,0.0,0.0,0.0,0.0,0.0,0.0,0.0,0.0,0.0,0.0,0.0,0.0,0.0,0.0,0.0,0.0,0.0,40.0,10.0,0.0,9.1,0.0,0.0,0.0,0.0,0.0,0.0,0.0,0.0,20.0,0.0,0.0,0.0,100.0,33.3,0.0,27.3,0.0,10.0,20.0,0.0,0.0,27.3,7.0
1790496658.408,22.2,0.0,0.0,30.0,50.0,0.0,20.0,0.0,0.0,0.0,0.0,0.0,0.0,0.0,0.0,0.0,0.0,0.0,0.0,0.0,0.0,0.0,0.0,0.0,0.0,0.0,0.0,0.0,0.0,0.0,0.0,30.0,0.0,0.0,0.0,0.0,0.0,0.0,0.0,0.0,0.0,0.0,36.4,0.0,0.0,0.0,100.0,40.0,0.0,40.0,0.0,30.0,40.0,0.0,0.0,33.3,8.4
1790496658.508,36.4,0.0,0.0,18.2,50.0,0.0,30.0,0.0,0.0,0.0,0.0,0.0,0.0,0.0,0.0,0.0,0.0,0.0,0.0,0.0,0.0,0.0,0.0,0.0,0.0,0.0,0.0,0.0,0.0,0.0,0.0,30.0,0.0,0.0,0.0,0.0,0.0,0.0,0.0,0.0,0.0,0.0,33.3,0.0,0.0,0.0,100.0,36.4,0.0,22.2,0.0,20.0,30.0,0.0,0.0,40.0,8.0
1790496658.608,25.0,0.0,0.0,30.0,40.0,0.0,30.0,0.0,0.0,0.0,0.0,0.0,0.0,0.0,0.0,0.0,0.0,0.0,0.0,0.0,0.0,0.0,0.0,0.0,0.0,0.0,0.0,0.0,0.0,0.0,0.0,36.4,0.0,0.0,0.0,0.0,0.0,0.0,0.0,0.0,0.0,0.0,30.0,0.0,0.0,0.0,100.0,44.4,0.0,30.0,0.0,20.0,40.0,0.0,0.0,30.0,8.1
1790496658.708,20.0,0.0,0.0,30.0,50.0,0.0,22.2,0.0,0.0,0.0,0.0,0.0,0.0,0.0,0.0,0.0,0.0,0.0,0.0,0.0,0.0,0.0,0.0,0.0,0.0,0.0,0.0,0.0,0.0,0.0,0.0,11.1,0.0,0.0,0.0,0.0,0.0,0.0,0.0,0.0,0.0,0.0,27.3,0.0,0.0,0.0,100.0,36.4,0.0,22.2,0.0,30.0,22.2,0.0,0.0,22.2,7.0
1790496658.808,20.0,0.0,0.0,0.0,44.4,0.0,36.4,0.0,0.0,0.0,0.0,0.0,0.0,0.0,0.0,0.0,0.0,0.0,0.0,0.0,0.0,0.0,0.0,0.0,0.0,0.0,0.0,0.0,0.0,0.0,0.0,20.0,0.0,0.0,0.0,0.0,0.0,0.0,0.0,0.0,0.0,0.0,22.2,0.0,0.0,0.0,100.0,44.4,0.0,27.3,0.0,30.0,20.0,0.0,0.0,20.0,6.9
1790496658.909,36.4,0.0,0.0,30.0,45.5,0.0,22.2,0.0,0.0,0.0,0.0,0.0,0.0,0.0,30.0,0.0,0.0,0.0,0.0,0.0,9.1,0.0,0.0,0.0,0.0,0.0,0.0,0.0,0.0,0.0,0.0,27.3,0.0,0.0,0.0,0.0,0.0,0.0,0.0,0.0,0.0,0.0,20.0,0.0,20.0,0.0,100.0,40.0,9.1,10.0,0.0,0.0,30.0,0.0,0.0,30.0,8.2
1790496659.009,25.0,0.0,0.0,22.2,50.0,0.0,36.4,0.0,0.0,0.0,0.0,0.0,0.0,0.0,40.0,0.0,0.0,0.0,0.0,0.0,0.0,0.0,0.0,0.0,0.0,0.0,0.0,0.0,0.0,0.0,0.0,30.0,0.0,0.0,0.0,0.0,0.0,0.0,0.0,0.0,0.0,0.0,0.0,0.0,30.0,0.0,100.0,40.0,0.0,30.0,0.0,0.0,33.3,0.0,0.0,40.0,8.5
1790496659.109,41.7,0.0,0.0,18.2,40.0,0.0,20.0,0.0,0.0,0.0,0.0,0.0,0.0,0.0,30.0,0.0,0.0,0.0,0.0,0.0,0.0,0.0,0.0,0.0,0.0,0.0,0.0,0.0,0.0,0.0,0.0,30.0,0.0,0.0,0.0,0.0,0.0,0.0,0.0,0.0,0.0,0.0,0.0,0.0,25.0,0.0,100.0,40.0,0.0,20.0,0.0,0.0,22.2,0.0,0.0,33.3,7.5
1790496659.209,22.2,0.0,0.0,30.0,10.0,0.0,22.2,0.0,0.0,0.0,0.0,0.0,0.0,0.0,22.2,0.0,0.0,0.0,0.0,0.0,0.0,0.0,0.0,0.0,0.0,0.0,0.0,0.0,0.0,0.0,0.0,22.2,44.4,0.0,0.0,0.0,0.0,0.0,0.0,0.0,0.0,0.0,0.0,0.0,22.2,0.0,100.0,40.0,0.0,30.0,0.0,0.0,36.4,0.0,0.0,27.3,7.7
1790496659.309,0.0,0.0,0.0,20.0,0.0,0.0,18.2,0.0,0.0,0.0,0.0,0.0,0.0,0.0,40.0,10.0,0.0,9.1,0.0,0.0,0.0,0.0,0.0,0.0,0.0,0.0,0.0,0.0,0.0,0.0,9.1,27.3,45.5,0.0,0.0,0.0,0.0,0.0,0.0,0.0,0.0,0.0,0.0,0.0,10.0,0.0,100.0,30.0,9.1,33.3,0.0,0.0,11.1,0.0,0.0,22.2,7.1
1790496659.409,0.0,0.0,0.0,20.0,0.0,0.0,0.0,0.0,0.0,0.0,0.0,0.0,0.0,0.0,0.0,36.4,0.0,0.0,0.0,0.0,0.0,0.0,0.0,0.0,0.0,0.0,0.0,0.0,0.0,0.0,22.2,40.0,50.0,0.0,0.0,0.0,0.0,0.0,0.0,0.0,0.0,20.0,0.0,0.0,36.4,0.0,100.0,40.0,0.0,30.0,0.0,0.0,33.3,0.0,0.0,30.0,8.2
1790496659.509,18.2,0.0,9.1,22.2,0.0,0.0,0.0,0.0,0.0,0.0,0.0,0.0,0.0,0.0,0.0,25.0,0.0,0.0,0.0,0.0,0.0,0.0,0.0,0.0,0.0,0.0,0.0,0.0,0.0,0.0,30.0,0.0,44.4,9.1,0.0,0.0,0.0,0.0,0.0,0.0,0.0,40.0,0.0,0.0,40.0,0.0,100.0,50.0,0.0,20.0,0.0,0.0,36.4,0.0,0.0,40.0,8.6
1790496659.610,22.2,0.0,0.0,36.4,0.0,0.0,0.0,0.0,0.0,0.0,0.0,0.0,0.0,0.0,0.0,36.4,0.0,0.0,0.0,0.0,0.0,0.0,0.0,0.0,0.0,0.0,0.0,0.0,0.0,0.0,50.0,10.0,40.0,0.0,0.0,0.0,0.0,0.0,0.0,0.0,0.0,0.0,0.0,0.0,30.0,0.0,100.0,30.0,0.0,30.0,0.0,0.0,33.3,0.0,0.0,33.3,8.1
1790496659.710,30.0,0.0,0.0,30.0,0.0,0.0,0.0,0.0,0.0,0.0,0.0,0.0,0.0,0.0,0.0,20.0,0.0,0.0,0.0,0.0,0.0,0.0,0.0,0.0,0.0,0.0,0.0,0.0,0.0,0.0,9.1,44.4,54.5,0.0,0.0,0.0,0.0,0.0,0.0,0.0,0.0,0.0,0.0,0.0,30.0,0.0,100.0,40.0,0.0,30.0,0.0,0.0,22.2,0.0,0.0,20.0,7.7
1790496659.810,11.1,0.0,0.0,30.0,0.0,0.0,11.1,0.0,0.0,0.0,0.0,0.0,0.0,0.0,0.0,30.0,0.0,0.0,0.0,0.0,0.0,0.0,0.0,0.0,0.0,0.0,0.0,0.0,0.0,0.0,0.0,0.0,40.0,0.0,0.0,0.0,0.0,0.0,0.0,0.0,0.0,27.3,0.0,0.0,30.0,0.0,100.0,40.0,0.0,27.3,0.0,0.0,20.0,0.0,0.0,30.0,7.1
1790496659.910,22.2,0.0,0.0,0.0,0.0,0.0,10.0,0.0,0.0,0.0,0.0,0.0,0.0,0.0,0.0,36.4,0.0,0.0,0.0,0.0,0.0,0.0,0.0,0.0,0.0,0.0,0.0,0.0,0.0,0.0,0.0,0.0,60.0,18.2,0.0,0.0,0.0,0.0,0.0,0.0,0.0,22.2,0.0,0.0,22.2,0.0,100.0,40.0,0.0,33.3,0.0,0.0,33.3,0.0,0.0,30.0,7.6
1790496660.010,10.0,9.1,0.0,36.4,0.0,0.0,0.0,0.0,0.0,0.0,0.0,0.0,0.0,0.0,0.0,33.3,0.0,0.0,0.0,0.0,0.0,0.0,0.0,0.0,0.0,0.0,0.0,0.0,0.0,0.0,11.1,0.0,0.0,44.4,0.0,22.2,0.0,0.0,0.0,0.0,0.0,30.0,0.0,0.0,40.0,0.0,100.0,63.6,0.0,27.3,0.0,0.0,30.0,0.0,0.0,33.3,8.8
1790496660.110,0.0,0.0,0.0,33.3,0.0,0.0,0.0,0.0,0.0,0.0,0.0,0.0,0.0,0.0,0.0,30.0,9.1,0.0,0.0,0.0,0.0,0.0,9.1,10.0,0.0,0.0,0.0,0.0,0.0,0.0,30.0,0.0,0.0,40.0,0.0,20.0,0.0,0.0,0.0,0.0,0.0,20.0,0.0,0.0,30.0,10.0,100.0,100.0,0.0,20.0,0.0,0.0,22.2,0.0,0.0,36.4,9.3
1790496660.210,0.0,0.0,0.0,18.2,0.0,0.0,0.0,0.0,0.0,0.0,0.0,0.0,0.0,0.0,0.0,20.0,0.0,0.0,0.0,0.0,10.0,0.0,0.0,10.0,0.0,0.0,0.0,0.0,0.0,0.0,11.1,0.0,0.0,54.5,0.0,30.0,0.0,0.0,0.0,0.0,0.0,20.0,0.0,0.0,20.0,0.0,100.0,100.0,0.0,11.1,0.0,10.0,27.3,0.0,0.0,11.1,8.1
1790496660.311,0.0,0.0,0.0,20.0,0.0,0.0,0.0,0.0,0.0,0.0,0.0,0.0,0.0,0.0,0.0,12.5,0.0,0.0,0.0,0.0,0.0,0.0,0.0,0.0,0.0,0.0,0.0,0.0,0.0,0.0,18.2,0.0,0.0,44.4,0.0,20.0,0.0,0.0,0.0,0.0,0.0,11.1,0.0,0.0,22.2,10.0,100.0,66.7,0.0,20.0,0.0,10.0,22.2,0.0,0.0,30.0,7.3
1790496660.411,0.0,0.0,0.0,0.0,0.0,0.0,0.0,0.0,0.0,0.0,0.0,0.0,0.0,0.0,0.0,41.7,0.0,0.0,0.0,0.0,0.0,0.0,0.0,0.0,0.0,0.0,0.0,0.0,0.0,0.0,30.0,0.0,0.0,40.0,0.0,40.0,0.0,0.0,0.0,0.0,0.0,30.0,0.0,0.0,36.4,0.0,100.0,30.0,0.0,27.3,0.0,0.0,36.4,0.0,0.0,30.0,7.9
1790496660.511,0.0,0.0,0.0,40.0,0.0,0.0,0.0,0.0,0.0,0.0,0.0,0.0,0.0,0.0,0.0,30.0,0.0,0.0,0.0,0.0,0.0,0.0,0.0,0.0,0.0,0.0,9.1,0.0,0.0,0.0,30.0,0.0,0.0,50.0,0.0,20.0,0.0,0.0,0.0,0.0,0.0,22.2,0.0,0.0,33.3,0.0,100.0,40.0,0.0,11.1,0.0,0.0,22.2,0.0,0.0,33.3,7.9
1790496660.611,0.0,0.0,0.0,40.0,0.0,0.0,0.0,20.0,0.0,0.0,0.0,0.0,0.0,0.0,0.0,30.0,0.0,0.0,0.0,0.0,0.0,0.0,0.0,0.0,0.0,0.0,0.0,0.0,0.0,0.0,30.0,0.0,0.0,50.0,0.0,10.0,0.0,0.0,0.0,0.0,0.0,36.4,0.0,0.0,25.0,0.0,100.0,40.0,0.0,30.0,0.0,0.0,33.3,9.1,0.0,30.0,8.6
1790496660.711,0.0,0.0,9.1,40.0,0.0,0.0,0.0,10.0,0.0,0.0,0.0,0.0,0.0,0.0,0.0,22.2,0.0,0.0,0.0,0.0,0.0,0.0,0.0,0.0,0.0,0.0,0.0,0.0,0.0,0.0,30.0,0.0,0.0,40.0,27.3,0.0,0.0,0.0,0.0,0.0,0.0,20.0,0.0,0.0,27.3,0.0,100.0,40.0,0.0,30.0,0.0,0.0,27.3,0.0,0.0,30.0,8.1
1790496660.811,0.0,0.0,0.0,0.0,0.0,0.0,0.0,11.1,0.0,0.0,0.0,0.0,0.0,0.0,0.0,20.0,0.0,0.0,0.0,0.0,0.0,0.0,0.0,0.0,0.0,0.0,0.0,0.0,0.0,0.0,11.1,0.0,0.0,54.5,10.0,0.0,0.0,0.0,0.0,0.0,0.0,20.0,0.0,0.0,11.1,0.0,100.0,33.3,0.0,20.0,0.0,0.0,20.0,0.0,0.0,11.1,5.8
1790496660.911,22.2,0.0,0.0,40.0,0.0,0.0,0.0,10.0,0.0,0.0,0.0,0.0,0.0,0.0,0.0,33.3,0.0,0.0,0.0,0.0,0.0,0.0,0.0,0.0,0.0,0.0,0.0,9.1,0.0,0.0,30.0,0.0,0.0,44.4,0.0,0.0,0.0,0.0,0.0,0.0,0.0,22.2,0.0,0.0,40.0,0.0,100.0,41.7,18.2,27.3,0.0,0.0,12.5,0.0,11.1,36.4,8.9
1790496661.012,0.0,0.0,0.0,40.0,0.0,0.0,0.0,27.3,0.0,0.0,0.0,0.0,9.1,0.0,0.0,40.0,0.0,0.0,0.0,0.0,0.0,0.0,0.0,0.0,0.0,0.0,0.0,0.0,0.0,0.0,22.2,0.0,0.0,40.0,0.0,0.0,0.0,0.0,0.0,0.0,0.0,30.0,0.0,0.0,40.0,0.0,100.0,40.0,0.0,10.0,0.0,0.0,0.0,0.0,40.0,30.0,8.4
1790496661.112,0.0,0.0,0.0,10.0,0.0,0.0,0.0,0.0,0.0,0.0,0.0,0.0,0.0,0.0,0.0,22.2,0.0,0.0,0.0,0.0,0.0,0.0,0.0,0.0,0.0,0.0,0.0,0.0,0.0,0.0,33.3,0.0,0.0,54.5,0.0,0.0,0.0,0.0,0.0,0.0,0.0,30.0,0.0,0.0,30.0,0.0,100.0,33.3,18.2,11.1,0.0,0.0,10.0,0.0,27.3,50.0,7.7
1790496661.212,30.0,0.0,0.0,27.3,0.0,0.0,0.0,0.0,0.0,0.0,0.0,0.0,0.0,0.0,0.0,27.3,0.0,0.0,0.0,0.0,0.0,0.0,9.1,0.0,0.0,0.0,0.0,0.0,0.0,0.0,12.5,0.0,0.0,40.0,0.0,0.0,0.0,0.0,0.0,0.0,0.0,20.0,0.0,0.0,22.2,0.0,100.0,33.3,22.2,30.0,0.0,0.0,30.0,0.0,0.0,0.0,7.2
1790496661.312,0.0,0.0,0.0,33.3,0.0,0.0,0.0,22.2,0.0,0.0,0.0,0.0,0.0,0.0,0.0,20.0,0.0,0.0,0.0,0.0,0.0,0.0,0.0,0.0,0.0,0.0,0.0,0.0,0.0,0.0,18.2,0.0,0.0,44.4,0.0,0.0,0.0,0.0,0.0,0.0,0.0,20.0,0.0,0.0,27.3,0.0,100.0,36.4,27.3,27.3,0.0,0.0,11.1,0.0,0.0,0.0,6.9
1790496661.412,0.0,0.0,0.0,0.0,0.0,0.0,0.0,16.7,0.0,0.0,0.0,0.0,0.0,0.0,0.0,33.3,0.0,0.0,0.0,0.0,0.0,0.0,0.0,0.0,0.0,0.0,0.0,0.0,0.0,0.0,30.0,0.0,0.0,54.5,0.0,20.0,0.0,0.0,0.0,0.0,0.0,30.0,0.0,0.0,30.0,0.0,100.0,33.3,22.2,30.0,0.0,0.0,36.4,0.0,0.0,18.2,8.1
1790496661.512,0.0,0.0,0.0,50.0,0.0,0.0,0.0,0.0,0.0,0.0,0.0,0.0,0.0,0.0,0.0,22.2,0.0,0.0,0.0,0.0,0.0,0.0,0.0,0.0,0.0,0.0,0.0,0.0,0.0,0.0,30.0,0.0,0.0,44.4,0.0,30.0,0.0,0.0,0.0,0.0,0.0,12.5,0.0,0.0,40.0,0.0,100.0,45.5,0.0,20.0,0.0,0.0,33.3,0.0,0.0,41.7,8.4
1790496661.612,0.0,0.0,0.0,36.4,0.0,0.0,0.0,0.0,0.0,0.0,0.0,0.0,0.0,0.0,0.0,18.2,0.0,0.0,0.0,0.0,0.0,0.0,0.0,0.0,0.0,0.0,0.0,0.0,0.0,0.0,30.0,0.0,0.0,45.5,0.0,30.0,0.0,0.0,0.0,0.0,0.0,36.4,0.0,0.0,40.0,22.2,100.0,33.3,0.0,30.0,0.0,0.0,30.0,0.0,0.0,40.0,8.8
1790496661.713,0.0,0.0,0.0,0.0,0.0,0.0,0.0,0.0,0.0,0.0,0.0,0.0,0.0,0.0,0.0,0.0,0.0,0.0,0.0,0.0,0.0,0.0,0.0,0.0,0.0,0.0,0.0,0.0,0.0,0.0,20.0,0.0,0.0,44.4,0.0,30.0,0.0,0.0,0.0,0.0,0.0,11.1,0.0,0.0,20.0,20.0,100.0,36.4,0.0,22.2,0.0,0.0,30.0,0.0,0.0,30.0,6.5
1790496661.813,0.0,0.0,0.0,40.0,0.0,0.0,0.0,0.0,0.0,0.0,0.0,0.0,0.0,0.0,0.0,0.0,0.0,0.0,0.0,0.0,0.0,0.0,0.0,0.0,0.0,0.0,0.0,0.0,0.0,0.0,20.0,0.0,0.0,50.0,0.0,0.0,0.0,0.0,0.0,0.0,0.0,22.2,0.0,0.0,22.2,30.0,100.0,40.0,0.0,30.0,0.0,0.0,41.7,10.0,0.0,30.0,7.8
1790496661.913,0.0,0.0,0.0,40.0,0.0,0.0,0.0,0.0,0.0,0.0,0.0,0.0,0.0,0.0,10.0,0.0,0.0,0.0,0.0,0.0,0.0,0.0,0.0,0.0,0.0,0.0,0.0,0.0,0.0,0.0,44.4,0.0,10.0,45.5,0.0,0.0,0.0,0.0,0.0,0.0,0.0,11.1,0.0,0.0,40.0,30.0,100.0,33.3,0.0,27.3,0.0,0.0,0.0,30.0,0.0,22.2,7.9
1790496662.013,0.0,10.0,0.0,30.0,0.0,0.0,0.0,0.0,0.0,0.0,0.0,0.0,0.0,0.0,0.0,0.0,0.0,0.0,0.0,0.0,0.0,0.0,0.0,0.0,0.0,0.0,0.0,0.0,0.0,0.0,10.0,0.0,30.0,44.4,0.0,22.2,0.0,0.0,0.0,0.0,0.0,33.3,0.0,0.0,36.4,25.0,100.0,40.0,0.0,30.0,0.0,0.0,0.0,40.0,0.0,40.0,8.8
1790496662.113,0.0,0.0,9.1,10.0,0.0,0.0,0.0,0.0,0.0,0.0,0.0,0.0,0.0,0.0,0.0,0.0,0.0,0.0,0.0,0.0,0.0,0.0,0.0,0.0,0.0,0.0,0.0,0.0,0.0,0.0,0.0,0.0,30.0,45.5,0.0,30.0,0.0,0.0,0.0,0.0,0.0,22.2,0.0,0.0,25.0,22.2,100.0,36.4,0.0,40.0,0.0,0.0,0.0,36.4,0.0,33.3,7.9
1790496662.213,0.0,0.0,0.0,40.0,0.0,0.0,0.0,0.0,9.1,0.0,0.0,0.0,0.0,0.0,0.0,0.0,0.0,0.0,0.0,0.0,0.0,0.0,0.0,0.0,0.0,0.0,0.0,0.0,0.0,0.0,0.0,0.0,27.3,50.0,9.1,36.4,0.0,0.0,0.0,0.0,0.0,27.3,0.0,0.0,27.3,22.2,100.0,40.0,0.0,10.0,0.0,0.0,0.0,22.2,0.0,20.0,7.9
1790496662.313,0.0,0.0,9.1,36.4,0.0,0.0,0.0,0.0,0.0,0.0,0.0,0.0,0.0,0.0,0.0,0.0,0.0,0.0,0.0,0.0,0.0,0.0,0.0,0.0,0.0,0.0,0.0,0.0,0.0,0.0,0.0,0.0,20.0,50.0,0.0,20.0,0.0,0.0,0.0,0.0,0.0,11.1,0.0,0.0,30.0,27.3,100.0,40.0,0.0,22.2,0.0,0.0,0.0,33.3,0.0,30.0,7.7
1790496662.414,0.0,0.0,0.0,10.0,0.0,0.0,0.0,0.0,0.0,0.0,0.0,0.0,0.0,0.0,0.0,0.0,0.0,0.0,0.0,0.0,9.1,0.0,0.0,0.0,0.0,0.0,0.0,0.0,0.0,0.0,0.0,0.0,36.4,45.5,0.0,30.0,0.0,0.0,0.0,0.0,0.0,30.0,0.0,0.0,36.4,40.0,100.0,30.0,0.0,27.3,0.0,0.0,0.0,40.0,0.0,33.3,8.4
1790496662.514,0.0,0.0,0.0,30.0,0.0,0.0,0.0,0.0,0.0,0.0,0.0,0.0,0.0,0.0,0.0,0.0,0.0,0.0,0.0,0.0,0.0,9.1,0.0,0.0,0.0,0.0,0.0,0.0,0.0,0.0,0.0,0.0,30.0,44.4,0.0,30.0,0.0,0.0,0.0,0.0,0.0,22.2,0.0,0.0,33.3,40.0,100.0,40.0,0.0,30.0,0.0,0.0,0.0,22.2,0.0,40.0,8.4
1790496662.614,30.0,0.0,0.0,40.0,0.0,0.0,0.0,0.0,0.0,0.0,0.0,0.0,0.0,0.0,0.0,0.0,0.0,0.0,0.0,0.0,0.0,0.0,0.0,0.0,0.0,0.0,0.0,0.0,0.0,0.0,0.0,0.0,30.0,44.4,0.0,0.0,0.0,0.0,0.0,0.0,0.0,30.0,0.0,0.0,22.2,22.2,100.0,40.0,18.2,30.0,0.0,0.0,0.0,30.0,0.0,36.4,8.5
1790496662.714,10.0,0.0,0.0,33.3,0.0,0.0,0.0,11.1,0.0,0.0,0.0,0.0,0.0,0.0,0.0,0.0,0.0,0.0,0.0,0.0,0.0,0.0,0.0,0.0,0.0,0.0,0.0,0.0,0.0,0.0,0.0,0.0,27.3,45.5,0.0,0.0,0.0,0.0,0.0,0.0,0.0,11.1,0.0,0.0,30.0,30.0,100.0,33.3,0.0,20.0,20.0,0.0,0.0,0.0,0.0,22.2,7.0
1790496662.814,0.0,0.0,0.0,0.0,0.0,0.0,0.0,30.0,0.0,0.0,0.0,0.0,0.0,0.0,0.0,0.0,0.0,0.0,0.0,0.0,0.0,0.0,0.0,0.0,0.0,0.0,0.0,0.0,0.0,0.0,0.0,0.0,0.0,44.4,0.0,0.0,0.0,0.0,0.0,0.0,0.0,20.0,0.0,0.0,20.0,27.3,100.0,36.4,0.0,33.3,20.0,0.0,0.0,0.0,0.0,36.4,6.6
1790496662.914,0.0,0.0,0.0,45.5,0.0,0.0,0.0,10.0,0.0,0.0,0.0,0.0,0.0,0.0,0.0,0.0,0.0,0.0,0.0,0.0,0.0,0.0,0.0,0.0,0.0,0.0,0.0,0.0,0.0,0.0,0.0,0.0,30.0,54.5,18.2,0.0,0.0,0.0,0.0,0.0,0.0,22.2,0.0,0.0,55.6,33.3,100.0,40.0,10.0,27.3,40.0,0.0,0.0,0.0,0.0,30.0,9.2
1790496663.015,0.0,0.0,0.0,20.0,0.0,0.0,0.0,0.0,0.0,0.0,0.0,0.0,0.0,0.0,9.1,0.0,0.0,0.0,0.0,0.0,0.0,0.0,0.0,0.0,0.0,0.0,0.0,0.0,0.0,0.0,10.0,0.0,0.0,40.0,40.0,0.0,0.0,0.0,0.0,0.0,0.0,30.0,0.0,0.0,18.2,36.4,100.0,33.3,33.3,20.0,30.0,0.0,0.0,0.0,0.0,33.3,8.1
1790496663.115,0.0,0.0,0.0,30.0,0.0,0.0,0.0,0.0,22.2,0.0,0.0,0.0,0.0,0.0,0.0,0.0,0.0,0.0,0.0,0.0,0.0,0.0,0.0,0.0,0.0,0.0,0.0,0.0,0.0,0.0,30.0,0.0,0.0,50.0,0.0,0.0,0.0,0.0,0.0,0.0,0.0,22.2,0.0,0.0,33.3,30.0,100.0,45.5,0.0,33.3,30.0,0.0,0.0,0.0,0.0,33.3,8.2
1790496663.215,0.0,0.0,0.0,40.0,0.0,0.0,0.0,0.0,27.3,0.0,0.0,0.0,0.0,0.0,0.0,0.0,0.0,0.0,0.0,0.0,0.0,0.0,0.0,0.0,0.0,0.0,0.0,0.0,0.0,0.0,20.0,0.0,0.0,44.4,0.0,0.0,0.0,0.0,0.0,0.0,0.0,20.0,0.0,0.0,20.0,30.0,100.0,33.3,0.0,27.3,30.0,0.0,0.0,0.0,0.0,27.3,7.5
1790496663.315,0.0,0.0,0.0,0.0,0.0,0.0,0.0,0.0,30.0,0.0,0.0,0.0,0.0,0.0,0.0,0.0,0.0,0.0,0.0,0.0,0.0,0.0,0.0,0.0,0.0,0.0,0.0,0.0,0.0,0.0,20.0,0.0,0.0,45.5,0.0,0.0,0.0,0.0,0.0,0.0,0.0,20.0,0.0,0.0,11.1,11.1,100.0,36.4,0.0,22.2,20.0,0.0,0.0,0.0,0.0,20.0,6.0
1790496663.415,0.0,0.0,9.1,50.0,0.0,0.0,0.0,0.0,30.0,0.0,0.0,0.0,0.0,0.0,0.0,0.0,0.0,0.0,0.0,0.0,0.0,0.0,0.0,0.0,0.0,0.0,0.0,0.0,0.0,0.0,30.0,0.0,0.0,50.0,0.0,0.0,0.0,0.0,0.0,0.0,0.0,25.0,0.0,0.0,40.0,36.4,100.0,44.4,0.0,30.0,33.3,0.0,0.0,0.0,0.0,40.0,9.3
1790496663.515,0.0,0.0,0.0,40.0,0.0,0.0,0.0,0.0,30.0,0.0,0.0,0.0,0.0,0.0,0.0,0.0,0.0,0.0,0.0,0.0,0.0,0.0,0.0,0.0,0.0,0.0,0.0,0.0,0.0,0.0,22.2,0.0,0.0,44.4,0.0,9.1,0.0,0.0,0.0,0.0,0.0,30.0,0.0,0.0,33.3,36.4,100.0,30.0,18.2,27.3,30.0,0.0,0.0,0.0,0.0,33.3,8.6
1790496663.615,0.0,0.0,0.0,22.2,0.0,0.0,0.0,0.0,22.2,0.0,0.0,0.0,0.0,0.0,0.0,0.0,0.0,0.0,0.0,0.0,0.0,0.0,0.0,0.0,0.0,0.0,0.0,0.0,0.0,0.0,22.2,0.0,0.0,45.5,0.0,0.0,0.0,0.0,0.0,0.0,0.0,30.0,0.0,0.0,40.0,0.0,100.0,40.0,30.0,30.0,40.0,9.1,0.0,0.0,0.0,30.0,8.2
1790496663.716,0.0,0.0,0.0,20.0,0.0,0.0,0.0,0.0,30.0,0.0,0.0,0.0,0.0,0.0,0.0,0.0,0.0,0.0,0.0,0.0,0.0,0.0,0.0,0.0,0.0,0.0,0.0,0.0,0.0,0.0,22.2,0.0,0.0,44.4,0.0,0.0,0.0,0.0,0.0,0.0,0.0,22.2,0.0,0.0,11.1,0.0,100.0,40.0,36.4,20.0,33.3,0.0,0.0,0.0,0.0,30.0,7.3
1790496663.816,0.0,0.0,0.0,40.0,0.0,0.0,0.0,0.0,9.1,0.0,0.0,0.0,0.0,0.0,0.0,0.0,0.0,0.0,0.0,0.0,0.0,0.0,0.0,0.0,0.0,0.0,0.0,0.0,0.0,0.0,27.3,0.0,0.0,45.5,10.0,0.0,0.0,0.0,0.0,0.0,0.0,22.2,0.0,0.0,20.0,10.0,100.0,40.0,10.0,30.0,22.2,0.0,20.0,0.0,0.0,12.5,7.5
1790496663.916,0.0,0.0,0.0,30.0,0.0,0.0,0.0,0.0,30.0,0.0,0.0,0.0,0.0,0.0,0.0,0.0,0.0,0.0,0.0,0.0,0.0,0.0,0.0,0.0,0.0,0.0,0.0,0.0,0.0,0.0,30.0,0.0,0.0,50.0,36.4,9.1,0.0,0.0,0.0,0.0,0.0,18.2,0.0,0.0,0.0,30.0,100.0,33.3,0.0,22.2,30.0,0.0,30.0,0.0,0.0,30.0,8.6
1790496664.016,0.0,10.0,0.0,9.1,0.0,0.0,0.0,0.0,20.0,0.0,0.0,0.0,0.0,0.0,0.0,0.0,0.0,0.0,0.0,0.0,0.0,0.0,0.0,0.0,0.0,0.0,0.0,0.0,0.0,0.0,30.0,0.0,0.0,44.4,30.0,0.0,0.0,0.0,0.0,0.0,0.0,0.0,0.0,0.0,0.0,40.0,100.0,41.7,0.0,30.0,33.3,0.0,40.0,0.0,0.0,33.3,8.2
1790496664.116,0.0,0.0,0.0,40.0,0.0,0.0,0.0,0.0,30.0,0.0,0.0,0.0,0.0,0.0,0.0,0.0,0.0,0.0,0.0,0.0,0.0,0.0,0.0,0.0,0.0,0.0,0.0,0.0,0.0,0.0,22.2,0.0,0.0,45.5,22.2,0.0,0.0,0.0,0.0,0.0,0.0,0.0,0.0,0.0,0.0,22.2,100.0,33.3,0.0,30.0,36.4,0.0,30.0,0.0,0.0,40.0,8.1
1790496664.216,0.0,0.0,0.0,40.0,0.0,0.0,0.0,0.0,0.0,0.0,0.0,0.0,0.0,0.0,0.0,0.0,0.0,0.0,0.0,0.0,0.0,0.0,0.0,0.0,0.0,0.0,9.1,0.0,0.0,0.0,20.0,0.0,0.0,44.4,30.0,0.0,0.0,0.0,0.0,0.0,0.0,0.0,0.0,0.0,0.0,30.0,100.0,33.3,0.0,20.0,50.0,0.0,22.2,0.0,0.0,20.0,7.5
1790496664.316,0.0,0.0,0.0,0.0,0.0,0.0,0.0,0.0,0.0,0.0,0.0,0.0,0.0,0.0,0.0,0.0,0.0,0.0,0.0,0.0,0.0,0.0,0.0,0.0,0.0,0.0,0.0,0.0,0.0,0.0,11.1,0.0,0.0,54.5,0.0,0.0,0.0,0.0,0.0,0.0,0.0,0.0,0.0,30.0,0.0,27.3,100.0,45.5,22.2,20.0,0.0,0.0,20.0,0.0,0.0,30.0,6.4
1790496664.417,20.0,0.0,0.0,40.0,0.0,0.0,0.0,0.0,0.0,0.0,0.0,0.0,0.0,0.0,0.0,0.0,0.0,9.1,0.0,0.0,0.0,0.0,0.0,0.0,0.0,0.0,0.0,0.0,0.0,0.0,30.0,0.0,0.0,45.5,30.0,0.0,0.0,0.0,0.0,0.0,0.0,0.0,0.0,9.1,0.0,33.3,100.0,33.3,45.5,30.0,0.0,0.0,45.5,0.0,0.0,22.2,8.8
1790496664.517,0.0,0.0,0.0,40.0,0.0,0.0,0.0,0.0,27.3,0.0,0.0,0.0,0.0,0.0,0.0,0.0,0.0,0.0,0.0,0.0,0.0,0.0,0.0,0.0,0.0,0.0,0.0,0.0,0.0,0.0,22.2,0.0,0.0,44.4,33.3,9.1,0.0,0.0,0.0,0.0,0.0,0.0,0.0,0.0,0.0,30.0,100.0,36.4,25.0,20.0,0.0,0.0,30.0,0.0,0.0,45.5,8.3
1790496664.617,0.0,0.0,0.0,20.0,0.0,0.0,0.0,0.0,22.2,0.0,0.0,0.0,0.0,0.0,0.0,0.0,0.0,0.0,0.0,0.0,0.0,0.0,0.0,0.0,0.0,0.0,0.0,0.0,0.0,0.0,40.0,0.0,0.0,50.0,36.4,0.0,0.0,0.0,0.0,0.0,0.0,0.0,0.0,0.0,0.0,33.3,100.0,50.0,9.1,36.4,0.0,30.0,33.3,0.0,10.0,33.3,9.0
1790496664.717,0.0,0.0,0.0,11.1,0.0,0.0,0.0,0.0,30.0,0.0,0.0,0.0,0.0,0.0,0.0,0.0,0.0,0.0,0.0,0.0,0.0,0.0,0.0,0.0,0.0,0.0,0.0,0.0,0.0,0.0,20.0,0.0,0.0,40.0,20.0,0.0,0.0,0.0,0.0,0.0,0.0,0.0,0.0,0.0,0.0,22.2,100.0,40.0,0.0,20.0,0.0,27.3,30.0,0.0,0.0,36.4,7.1
1790496664.817,0.0,0.0,0.0,36.4,0.0,0.0,0.0,0.0,27.3,0.0,0.0,0.0,0.0,0.0,0.0,0.0,0.0,0.0,0.0,0.0,0.0,0.0,0.0,0.0,0.0,0.0,0.0,0.0,0.0,0.0,20.0,0.0,0.0,50.0,20.0,0.0,0.0,0.0,0.0,0.0,0.0,0.0,0.0,0.0,0.0,27.3,100.0,40.0,0.0,20.0,0.0,22.2,11.1,0.0,0.0,11.1,6.9
1790496664.917,0.0,0.0,0.0,33.3,0.0,0.0,0.0,0.0,22.2,0.0,0.0,0.0,0.0,0.0,0.0,0.0,0.0,0.0,0.0,0.0,0.0,0.0,0.0,0.0,0.0,0.0,0.0,0.0,0.0,0.0,22.2,0.0,0.0,50.0,30.0,0.0,0.0,0.0,0.0,0.0,0.0,0.0,0.0,0.0,0.0,40.0,100.0,36.4,0.0,40.0,0.0,18.2,40.0,0.0,0.0,33.3,8.3
1790496665.017,0.0,0.0,0.0,9.1,0.0,0.0,0.0,0.0,36.4,0.0,0.0,0.0,0.0,0.0,0.0,0.0,0.0,9.1,0.0,0.0,0.0,0.0,0.0,0.0,0.0,0.0,0.0,0.0,0.0,0.0,22.2,0.0,0.0,40.0,22.2,0.0,0.0,0.0,0.0,0.0,0.0,0.0,0.0,0.0,0.0,30.0,100.0,33.3,0.0,36.4,0.0,22.2,22.2,0.0,0.0,36.4,7.5
1790496665.118,0.0,0.0,16.7,40.0,0.0,0.0,0.0,0.0,22.2,0.0,0.0,0.0,0.0,0.0,0.0,0.0,0.0,0.0,0.0,0.0,9.1,0.0,0.0,0.0,0.0,0.0,0.0,0.0,0.0,0.0,20.0,0.0,0.0,44.4,30.0,0.0,0.0,0.0,0.0,0.0,0.0,0.0,0.0,0.0,0.0,30.0,100.0,40.0,9.1,22.2,0.0,18.2,40.0,0.0,0.0,33.3,8.5
1790496665.218,0.0,0.0,0.0,40.0,0.0,0.0,0.0,0.0,30.0,0.0,0.0,0.0,0.0,0.0,0.0,0.0,0.0,0.0,0.0,0.0,0.0,0.0,0.0,0.0,0.0,0.0,0.0,0.0,0.0,0.0,22.2,0.0,0.0,50.0,20.0,0.0,0.0,0.0,0.0,0.0,0.0,0.0,0.0,0.0,0.0,20.0,100.0,40.0,0.0,22.2,0.0,22.2,20.0,0.0,0.0,20.0,7.3
1790496665.318,0.0,0.0,0.0,0.0,0.0,0.0,0.0,0.0,27.3,0.0,0.0,0.0,0.0,0.0,0.0,0.0,0.0,0.0,0.0,0.0,0.0,0.0,0.0,0.0,0.0,0.0,0.0,0.0,0.0,0.0,18.2,0.0,0.0,45.5,20.0,0.0,0.0,0.0,0.0,0.0,0.0,0.0,0.0,0.0,0.0,27.3,100.0,36.4,0.0,20.0,0.0,27.3,20.0,0.0,0.0,20.0,6.5
1790496665.418,0.0,0.0,0.0,40.0,0.0,0.0,0.0,0.0,30.0,0.0,0.0,0.0,0.0,0.0,0.0,0.0,0.0,0.0,0.0,0.0,0.0,0.0,0.0,0.0,0.0,0.0,0.0,0.0,0.0,0.0,30.0,0.0,0.0,44.4,22.2,0.0,0.0,0.0,0.0,0.0,0.0,0.0,0.0,0.0,0.0,22.2,100.0,40.0,10.0,30.0,0.0,30.0,25.0,0.0,0.0,33.3,8.2
1790496665.518,0.0,0.0,0.0,33.3,0.0,0.0,0.0,0.0,30.0,0.0,0.0,0.0,0.0,0.0,0.0,0.0,0.0,0.0,0.0,0.0,0.0,0.0,0.0,0.0,0.0,0.0,0.0,0.0,0.0,0.0,30.0,0.0,0.0,50.0,30.0,0.0,0.0,0.0,0.0,0.0,0.0,0.0,0.0,0.0,0.0,0.0,100.0,33.3,10.0,36.4,27.3,30.0,25.0,0.0,10.0,36.4,8.6
1790496665.618,0.0,0.0,0.0,18.2,0.0,0.0,0.0,0.0,30.0,0.0,0.0,0.0,0.0,0.0,0.0,0.0,0.0,0.0,0.0,0.0,0.0,0.0,0.0,0.0,0.0,0.0,0.0,0.0,0.0,0.0,30.0,0.0,0.0,45.5,30.0,0.0,0.0,0.0,0.0,0.0,0.0,0.0,0.0,0.0,0.0,0.0,100.0,40.0,0.0,33.3,30.0,33.3,0.0,0.0,30.0,33.3,8.1
1790496665.718,0.0,0.0,0.0,22.2,0.0,0.0,0.0,0.0,30.0,0.0,0.0,0.0,0.0,0.0,0.0,0.0,0.0,0.0,0.0,0.0,0.0,0.0,0.0,0.0,0.0,0.0,0.0,0.0,0.0,0.0,11.1,0.0,0.0,44.4,11.1,0.0,0.0,0.0,0.0,0.0,0.0,0.0,0.0,0.0,0.0,0.0,100.0,40.0,0.0,27.3,12.5,20.0,0.0,0.0,22.2,30.0,6.6
1790496665.819,0.0,0.0,0.0,9.1,0.0,0.0,0.0,0.0,27.3,0.0,0.0,0.0,0.0,0.0,0.0,0.0,0.0,0.0,0.0,0.0,0.0,0.0,0.0,0.0,0.0,0.0,0.0,0.0,0.0,0.0,11.1,0.0,0.0,50.0,20.0,0.0,0.0,0.0,0.0,0.0,0.0,0.0,0.0,0.0,0.0,0.0,100.0,30.0,0.0,22.2,27.3,27.3,0.0,0.0,27.3,20.0,6.6
1790496665.919,0.0,0.0,0.0,40.0,0.0,0.0,0.0,0.0,22.2,0.0,0.0,0.0,0.0,0.0,0.0,0.0,0.0,0.0,0.0,0.0,0.0,0.0,0.0,0.0,0.0,0.0,0.0,0.0,0.0,0.0,36.4,0.0,0.0,45.5,22.2,0.0,0.0,0.0,0.0,0.0,0.0,0.0,0.0,0.0,0.0,0.0,100.0,40.0,0.0,30.0,18.2,33.3,12.5,0.0,22.2,30.0,8.1
1790496666.019,0.0,0.0,0.0,44.4,0.0,0.0,0.0,0.0,18.2,0.0,0.0,0.0,0.0,0.0,0.0,0.0,0.0,0.0,0.0,0.0,0.0,0.0,0.0,0.0,0.0,0.0,0.0,0.0,0.0,0.0,22.2,0.0,0.0,50.0,22.2,16.7,0.0,0.0,0.0,0.0,0.0,0.0,0.0,0.0,0.0,0.0,100.0,40.0,10.0,45.5,0.0,27.3,36.4,0.0,36.4,33.3,9.0
1790496666.119,0.0,0.0,0.0,30.0,0.0,0.0,0.0,0.0,0.0,0.0,0.0,0.0,0.0,0.0,0.0,0.0,0.0,0.0,0.0,0.0,0.0,0.0,0.0,0.0,0.0,0.0,0.0,0.0,0.0,0.0,44.4,0.0,0.0,40.0,0.0,22.2,0.0,0.0,0.0,0.0,0.0,9.1,0.0,0.0,0.0,0.0,100.0,40.0,20.0,25.0,0.0,33.3,36.4,0.0,40.0,22.2,8.3
1790496666.219,0.0,0.0,0.0,9.1,0.0,0.0,0.0,0.0,0.0,0.0,0.0,0.0,0.0,0.0,0.0,0.0,0.0,0.0,0.0,0.0,0.0,0.0,0.0,0.0,0.0,0.0,0.0,0.0,0.0,0.0,18.2,0.0,0.0,44.4,0.0,20.0,0.0,20.0,0.0,0.0,0.0,22.2,0.0,0.0,0.0,0.0,100.0,30.0,0.0,22.2,0.0,30.0,22.2,0.0,12.5,36.4,6.9
1790496666.319,0.0,0.0,0.0,40.0,0.0,0.0,0.0,0.0,0.0,0.0,0.0,0.0,0.0,0.0,0.0,0.0,0.0,0.0,0.0,0.0,0.0,0.0,0.0,0.0,0.0,0.0,0.0,0.0,0.0,0.0,0.0,0.0,0.0,50.0,18.2,0.0,0.0,22.2,0.0,0.0,0.0,20.0,0.0,0.0,0.0,0.0,100.0,40.0,0.0,20.0,0.0,30.0,27.3,0.0,20.0,11.1,7.1
1790496666.419,0.0,0.0,0.0,40.0,0.0,0.0,0.0,0.0,0.0,0.0,0.0,0.0,0.0,0.0,0.0,0.0,0.0,0.0,0.0,0.0,0.0,0.0,0.0,0.0,0.0,0.0,0.0,0.0,0.0,0.0,0.0,0.0,0.0,45.5,30.0,0.0,0.0,27.3,0.0,0.0,0.0,30.0,0.0,0.0,0.0,0.0,100.0,40.0,0.0,30.0,0.0,20.0,40.0,0.0,12.5,33.3,8.0
1790496666.520,0.0,0.0,0.0,0.0,0.0,0.0,0.0,0.0,0.0,0.0,0.0,0.0,0.0,0.0,0.0,0.0,0.0,0.0,0.0,0.0,0.0,0.0,0.0,0.0,0.0,0.0,0.0,0.0,0.0,0.0,0.0,0.0,0.0,50.0,30.0,0.0,0.0,30.0,0.0,0.0,0.0,20.0,0.0,0.0,0.0,0.0,100.0,40.0,36.4,30.0,0.0,10.0,30.0,0.0,0.0,30.0,7.3
1790496666.620,0.0,0.0,0.0,33.3,0.0,0.0,0.0,0.0,0.0,0.0,0.0,0.0,0.0,0.0,9.1,0.0,0.0,0.0,0.0,0.0,0.0,0.0,0.0,0.0,0.0,0.0,0.0,0.0,0.0,0.0,0.0,0.0,0.0,44.4,12.5,0.0,0.0,22.2,0.0,0.0,0.0,22.2,0.0,0.0,0.0,0.0,100.0,36.4,20.0,25.0,0.0,20.0,30.0,0.0,0.0,30.0,7.2
1790496666.720,30.0,0.0,0.0,40.0,0.0,0.0,0.0,0.0,0.0,0.0,0.0,0.0,0.0,0.0,0.0,0.0,0.0,0.0,0.0,0.0,0.0,0.0,0.0,0.0,0.0,0.0,0.0,0.0,0.0,0.0,0.0,0.0,0.0,45.5,27.3,0.0,0.0,18.2,0.0,0.0,0.0,30.0,0.0,0.0,22.2,0.0,100.0,40.0,0.0,25.0,0.0,27.3,22.2,0.0,0.0,30.0,8.2
1790496666.820,10.0,0.0,9.1,18.2,0.0,0.0,0.0,0.0,0.0,0.0,0.0,0.0,0.0,0.0,0.0,0.0,0.0,0.0,0.0,0.0,0.0,0.0,0.0,0.0,0.0,0.0,0.0,0.0,0.0,0.0,0.0,0.0,0.0,50.0,11.1,0.0,0.0,11.1,0.0,0.0,0.0,0.0,0.0,0.0,27.3,0.0,100.0,33.3,27.3,0.0,0.0,22.2,27.3,0.0,0.0,20.0,6.6
1790496666.920,0.0,0.0,0.0,20.0,0.0,0.0,0.0,0.0,0.0,0.0,0.0,0.0,0.0,0.0,0.0,0.0,0.0,0.0,0.0,0.0,0.0,0.0,0.0,0.0,0.0,0.0,0.0,0.0,0.0,0.0,0.0,0.0,0.0,44.4,36.4,0.0,20.0,9.1,0.0,0.0,0.0,36.4,0.0,0.0,30.0,0.0,100.0,40.0,22.2,11.1,0.0,20.0,30.0,0.0,0.0,30.0,8.0
1790496667.020,0.0,0.0,0.0,40.0,0.0,0.0,0.0,0.0,10.0,0.0,0.0,0.0,0.0,0.0,0.0,0.0,0.0,0.0,0.0,0.0,0.0,0.0,0.0,0.0,0.0,0.0,0.0,0.0,0.0,0.0,0.0,0.0,0.0,50.0,22.2,0.0,27.3,0.0,0.0,0.0,0.0,12.5,0.0,0.0,30.0,0.0,100.0,36.4,40.0,30.0,0.0,27.3,40.0,0.0,0.0,0.0,8.3
1790496667.120,0.0,9.1,0.0,22.2,0.0,0.0,0.0,0.0,22.2,9.1,0.0,0.0,0.0,0.0,0.0,0.0,0.0,0.0,0.0,0.0,0.0,0.0,0.0,0.0,0.0,0.0,0.0,0.0,0.0,0.0,0.0,0.0,0.0,44.4,30.0,0.0,0.0,0.0,0.0,0.0,0.0,33.3,0.0,0.0,33.3,0.0,100.0,33.3,10.0,33.3,0.0,30.0,36.4,0.0,0.0,10.0,8.2
1790496667.221,0.0,0.0,0.0,10.0,0.0,0.0,0.0,0.0,30.0,0.0,0.0,0.0,0.0,0.0,0.0,0.0,0.0,0.0,0.0,0.0,0.0,0.0,0.0,0.0,0.0,0.0,0.0,0.0,0.0,0.0,0.0,0.0,0.0,50.0,30.0,0.0,0.0,0.0,0.0,0.0,0.0,12.5,0.0,0.0,20.0,0.0,100.0,40.0,0.0,27.3,0.0,20.0,11.1,0.0,0.0,27.3,6.8
1790496667.321,0.0,0.0,0.0,40.0,0.0,0.0,0.0,0.0,20.0,0.0,0.0,0.0,0.0,0.0,0.0,0.0,0.0,0.0,0.0,0.0,0.0,0.0,0.0,0.0,0.0,0.0,0.0,0.0,0.0,0.0,0.0,0.0,0.0,40.0,10.0,0.0,0.0,0.0,0.0,0.0,0.0,25.0,0.0,0.0,20.0,0.0,100.0,30.0,0.0,20.0,0.0,30.0,22.2,0.0,0.0,20.0,6.7
1790496667.421,0.0,0.0,0.0,40.0,0.0,0.0,0.0,0.0,30.0,0.0,0.0,0.0,0.0,0.0,0.0,0.0,0.0,0.0,0.0,0.0,0.0,0.0,0.0,0.0,0.0,0.0,0.0,0.0,0.0,0.0,0.0,0.0,0.0,50.0,40.0,0.0,0.0,0.0,0.0,0.0,0.0,33.3,0.0,0.0,40.0,0.0,100.0,36.4,0.0,45.5,0.0,20.0,36.4,0.0,0.0,33.3,9.0
1790496667.521,0.0,0.0,0.0,0.0,0.0,0.0,0.0,0.0,30.0,0.0,0.0,0.0,0.0,0.0,0.0,0.0,0.0,0.0,0.0,0.0,0.0,0.0,0.0,0.0,0.0,0.0,0.0,0.0,0.0,0.0,0.0,0.0,0.0,50.0,22.2,0.0,0.0,0.0,0.0,0.0,0.0,27.3,0.0,0.0,30.0,0.0,100.0,33.3,0.0,36.4,0.0,30.0,40.0,0.0,0.0,36.4,7.8
1790496667.621,0.0,0.0,0.0,36.4,0.0,0.0,0.0,0.0,0.0,0.0,0.0,0.0,0.0,0.0,0.0,0.0,0.0,0.0,0.0,0.0,0.0,0.0,0.0,0.0,0.0,0.0,0.0,0.0,0.0,0.0,0.0,0.0,0.0,40.0,27.3,0.0,0.0,0.0,0.0,0.0,0.0,22.2,0.0,0.0,33.3,0.0,100.0,40.0,18.2,33.3,0.0,10.0,36.4,0.0,0.0,37.5,7.8
1790496667.721,20.0,0.0,0.0,33.3,0.0,0.0,0.0,0.0,0.0,0.0,0.0,0.0,0.0,0.0,0.0,0.0,0.0,0.0,0.0,0.0,0.0,0.0,0.0,0.0,0.0,0.0,0.0,0.0,0.0,0.0,0.0,0.0,0.0,50.0,11.1,0.0,0.0,0.0,0.0,0.0,0.0,20.0,0.0,0.0,11.1,0.0,100.0,45.5,10.0,20.0,0.0,20.0,11.1,0.0,0.0,22.2,6.7
1790496667.822,0.0,0.0,0.0,10.0,0.0,0.0,0.0,0.0,9.1,0.0,0.0,0.0,0.0,0.0,0.0,0.0,0.0,0.0,0.0,0.0,0.0,0.0,0.0,0.0,0.0,0.0,0.0,0.0,0.0,0.0,0.0,0.0,0.0,40.0,20.0,0.0,0.0,0.0,0.0,0.0,0.0,11.1,0.0,0.0,20.0,0.0,100.0,30.0,10.0,27.3,0.0,27.3,27.3,0.0,0.0,20.0,6.3
1790496667.922,30.0,0.0,0.0,40.0,0.0,0.0,0.0,0.0,0.0,0.0,0.0,0.0,0.0,0.0,0.0,0.0,0.0,0.0,0.0,0.0,0.0,0.0,0.0,0.0,0.0,0.0,0.0,0.0,0.0,0.0,0.0,0.0,0.0,50.0,30.0,0.0,0.0,0.0,0.0,0.0,0.0,30.0,0.0,0.0,36.4,0.0,100.0,33.3,0.0,0.0,36.4,20.0,25.0,0.0,0.0,30.0,8.2
1790496668.022,0.0,0.0,9.1,54.5,0.0,0.0,0.0,0.0,12.5,0.0,0.0,0.0,0.0,0.0,0.0,0.0,0.0,0.0,0.0,0.0,0.0,0.0,0.0,0.0,0.0,0.0,0.0,0.0,0.0,0.0,0.0,0.0,0.0,50.0,33.3,9.1,0.0,0.0,0.0,0.0,0.0,36.4,0.0,0.0,22.2,0.0,100.0,36.4,0.0,0.0,30.0,22.2,40.0,0.0,0.0,40.0,8.9
1790496668.122,0.0,10.0,0.0,0.0,0.0,0.0,0.0,0.0,33.3,0.0,0.0,0.0,0.0,0.0,0.0,0.0,0.0,0.0,0.0,0.0,0.0,0.0,0.0,0.0,0.0,0.0,0.0,0.0,0.0,0.0,0.0,0.0,0.0,40.0,27.3,0.0,0.0,0.0,0.0,0.0,0.0,22.2,0.0,0.0,0.0,40.0,100.0,40.0,0.0,0.0,33.3,27.3,30.0,0.0,0.0,30.0,7.7
1790496668.222,0.0,0.0,0.0,44.4,0.0,0.0,0.0,0.0,30.0,0.0,0.0,0.0,0.0,0.0,0.0,0.0,0.0,0.0,0.0,0.0,0.0,0.0,0.0,0.0,0.0,0.0,0.0,0.0,0.0,0.0,0.0,0.0,0.0,50.0,30.0,0.0,0.0,0.0,0.0,0.0,0.0,30.0,0.0,0.0,0.0,30.0,100.0,33.3,0.0,0.0,30.0,30.0,22.2,0.0,0.0,33.3,8.3
1790496668.322,0.0,0.0,0.0,45.5,0.0,0.0,0.0,0.0,0.0,0.0,0.0,0.0,0.0,0.0,0.0,0.0,0.0,0.0,0.0,0.0,0.0,0.0,0.0,0.0,0.0,0.0,0.0,0.0,0.0,0.0,0.0,0.0,0.0,50.0,11.1,0.0,0.0,0.0,0.0,0.0,0.0,20.0,0.0,0.0,0.0,20.0,100.0,36.4,0.0,20.0,30.0,22.2,12.5,0.0,0.0,11.1,6.8
1790496668.422,0.0,0.0,9.1,0.0,0.0,0.0,0.0,0.0,0.0,0.0,0.0,0.0,0.0,0.0,0.0,0.0,0.0,0.0,0.0,0.0,0.0,0.0,0.0,0.0,0.0,0.0,0.0,0.0,0.0,0.0,10.0,0.0,0.0,40.0,22.2,0.0,0.0,0.0,0.0,0.0,0.0,45.5,0.0,0.0,0.0,30.0,100.0,40.0,0.0,30.0,10.0,20.0,41.7,0.0,0.0,40.0,7.8
1790496668.523,0.0,0.0,0.0,44.4,0.0,0.0,0.0,0.0,20.0,0.0,0.0,0.0,0.0,0.0,0.0,0.0,0.0,0.0,0.0,0.0,0.0,0.0,0.0,0.0,0.0,0.0,0.0,0.0,0.0,0.0,40.0,0.0,0.0,50.0,36.4,0.0,0.0,0.0,0.0,0.0,0.0,0.0,0.0,0.0,0.0,33.3,100.0,40.0,0.0,36.4,0.0,20.0,30.0,0.0,0.0,36.4,8.7
1790496668.623,0.0,0.0,0.0,40.0,0.0,0.0,0.0,0.0,9.1,0.0,0.0,0.0,0.0,0.0,9.1,0.0,0.0,0.0,0.0,0.0,0.0,0.0,0.0,0.0,0.0,0.0,0.0,0.0,0.0,0.0,30.0,0.0,0.0,44.4,22.2,0.0,0.0,0.0,0.0,0.0,0.0,0.0,0.0,0.0,0.0,40.0,100.0,30.0,0.0,25.0,0.0,20.0,44.4,0.0,11.1,25.0,8.0
1790496668.723,0.0,0.0,0.0,10.0,0.0,0.0,0.0,0.0,0.0,0.0,0.0,0.0,0.0,0.0,0.0,0.0,0.0,0.0,0.0,0.0,0.0,0.0,0.0,0.0,0.0,0.0,0.0,0.0,0.0,0.0,36.4,0.0,0.0,45.5,11.1,11.1,0.0,0.0,0.0,0.0,0.0,0.0,0.0,0.0,0.0,27.3,100.0,33.3,0.0,33.3,0.0,30.0,18.2,0.0,27.3,20.0,7.2
1790496668.823,0.0,0.0,0.0,20.0,0.0,0.0,0.0,0.0,0.0,0.0,0.0,0.0,0.0,0.0,0.0,0.0,0.0,0.0,0.0,0.0,0.0,0.0,0.0,0.0,0.0,0.0,0.0,0.0,0.0,0.0,0.0,0.0,0.0,50.0,25.0,0.0,0.0,0.0,0.0,0.0,0.0,20.0,0.0,0.0,0.0,33.3,100.0,45.5,10.0,11.1,9.1,11.1,0.0,0.0,30.0,12.5,6.7
1790496668.923,22.2,0.0,0.0,40.0,0.0,0.0,0.0,0.0,0.0,0.0,0.0,0.0,0.0,0.0,0.0,0.0,0.0,0.0,0.0,0.0,0.0,0.0,0.0,0.0,0.0,0.0,0.0,0.0,0.0,0.0,0.0,0.0,0.0,50.0,25.0,0.0,0.0,0.0,0.0,0.0,0.0,30.0,0.0,0.0,22.2,9.1,100.0,40.0,0.0,25.0,0.0,27.3,0.0,9.1,30.0,45.5,8.5
1790496669.023,18.2,0.0,0.0,30.0,0.0,0.0,0.0,0.0,12.5,0.0,0.0,0.0,0.0,0.0,0.0,0.0,0.0,0.0,0.0,0.0,0.0,0.0,0.0,0.0,0.0,0.0,0.0,0.0,0.0,0.0,0.0,0.0,0.0,40.0,36.4,9.1,0.0,0.0,0.0,0.0,0.0,22.2,0.0,0.0,33.3,0.0,100.0,33.3,0.0,36.4,0.0,22.2,0.0,0.0,40.0,30.0,8.3
1790496669.123,0.0,0.0,9.1,20.0,0.0,0.0,0.0,0.0,27.3,0.0,0.0,0.0,0.0,0.0,0.0,0.0,0.0,0.0,0.0,0.0,0.0,0.0,0.0,0.0,0.0,0.0,0.0,0.0,0.0,0.0,0.0,0.0,0.0,50.0,30.0,0.0,0.0,0.0,0.0,0.0,0.0,30.0,0.0,0.0,30.0,0.0,100.0,36.4,0.0,30.0,0.0,27.3,0.0,9.1,41.7,33.3,8.5
1790496669.224,0.0,9.1,0.0,40.0,0.0,0.0,0.0,0.0,10.0,0.0,0.0,20.0,0.0,0.0,0.0,0.0,0.0,0.0,0.0,0.0,0.0,0.0,9.1,0.0,0.0,0.0,0.0,0.0,0.0,0.0,0.0,0.0,0.0,50.0,11.1,0.0,0.0,0.0,0.0,0.0,0.0,27.3,0.0,0.0,30.0,0.0,100.0,33.3,0.0,36.4,0.0,20.0,0.0,0.0,12.5,27.3,7.8
1790496669.324,0.0,0.0,0.0,9.1,0.0,0.0,0.0,0.0,0.0,0.0,0.0,0.0,0.0,0.0,0.0,0.0,0.0,0.0,0.0,0.0,0.0,0.0,0.0,0.0,0.0,0.0,0.0,0.0,0.0,0.0,0.0,0.0,0.0,40.0,20.0,0.0,0.0,27.3,0.0,0.0,0.0,20.0,0.0,0.0,11.1,0.0,100.0,40.0,0.0,11.1,0.0,30.0,0.0,0.0,33.3,22.2,6.5
1790496669.424,0.0,0.0,0.0,55.6,0.0,0.0,0.0,0.0,0.0,0.0,0.0,0.0,0.0,0.0,0.0,0.0,0.0,9.1,0.0,0.0,0.0,0.0,0.0,0.0,0.0,0.0,0.0,9.1,0.0,0.0,0.0,0.0,0.0,44.4,33.3,0.0,0.0,22.2,0.0,0.0,0.0,30.0,0.0,0.0,36.4,0.0,100.0,36.4,9.1,33.3,0.0,10.0,0.0,0.0,33.3,33.3,8.8
1790496669.524,0.0,0.0,0.0,45.5,0.0,0.0,0.0,0.0,0.0,0.0,0.0,0.0,0.0,0.0,0.0,0.0,0.0,0.0,0.0,0.0,0.0,0.0,0.0,0.0,0.0,0.0,0.0,0.0,0.0,0.0,0.0,0.0,0.0,50.0,30.0,0.0,0.0,30.0,0.0,0.0,0.0,25.0,0.0,0.0,0.0,0.0,100.0,33.3,20.0,40.0,11.1,50.0,0.0,0.0,40.0,50.0,9.4
1790496669.624,0.0,0.0,0.0,44.4,0.0,0.0,0.0,0.0,0.0,0.0,0.0,0.0,0.0,0.0,0.0,0.0,0.0,0.0,0.0,0.0,0.0,0.0,0.0,0.0,0.0,0.0,0.0,0.0,0.0,0.0,30.0,0.0,0.0,44.4,54.5,0.0,0.0,0.0,0.0,0.0,0.0,10.0,0.0,0.0,10.0,0.0,100.0,36.4,0.0,33.3,40.0,20.0,0.0,0.0,33.3,20.0,8.5
1790496669.724,0.0,0.0,0.0,36.4,0.0,0.0,0.0,0.0,0.0,0.0,0.0,0.0,0.0,0.0,0.0,0.0,0.0,0.0,0.0,0.0,0.0,0.0,0.0,0.0,0.0,0.0,0.0,0.0,0.0,0.0,27.3,0.0,0.0,50.0,0.0,0.0,0.0,22.2,0.0,0.0,0.0,30.0,0.0,0.0,30.0,0.0,40.0,55.6,0.0,30.0,22.2,20.0,0.0,0.0,30.0,0.0,7.0
1790496669.824,0.0,0.0,0.0,0.0,0.0,0.0,0.0,0.0,0.0,0.0,0.0,0.0,0.0,0.0,0.0,0.0,0.0,0.0,0.0,0.0,0.0,0.0,0.0,0.0,0.0,0.0,0.0,0.0,0.0,0.0,12.5,0.0,0.0,40.0,10.0,11.1,0.0,16.7,22.2,0.0,9.1,18.2,10.0,0.0,22.2,0.0,0.0,50.0,0.0,22.2,20.0,20.0,0.0,0.0,18.2,20.0,5.8
1790496669.925,0.0,0.0,0.0,40.0,0.0,0.0,0.0,0.0,0.0,0.0,0.0,0.0,0.0,0.0,0.0,0.0,0.0,0.0,0.0,0.0,0.0,0.0,0.0,0.0,0.0,0.0,0.0,0.0,0.0,0.0,40.0,0.0,0.0,50.0,30.0,0.0,10.0,0.0,27.3,0.0,0.0,0.0,0.0,0.0,0.0,33.3,0.0,63.6,36.4,0.0,50.0,0.0,0.0,0.0,0.0,40.0,7.5
1790496670.025,30.0,0.0,0.0,50.0,0.0,0.0,0.0,0.0,0.0,0.0,0.0,0.0,0.0,0.0,0.0,0.0,0.0,10.0,0.0,0.0,0.0,0.0,0.0,0.0,0.0,0.0,0.0,0.0,0.0,0.0,40.0,0.0,0.0,50.0,40.0,0.0,0.0,0.0,0.0,0.0,0.0,0.0,0.0,0.0,10.0,33.3,0.0,77.8,50.0,0.0,45.5,0.0,0.0,0.0,0.0,50.0,8.7
1790496670.125,10.0,0.0,0.0,30.0,0.0,0.0,0.0,0.0,0.0,0.0,0.0,0.0,0.0,0.0,0.0,0.0,0.0,100.0,0.0,0.0,0.0,0.0,0.0,0.0,0.0,0.0,0.0,0.0,0.0,0.0,45.5,0.0,0.0,45.5,33.3,0.0,0.0,11.1,0.0,0.0,0.0,0.0,0.0,0.0,0.0,54.5,0.0,36.4,40.0,0.0,44.4,0.0,0.0,0.0,0.0,37.5,8.7
1790496670.225,0.0,0.0,0.0,20.0,0.0,0.0,0.0,0.0,0.0,20.0,0.0,0.0,0.0,0.0,0.0,0.0,0.0,80.0,0.0,0.0,0.0,0.0,0.0,0.0,0.0,0.0,0.0,0.0,0.0,0.0,20.0,0.0,0.0,44.4,30.0,0.0,0.0,10.0,0.0,0.0,0.0,0.0,0.0,0.0,0.0,36.4,0.0,50.0,30.0,0.0,30.0,0.0,0.0,0.0,0.0,36.4,7.3
1790496670.325,0.0,0.0,0.0,30.0,0.0,0.0,0.0,0.0,0.0,30.0,0.0,0.0,0.0,0.0,0.0,0.0,0.0,0.0,0.0,0.0,0.0,0.0,0.0,0.0,0.0,0.0,0.0,0.0,0.0,0.0,30.0,0.0,0.0,50.0,27.3,0.0,0.0,0.0,0.0,0.0,0.0,0.0,0.0,0.0,0.0,12.5,90.0,33.3,22.2,0.0,20.0,0.0,0.0,0.0,0.0,20.0,6.5
1790496670.425,0.0,0.0,0.0,40.0,0.0,0.0,0.0,0.0,0.0,22.2,0.0,0.0,0.0,0.0,0.0,0.0,0.0,0.0,0.0,0.0,0.0,0.0,0.0,0.0,0.0,0.0,0.0,0.0,0.0,0.0,40.0,0.0,0.0,45.5,30.0,0.0,0.0,0.0,0.0,0.0,0.0,0.0,0.0,0.0,0.0,36.4,100.0,36.4,0.0,30.0,22.2,20.0,10.0,0.0,0.0,40.0,8.4
1790496670.526,0.0,0.0,0.0,10.0,0.0,0.0,0.0,0.0,0.0,27.3,0.0,0.0,0.0,0.0,0.0,0.0,0.0,0.0,0.0,0.0,0.0,0.0,0.0,0.0,0.0,0.0,0.0,0.0,0.0,0.0,30.0,0.0,0.0,44.4,22.2,0.0,0.0,0.0,0.0,0.0,0.0,0.0,0.0,0.0,0.0,36.4,100.0,33.3,0.0,41.7,0.0,30.0,12.5,0.0,0.0,40.0,7.6
1790496670.626,0.0,0.0,0.0,30.0,0.0,0.0,0.0,0.0,0.0,30.0,0.0,0.0,0.0,0.0,0.0,0.0,0.0,0.0,0.0,0.0,0.0,0.0,0.0,0.0,0.0,0.0,0.0,0.0,0.0,0.0,30.0,0.0,0.0,50.0,33.3,0.0,0.0,0.0,0.0,0.0,0.0,0.0,0.0,0.0,0.0,44.4,100.0,40.0,0.0,40.0,0.0,20.0,45.5,0.0,0.0,45.5,9.1
1790496670.726,0.0,0.0,0.0,44.4,0.0,0.0,0.0,0.0,0.0,30.0,0.0,0.0,0.0,0.0,0.0,0.0,0.0,0.0,0.0,0.0,0.0,0.0,0.0,0.0,0.0,0.0,0.0,0.0,0.0,0.0,22.2,0.0,0.0,40.0,20.0,0.0,0.0,0.0,0.0,0.0,0.0,0.0,0.0,0.0,0.0,27.3,100.0,36.4,0.0,12.5,0.0,20.0,30.0,10.0,0.0,22.2,7.4
1790496670.826,0.0,0.0,9.1,36.4,0.0,0.0,0.0,0.0,0.0,0.0,0.0,0.0,0.0,0.0,11.1,0.0,0.0,0.0,0.0,0.0,0.0,0.0,0.0,0.0,0.0,0.0,0.0,0.0,0.0,0.0,20.0,0.0,0.0,50.0,12.5,0.0,30.0,0.0,0.0,0.0,0.0,0.0,0.0,0.0,0.0,0.0,100.0,40.0,0.0,33.3,0.0,20.0,11.1,0.0,0.0,30.0,7.2
1790496670.926,0.0,0.0,0.0,10.0,0.0,0.0,0.0,0.0,0.0,0.0,0.0,0.0,0.0,0.0,40.0,0.0,0.0,0.0,0.0,0.0,0.0,0.0,0.0,0.0,0.0,0.0,0.0,0.0,0.0,0.0,30.0,0.0,0.0,45.5,30.0,0.0,22.2,0.0,0.0,0.0,0.0,0.0,0.0,0.0,0.0,0.0,100.0,30.0,0.0,33.3,0.0,30.0,40.0,0.0,0.0,33.3,7.9
1790496671.026,0.0,0.0,0.0,40.0,0.0,0.0,0.0,0.0,0.0,0.0,0.0,0.0,0.0,0.0,33.3,0.0,0.0,0.0,0.0,0.0,0.0,0.0,0.0,0.0,0.0,0.0,0.0,0.0,0.0,0.0,40.0,0.0,0.0,44.4,30.0,0.0,10.0,0.0,27.3,0.0,0.0,0.0,0.0,0.0,0.0,0.0,63.6,33.3,0.0,33.3,0.0,45.5,40.0,0.0,0.0,33.3,8.5
1790496671.126,0.0,10.0,0.0,40.0,0.0,0.0,0.0,0.0,0.0,0.0,0.0,0.0,0.0,0.0,36.4,0.0,0.0,0.0,0.0,0.0,0.0,0.0,0.0,0.0,0.0,0.0,0.0,0.0,0.0,0.0,36.4,0.0,0.0,50.0,30.0,0.0,0.0,0.0,22.2,0.0,0.0,0.0,0.0,0.0,0.0,0.0,100.0,40.0,0.0,40.0,0.0,30.0,25.0,0.0,0.0,40.0,8.9
1790496671.227,0.0,0.0,0.0,30.0,0.0,0.0,0.0,0.0,0.0,0.0,0.0,0.0,0.0,0.0,0.0,0.0,0.0,0.0,0.0,0.0,0.0,0.0,0.0,0.0,0.0,0.0,0.0,0.0,0.0,0.0,11.1,0.0,0.0,50.0,30.0,0.0,0.0,0.0,36.4,0.0,0.0,0.0,0.0,0.0,20.0,0.0,100.0,45.5,0.0,27.3,0.0,33.3,30.0,0.0,0.0,22.2,7.8
1790496671.327,0.0,0.0,0.0,0.0,0.0,0.0,0.0,0.0,0.0,0.0,0.0,0.0,0.0,0.0,0.0,0.0,0.0,0.0,0.0,0.0,0.0,0.0,0.0,0.0,0.0,0.0,0.0,0.0,0.0,0.0,20.0,0.0,0.0,40.0,20.0,0.0,0.0,9.1,22.2,0.0,0.0,0.0,0.0,0.0,20.0,0.0,100.0,30.0,0.0,20.0,0.0,20.0,18.2,0.0,0.0,27.3,6.2
1790496671.427,0.0,0.0,0.0,44.4,0.0,0.0,0.0,0.0,0.0,0.0,0.0,0.0,0.0,0.0,0.0,0.0,0.0,0.0,0.0,0.0,0.0,0.0,0.0,0.0,0.0,0.0,0.0,0.0,0.0,0.0,36.4,0.0,0.0,50.0,30.0,0.0,0.0,0.0,30.0,0.0,0.0,0.0,0.0,0.0,40.0,0.0,100.0,33.3,0.0,33.3,0.0,30.0,33.3,0.0,0.0,30.0,8.8
1790496671.527,0.0,0.0,0.0,40.0,0.0,0.0,0.0,0.0,0.0,0.0,0.0,0.0,0.0,0.0,0.0,0.0,0.0,9.1,0.0,0.0,0.0,0.0,0.0,0.0,0.0,0.0,0.0,0.0,0.0,0.0,33.3,0.0,0.0,50.0,36.4,0.0,0.0,0.0,30.0,0.0,0.0,0.0,0.0,0.0,33.3,0.0,100.0,40.0,0.0,30.0,0.0,9.1,45.5,0.0,0.0,40.0,8.9
1790496671.627,0.0,0.0,0.0,9.1,0.0,0.0,0.0,0.0,0.0,0.0,0.0,0.0,0.0,0.0,0.0,0.0,0.0,0.0,0.0,0.0,0.0,0.0,0.0,0.0,0.0,0.0,0.0,0.0,0.0,0.0,30.0,0.0,0.0,40.0,22.2,0.0,0.0,0.0,27.3,0.0,0.0,0.0,0.0,0.0,36.4,0.0,100.0,40.0,0.0,40.0,0.0,22.2,22.2,0.0,0.0,50.0,7.8
1790496671.727,0.0,0.0,0.0,50.0,0.0,0.0,0.0,0.0,0.0,0.0,0.0,0.0,0.0,0.0,0.0,0.0,0.0,0.0,0.0,0.0,0.0,0.0,0.0,0.0,0.0,0.0,0.0,0.0,0.0,0.0,20.0,0.0,0.0,50.0,22.2,0.0,0.0,0.0,30.0,0.0,0.0,0.0,0.0,0.0,30.0,0.0,100.0,36.4,9.1,11.1,0.0,18.2,36.4,0.0,0.0,30.0,7.9
1790496671.827,0.0,0.0,0.0,0.0,0.0,0.0,0.0,0.0,0.0,0.0,0.0,0.0,0.0,0.0,0.0,0.0,0.0,0.0,0.0,0.0,0.0,0.0,0.0,0.0,0.0,0.0,0.0,0.0,0.0,0.0,20.0,0.0,0.0,45.5,11.1,0.0,0.0,0.0,22.2,0.0,0.0,0.0,0.0,0.0,11.1,0.0,100.0,40.0,0.0,27.3,0.0,20.0,20.0,0.0,0.0,20.0,6.0
1790496671.927,0.0,0.0,0.0,50.0,0.0,0.0,0.0,0.0,0.0,0.0,0.0,0.0,0.0,0.0,0.0,0.0,0.0,0.0,0.0,0.0,0.0,0.0,0.0,0.0,0.0,0.0,0.0,0.0,0.0,0.0,33.3,0.0,0.0,44.4,36.4,0.0,0.0,0.0,27.3,0.0,0.0,0.0,0.0,0.0,40.0,0.0,100.0,40.0,0.0,33.3,0.0,20.0,45.5,0.0,0.0,40.0,9.1
1790496672.028,0.0,0.0,0.0,50.0,0.0,0.0,0.0,0.0,0.0,0.0,0.0,0.0,0.0,0.0,0.0,0.0,0.0,0.0,0.0,0.0,0.0,0.0,0.0,0.0,0.0,0.0,0.0,0.0,0.0,0.0,30.0,0.0,0.0,50.0,22.2,0.0,0.0,0.0,22.2,0.0,0.0,0.0,0.0,0.0,33.3,0.0,100.0,40.0,0.0,33.3,0.0,11.1,40.0,0.0,0.0,40.0,8.4
1790496672.128,0.0,0.0,9.1,36.4,0.0,0.0,0.0,0.0,0.0,0.0,0.0,0.0,0.0,0.0,0.0,0.0,0.0,0.0,0.0,0.0,0.0,0.0,0.0,0.0,0.0,0.0,0.0,0.0,0.0,0.0,33.3,0.0,0.0,45.5,33.3,0.0,0.0,0.0,10.0,20.0,0.0,0.0,0.0,0.0,36.4,0.0,100.0,30.0,0.0,33.3,0.0,27.3,33.3,0.0,0.0,45.5,8.8
1790496672.228,0.0,0.0,0.0,10.0,0.0,0.0,0.0,0.0,0.0,0.0,0.0,0.0,0.0,0.0,0.0,0.0,0.0,0.0,0.0,0.0,10.0,0.0,0.0,0.0,0.0,0.0,0.0,0.0,0.0,0.0,27.3,0.0,0.0,44.4,27.3,0.0,0.0,0.0,20.0,10.0,0.0,0.0,0.0,0.0,30.0,0.0,100.0,40.0,0.0,30.0,0.0,10.0,36.4,0.0,0.0,22.2,7.5
1790496672.328,0.0,0.0,0.0,0.0,0.0,0.0,0.0,0.0,0.0,0.0,0.0,0.0,0.0,0.0,0.0,0.0,0.0,0.0,0.0,0.0,0.0,0.0,0.0,0.0,0.0,0.0,0.0,0.0,0.0,0.0,30.0,0.0,0.0,50.0,11.1,0.0,0.0,0.0,10.0,0.0,0.0,11.1,0.0,0.0,11.1,0.0,100.0,40.0,0.0,10.0,0.0,20.0,20.0,0.0,0.0,27.3,6.1
1790496672.428,0.0,0.0,9.1,20.0,0.0,0.0,0.0,0.0,0.0,0.0,0.0,0.0,0.0,0.0,0.0,0.0,0.0,0.0,0.0,0.0,0.0,0.0,0.0,0.0,0.0,0.0,22.2,0.0,0.0,0.0,0.0,0.0,0.0,40.0,22.2,0.0,0.0,0.0,20.0,0.0,0.0,30.0,0.0,0.0,36.4,0.0,100.0,40.0,0.0,40.0,0.0,11.1,30.0,0.0,0.0,30.0,8.1
1790496672.528,0.0,0.0,0.0,30.0,0.0,0.0,0.0,0.0,0.0,0.0,0.0,0.0,0.0,0.0,0.0,0.0,0.0,0.0,0.0,0.0,0.0,0.0,0.0,0.0,0.0,0.0,36.4,0.0,0.0,0.0,0.0,0.0,0.0,54.5,27.3,0.0,0.0,0.0,10.0,0.0,0.0,30.0,0.0,0.0,33.3,0.0,100.0,30.0,10.0,30.0,0.0,20.0,44.4,0.0,0.0,33.3,8.7
1790496672.629,0.0,0.0,0.0,50.0,0.0,0.0,0.0,0.0,0.0,0.0,0.0,0.0,0.0,0.0,0.0,0.0,0.0,0.0,0.0,0.0,0.0,0.0,0.0,0.0,0.0,0.0,0.0,0.0,0.0,0.0,0.0,0.0,0.0,44.4,0.0,41.7,10.0,0.0,0.0,0.0,0.0,22.2,0.0,0.0,36.4,0.0,100.0,45.5,40.0,40.0,0.0,20.0,10.0,9.1,0.0,40.0,9.1
1790496672.729,0.0,0.0,0.0,11.1,0.0,0.0,0.0,0.0,0.0,0.0,0.0,0.0,0.0,0.0,0.0,0.0,0.0,0.0,0.0,0.0,0.0,0.0,0.0,0.0,0.0,0.0,0.0,0.0,0.0,0.0,0.0,0.0,0.0,40.0,0.0,0.0,10.0,0.0,0.0,22.2,0.0,36.4,0.0,0.0,33.3,0.0,100.0,33.3,22.2,20.0,0.0,22.2,0.0,10.0,0.0,22.2,6.8
1790496672.829,0.0,0.0,0.0,18.2,0.0,0.0,0.0,0.0,0.0,0.0,0.0,0.0,0.0,0.0,0.0,0.0,0.0,0.0,0.0,0.0,0.0,0.0,0.0,0.0,0.0,0.0,0.0,0.0,0.0,0.0,20.0,0.0,0.0,44.4,0.0,0.0,0.0,0.0,27.3,0.0,0.0,20.0,0.0,0.0,20.0,0.0,100.0,40.0,0.0,20.0,0.0,27.3,20.0,0.0,0.0,27.3,6.9
1790496672.929,0.0,0.0,0.0,0.0,0.0,0.0,0.0,0.0,0.0,0.0,0.0,0.0,0.0,0.0,0.0,0.0,0.0,0.0,0.0,0.0,0.0,0.0,0.0,0.0,0.0,0.0,0.0,0.0,0.0,0.0,30.0,0.0,0.0,54.5,0.0,0.0,0.0,0.0,30.0,27.3,0.0,10.0,0.0,0.0,41.7,0.0,100.0,33.3,0.0,25.0,0.0,30.0,22.2,0.0,0.0,22.2,7.6
1790496673.029,0.0,0.0,0.0,30.0,0.0,0.0,0.0,0.0,0.0,0.0,0.0,0.0,0.0,0.0,0.0,0.0,0.0,0.0,0.0,0.0,0.0,0.0,0.0,0.0,0.0,0.0,20.0,0.0,0.0,0.0,0.0,0.0,0.0,40.0,0.0,0.0,0.0,0.0,22.2,22.2,0.0,30.0,0.0,0.0,33.3,0.0,100.0,36.4,9.1,36.4,0.0,40.0,40.0,0.0,0.0,40.0,8.9
1790496673.129,0.0,0.0,0.0,30.0,0.0,0.0,0.0,0.0,0.0,0.0,0.0,0.0,0.0,0.0,0.0,0.0,0.0,0.0,0.0,0.0,0.0,0.0,0.0,0.0,0.0,0.0,0.0,0.0,0.0,0.0,0.0,0.0,0.0,50.0,0.0,0.0,0.0,0.0,36.4,30.0,0.0,40.0,0.0,0.0,25.0,0.0,100.0,44.4,0.0,40.0,0.0,30.0,36.4,0.0,0.0,40.0,9.0
1790496673.229,0.0,0.0,0.0,50.0,0.0,0.0,0.0,0.0,0.0,0.0,0.0,0.0,0.0,0.0,0.0,0.0,0.0,0.0,0.0,0.0,9.1,0.0,9.1,0.0,0.0,0.0,0.0,0.0,0.0,0.0,0.0,0.0,0.0,44.4,0.0,0.0,0.0,9.1,12.5,0.0,0.0,27.3,0.0,0.0,38.5,0.0,100.0,36.4,0.0,22.2,0.0,30.0,44.4,0.0,0.0,30.0,8.3
1790496673.330,0.0,0.0,0.0,0.0,0.0,0.0,0.0,0.0,0.0,0.0,0.0,0.0,0.0,0.0,0.0,0.0,0.0,0.0,0.0,0.0,10.0,0.0,0.0,0.0,0.0,0.0,0.0,0.0,0.0,0.0,0.0,0.0,0.0,50.0,25.0,0.0,0.0,0.0,33.3,0.0,0.0,11.1,0.0,0.0,12.5,0.0,100.0,33.3,20.0,27.3,0.0,27.3,10.0,0.0,0.0,20.0,6.8
1790496673.430,0.0,0.0,0.0,0.0,0.0,0.0,0.0,0.0,0.0,0.0,0.0,0.0,0.0,0.0,0.0,0.0,0.0,0.0,0.0,0.0,0.0,0.0,0.0,0.0,0.0,0.0,0.0,9.1,0.0,0.0,0.0,0.0,0.0,44.4,14.3,0.0,0.0,0.0,25.0,0.0,0.0,40.0,0.0,0.0,36.4,0.0,100.0,36.4,0.0,30.0,0.0,11.1,36.4,0.0,0.0,33.3,7.4
1790496673.530,0.0,0.0,0.0,55.6,0.0,0.0,0.0,0.0,0.0,0.0,0.0,0.0,0.0,0.0,0.0,0.0,0.0,0.0,0.0,0.0,11.1,0.0,0.0,0.0,0.0,0.0,0.0,0.0,0.0,0.0,0.0,0.0,0.0,45.5,40.0,0.0,0.0,0.0,27.3,0.0,0.0,36.4,0.0,0.0,33.3,0.0,100.0,40.0,10.0,27.3,0.0,20.0,25.0,0.0,0.0,33.3,9.0
1790496673.630,0.0,0.0,0.0,0.0,0.0,0.0,0.0,0.0,0.0,0.0,0.0,0.0,0.0,0.0,0.0,0.0,0.0,0.0,0.0,0.0,9.1,0.0,0.0,0.0,0.0,0.0,0.0,0.0,0.0,0.0,0.0,0.0,0.0,50.0,9.1,0.0,0.0,0.0,33.3,20.0,0.0,22.2,0.0,0.0,40.0,0.0,100.0,45.5,36.4,0.0,0.0,27.3,40.0,0.0,0.0,40.0,8.4
1790496673.730,0.0,0.0,0.0,45.5,0.0,0.0,0.0,0.0,0.0,0.0,0.0,0.0,0.0,0.0,0.0,0.0,0.0,0.0,0.0,0.0,11.1,0.0,0.0,0.0,0.0,0.0,0.0,0.0,0.0,0.0,9.1,0.0,0.0,44.4,0.0,0.0,0.0,0.0,20.0,30.0,0.0,30.0,0.0,0.0,36.4,0.0,100.0,33.3,40.0,0.0,0.0,22.2,36.4,0.0,0.0,36.4,8.8
1790496673.830,0.0,0.0,0.0,50.0,0.0,0.0,0.0,0.0,0.0,0.0,0.0,0.0,0.0,0.0,0.0,0.0,0.0,0.0,0.0,0.0,20.0,0.0,0.0,9.1,0.0,0.0,0.0,0.0,0.0,0.0,0.0,0.0,0.0,45.5,0.0,0.0,0.0,0.0,30.0,30.0,0.0,20.0,0.0,0.0,30.0,0.0,100.0,50.0,22.2,0.0,0.0,30.0,12.5,0.0,0.0,12.5,8.2
1790496673.931,0.0,0.0,0.0,0.0,0.0,0.0,0.0,0.0,0.0,0.0,0.0,0.0,0.0,0.0,0.0,0.0,0.0,0.0,0.0,0.0,0.0,0.0,0.0,0.0,0.0,0.0,0.0,0.0,0.0,0.0,0.0,0.0,0.0,50.0,0.0,0.0,0.0,0.0,22.2,27.3,0.0,40.0,0.0,0.0,33.3,0.0,100.0,40.0,36.4,0.0,0.0,27.3,41.7,0.0,0.0,30.0,8.0
1790496674.031,0.0,9.1,0.0,44.4,0.0,0.0,0.0,0.0,0.0,0.0,0.0,0.0,0.0,0.0,0.0,0.0,0.0,0.0,0.0,0.0,0.0,0.0,0.0,0.0,0.0,0.0,0.0,0.0,0.0,0.0,0.0,0.0,0.0,44.4,0.0,0.0,0.0,0.0,36.4,30.0,0.0,22.2,0.0,0.0,36.4,9.1,100.0,40.0,12.5,22.2,0.0,30.0,40.0,0.0,0.0,40.0,9.2
1790496674.131,0.0,0.0,0.0,0.0,0.0,0.0,0.0,0.0,0.0,0.0,0.0,0.0,0.0,0.0,0.0,0.0,0.0,0.0,0.0,0.0,0.0,0.0,0.0,0.0,0.0,0.0,0.0,0.0,0.0,0.0,0.0,0.0,0.0,45.5,0.0,0.0,0.0,0.0,33.3,30.0,0.0,36.4,0.0,0.0,0.0,33.3,100.0,40.0,0.0,36.4,0.0,30.0,22.2,0.0,0.0,33.3,7.9
1790496674.231,0.0,0.0,0.0,54.5,0.0,0.0,0.0,0.0,0.0,0.0,0.0,0.0,0.0,0.0,0.0,0.0,0.0,0.0,0.0,0.0,20.0,0.0,0.0,0.0,0.0,0.0,0.0,0.0,0.0,0.0,0.0,0.0,0.0,50.0,0.0,0.0,0.0,0.0,27.3,30.0,0.0,22.2,0.0,0.0,0.0,22.2,100.0,30.0,0.0,22.2,0.0,30.0,30.0,10.0,0.0,22.2,8.4
1790496674.331,0.0,0.0,0.0,0.0,0.0,0.0,0.0,0.0,0.0,0.0,0.0,0.0,0.0,0.0,0.0,0.0,0.0,0.0,0.0,0.0,10.0,0.0,0.0,0.0,0.0,0.0,0.0,0.0,0.0,0.0,9.1,0.0,0.0,50.0,0.0,0.0,0.0,0.0,11.1,0.0,0.0,10.0,0.0,0.0,11.1,27.3,100.0,40.0,0.0,27.3,0.0,30.0,27.3,0.0,0.0,30.0,6.8
1790496674.431,20.0,0.0,0.0,20.0,0.0,0.0,0.0,0.0,0.0,0.0,0.0,0.0,0.0,0.0,0.0,0.0,0.0,0.0,0.0,0.0,18.2,0.0,0.0,0.0,0.0,0.0,0.0,0.0,0.0,0.0,0.0,0.0,0.0,40.0,0.0,0.0,0.0,0.0,30.0,0.0,0.0,33.3,0.0,0.0,30.0,36.4,100.0,40.0,9.1,36.4,0.0,33.3,33.3,0.0,0.0,10.0,8.7
1790496674.531,10.0,0.0,0.0,33.3,0.0,0.0,0.0,0.0,0.0,0.0,0.0,0.0,0.0,0.0,0.0,0.0,0.0,0.0,0.0,0.0,0.0,0.0,0.0,0.0,0.0,0.0,0.0,0.0,0.0,0.0,0.0,0.0,0.0,50.0,0.0,0.0,0.0,0.0,33.3,22.2,0.0,30.0,0.0,0.0,33.3,40.0,100.0,36.4,0.0,40.0,0.0,27.3,36.4,0.0,0.0,0.0,8.8
1790496674.632,0.0,0.0,0.0,45.5,0.0,0.0,0.0,0.0,0.0,0.0,0.0,0.0,0.0,0.0,0.0,0.0,0.0,0.0,0.0,0.0,33.3,9.1,0.0,0.0,0.0,0.0,0.0,0.0,0.0,0.0,0.0,0.0,0.0,44.4,0.0,0.0,0.0,0.0,30.0,9.1,0.0,44.4,0.0,0.0,33.3,40.0,100.0,33.3,0.0,20.0,0.0,20.0,40.0,0.0,0.0,0.0,9.0
1790496674.732,0.0,0.0,0.0,10.0,0.0,0.0,0.0,0.0,0.0,0.0,0.0,27.3,0.0,0.0,0.0,0.0,0.0,0.0,0.0,0.0,0.0,0.0,0.0,0.0,0.0,0.0,0.0,0.0,0.0,0.0,22.2,0.0,0.0,45.5,0.0,0.0,0.0,0.0,22.2,0.0,0.0,9.1,0.0,0.0,36.4,20.0,100.0,45.5,0.0,0.0,0.0,30.0,22.2,0.0,0.0,30.0,7.5
1790496674.832,0.0,0.0,0.0,20.0,0.0,0.0,0.0,0.0,0.0,0.0,0.0,22.2,0.0,0.0,0.0,0.0,0.0,0.0,0.0,0.0,0.0,0.0,0.0,9.1,0.0,0.0,0.0,0.0,0.0,0.0,20.0,0.0,0.0,50.0,0.0,0.0,0.0,0.0,20.0,0.0,0.0,0.0,0.0,0.0,11.1,20.0,100.0,40.0,0.0,0.0,0.0,10.0,20.0,0.0,0.0,20.0,6.5
1790496674.932,0.0,0.0,0.0,0.0,0.0,0.0,0.0,0.0,0.0,0.0,0.0,30.0,0.0,0.0,0.0,0.0,0.0,0.0,0.0,0.0,0.0,0.0,0.0,0.0,0.0,0.0,0.0,0.0,0.0,0.0,41.7,0.0,0.0,44.4,0.0,0.0,0.0,0.0,22.2,0.0,0.0,0.0,0.0,0.0,30.0,30.0,100.0,40.0,0.0,0.0,0.0,30.0,33.3,0.0,0.0,40.0,7.9
1790496675.032,0.0,0.0,0.0,10.0,0.0,0.0,0.0,0.0,0.0,0.0,0.0,30.0,0.0,0.0,0.0,0.0,0.0,0.0,0.0,0.0,10.0,0.0,0.0,0.0,0.0,0.0,0.0,0.0,0.0,0.0,22.2,0.0,0.0,40.0,0.0,0.0,0.0,9.1,30.0,0.0,0.0,0.0,0.0,0.0,33.3,33.3,100.0,40.0,0.0,0.0,0.0,30.0,22.2,0.0,0.0,30.0,7.9
1790496675.132,0.0,10.0,0.0,44.4,0.0,0.0,0.0,0.0,0.0,0.0,0.0,30.0,0.0,0.0,0.0,0.0,0.0,0.0,0.0,0.0,10.0,0.0,0.0,0.0,0.0,0.0,0.0,0.0,0.0,0.0,33.3,0.0,0.0,50.0,0.0,0.0,0.0,0.0,30.0,0.0,0.0,0.0,0.0,0.0,30.0,30.0,100.0,30.0,0.0,0.0,0.0,30.0,30.0,0.0,0.0,33.3,8.8
1790496675.233,0.0,0.0,0.0,40.0,0.0,0.0,0.0,0.0,0.0,0.0,0.0,10.0,0.0,0.0,0.0,0.0,0.0,0.0,0.0,0.0,0.0,0.0,0.0,0.0,0.0,0.0,0.0,0.0,0.0,0.0,0.0,0.0,0.0,54.5,0.0,0.0,0.0,0.0,30.0,0.0,0.0,20.0,0.0,0.0,30.0,27.3,100.0,40.0,9.1,0.0,0.0,20.0,50.0,0.0,0.0,20.0,8.1
1790496675.333,0.0,0.0,0.0,0.0,0.0,0.0,0.0,0.0,0.0,0.0,0.0,0.0,0.0,0.0,0.0,0.0,0.0,0.0,0.0,0.0,10.0,0.0,9.1,0.0,0.0,0.0,0.0,0.0,0.0,0.0,0.0,0.0,0.0,40.0,0.0,0.0,0.0,0.0,27.3,0.0,0.0,20.0,0.0,0.0,11.1,20.0,100.0,100.0,20.0,0.0,0.0,30.0,0.0,0.0,0.0,11.1,7.1
1790496675.433,0.0,0.0,0.0,0.0,0.0,0.0,0.0,0.0,0.0,0.0,0.0,0.0,0.0,0.0,0.0,0.0,9.1,0.0,0.0,0.0,0.0,0.0,11.1,18.2,0.0,0.0,0.0,0.0,0.0,0.0,0.0,0.0,0.0,44.4,36.4,0.0,0.0,0.0,36.4,0.0,0.0,22.2,0.0,0.0,41.7,25.0,100.0,100.0,20.0,0.0,10.0,27.3,10.0,9.1,0.0,40.0,10.0
1790496675.533,0.0,0.0,0.0,50.0,0.0,0.0,0.0,0.0,0.0,0.0,0.0,0.0,0.0,0.0,0.0,0.0,0.0,0.0,0.0,0.0,18.2,0.0,10.0,0.0,0.0,0.0,0.0,0.0,0.0,0.0,11.1,0.0,0.0,50.0,40.0,0.0,0.0,0.0,0.0,0.0,0.0,36.4,0.0,0.0,33.3,36.4,100.0,100.0,40.0,0.0,11.1,11.1,11.1,0.0,0.0,22.2,10.4
1790496675.633,0.0,0.0,0.0,9.1,0.0,0.0,0.0,0.0,0.0,0.0,30.0,0.0,0.0,0.0,0.0,0.0,0.0,9.1,0.0,0.0,10.0,0.0,0.0,0.0,0.0,20.0,0.0,0.0,0.0,0.0,30.0,0.0,0.0,45.5,20.0,0.0,0.0,0.0,0.0,0.0,0.0,18.2,0.0,0.0,36.4,22.2,100.0,33.3,18.2,0.0,0.0,20.0,11.1,0.0,0.0,30.0,8.3
1790496675.733,0.0,0.0,0.0,44.4,0.0,0.0,0.0,0.0,0.0,0.0,22.2,0.0,0.0,0.0,0.0,0.0,0.0,0.0,0.0,0.0,0.0,0.0,0.0,0.0,0.0,0.0,0.0,0.0,0.0,0.0,20.0,0.0,0.0,50.0,22.2,0.0,0.0,0.0,0.0,0.0,0.0,0.0,0.0,0.0,22.2,22.2,100.0,36.4,22.2,0.0,0.0,10.0,0.0,0.0,0.0,22.2,7.0
1790496675.833,0.0,0.0,0.0,0.0,0.0,0.0,0.0,0.0,0.0,0.0,27.3,0.0,0.0,0.0,0.0,0.0,0.0,0.0,0.0,0.0,0.0,0.0,0.0,0.0,0.0,0.0,0.0,9.1,0.0,0.0,11.1,0.0,0.0,40.0,20.0,0.0,0.0,0.0,0.0,0.0,0.0,0.0,0.0,0.0,20.0,20.0,100.0,33.3,20.0,0.0,0.0,30.0,10.0,0.0,0.0,27.3,6.6
1790496675.934,0.0,0.0,0.0,9.1,0.0,0.0,0.0,0.0,0.0,0.0,30.0,0.0,0.0,0.0,0.0,0.0,0.0,0.0,0.0,0.0,10.0,0.0,0.0,0.0,0.0,0.0,0.0,0.0,0.0,0.0,30.0,0.0,0.0,50.0,30.0,0.0,0.0,0.0,0.0,0.0,0.0,0.0,0.0,0.0,30.0,36.4,100.0,40.0,11.1,0.0,0.0,30.0,20.0,0.0,0.0,33.3,8.2
1790496676.034,0.0,0.0,0.0,50.0,0.0,0.0,0.0,0.0,0.0,0.0,30.0,0.0,0.0,0.0,0.0,0.0,0.0,0.0,0.0,0.0,9.1,0.0,0.0,0.0,0.0,0.0,0.0,0.0,0.0,0.0,25.0,0.0,0.0,50.0,33.3,0.0,0.0,0.0,0.0,0.0,0.0,0.0,0.0,0.0,40.0,33.3,100.0,36.4,0.0,0.0,0.0,30.0,30.0,0.0,0.0,45.5,9.2
1790496676.134,0.0,9.1,0.0,44.4,0.0,0.0,0.0,0.0,0.0,0.0,30.0,0.0,0.0,0.0,0.0,0.0,0.0,0.0,0.0,0.0,11.1,0.0,0.0,0.0,0.0,0.0,0.0,0.0,0.0,0.0,36.4,0.0,0.0,45.5,30.0,0.0,0.0,0.0,0.0,0.0,0.0,0.0,0.0,0.0,33.3,40.0,100.0,33.3,0.0,0.0,0.0,20.0,40.0,0.0,0.0,40.0,9.2
1790496676.234,30.0,0.0,0.0,9.1,0.0,0.0,0.0,0.0,0.0,0.0,10.0,0.0,0.0,0.0,0.0,0.0,0.0,0.0,0.0,0.0,10.0,0.0,0.0,0.0,0.0,0.0,0.0,0.0,0.0,0.0,11.1,0.0,0.0,44.4,22.2,0.0,0.0,0.0,0.0,0.0,0.0,0.0,0.0,0.0,33.3,27.3,100.0,45.5,10.0,0.0,0.0,20.0,20.0,9.1,0.0,11.1,7.4
1790496676.334,0.0,0.0,0.0,30.0,0.0,0.0,0.0,0.0,0.0,0.0,0.0,0.0,0.0,0.0,0.0,0.0,0.0,0.0,0.0,0.0,0.0,0.0,0.0,0.0,0.0,0.0,0.0,0.0,0.0,0.0,20.0,0.0,0.0,50.0,10.0,0.0,0.0,0.0,20.0,0.0,0.0,0.0,0.0,0.0,20.0,20.0,100.0,40.0,11.1,0.0,0.0,30.0,0.0,0.0,0.0,11.1,6.5
1790496676.434,0.0,0.0,0.0,0.0,0.0,0.0,0.0,0.0,0.0,0.0,0.0,0.0,0.0,0.0,0.0,0.0,0.0,0.0,0.0,0.0,0.0,0.0,0.0,0.0,0.0,0.0,0.0,0.0,0.0,0.0,22.2,0.0,0.0,40.0,30.0,0.0,0.0,0.0,30.0,0.0,0.0,0.0,0.0,0.0,33.3,22.2,100.0,33.3,20.0,0.0,0.0,20.0,11.1,0.0,0.0,40.0,7.2
1790496676.535,0.0,0.0,0.0,22.2,0.0,0.0,0.0,0.0,0.0,0.0,0.0,0.0,0.0,0.0,0.0,0.0,0.0,0.0,0.0,0.0,18.2,0.0,0.0,0.0,0.0,0.0,0.0,0.0,0.0,0.0,27.3,0.0,0.0,50.0,22.2,0.0,0.0,0.0,30.0,0.0,0.0,0.0,0.0,0.0,36.4,22.2,100.0,36.4,0.0,0.0,0.0,20.0,36.4,0.0,0.0,30.0,8.1
1790496676.635,0.0,0.0,0.0,30.0,0.0,0.0,0.0,0.0,0.0,0.0,0.0,0.0,0.0,0.0,0.0,0.0,0.0,0.0,0.0,0.0,0.0,0.0,0.0,0.0,0.0,0.0,0.0,0.0,0.0,0.0,36.4,0.0,0.0,44.4,36.4,0.0,0.0,9.1,30.0,0.0,0.0,0.0,0.0,0.0,33.3,40.0,100.0,40.0,0.0,0.0,0.0,10.0,33.3,0.0,0.0,40.0,8.6
1790496676.735,0.0,0.0,0.0,45.5,0.0,0.0,0.0,0.0,0.0,0.0,0.0,0.0,0.0,0.0,0.0,0.0,0.0,0.0,0.0,0.0,9.1,0.0,0.0,0.0,0.0,0.0,0.0,0.0,0.0,0.0,30.0,0.0,0.0,45.5,12.5,0.0,0.0,0.0,30.0,0.0,0.0,0.0,0.0,0.0,30.0,22.2,100.0,40.0,0.0,0.0,0.0,10.0,22.2,0.0,0.0,30.0,7.6
1790496676.835,0.0,0.0,0.0,0.0,0.0,0.0,0.0,0.0,0.0,0.0,0.0,0.0,0.0,0.0,0.0,0.0,0.0,0.0,0.0,0.0,10.0,0.0,0.0,0.0,0.0,0.0,0.0,0.0,0.0,0.0,20.0,0.0,0.0,50.0,27.3,0.0,0.0,0.0,20.0,0.0,0.0,0.0,0.0,0.0,10.0,20.0,100.0,30.0,0.0,0.0,0.0,20.0,20.0,0.0,0.0,27.3,6.3
1790496676.935,0.0,9.1,0.0,0.0,0.0,0.0,0.0,0.0,0.0,0.0,0.0,0.0,0.0,0.0,0.0,0.0,0.0,0.0,0.0,0.0,0.0,0.0,0.0,0.0,0.0,0.0,0.0,0.0,0.0,0.0,30.0,0.0,0.0,50.0,45.5,0.0,0.0,0.0,22.2,0.0,0.0,0.0,0.0,0.0,33.3,36.4,100.0,40.0,9.1,0.0,0.0,27.3,22.2,0.0,0.0,40.0,8.3
1790496677.035,0.0,0.0,0.0,55.6,0.0,0.0,0.0,0.0,0.0,0.0,0.0,20.0,0.0,0.0,0.0,0.0,0.0,0.0,0.0,0.0,11.1,0.0,0.0,0.0,0.0,0.0,0.0,0.0,0.0,0.0,22.2,0.0,0.0,40.0,0.0,0.0,0.0,0.0,22.2,0.0,0.0,0.0,0.0,0.0,40.0,33.3,100.0,40.0,0.0,0.0,0.0,30.0,40.0,0.0,0.0,36.4,8.8
1790496677.136,0.0,9.1,9.1,40.0,0.0,0.0,0.0,0.0,0.0,0.0,0.0,30.0,0.0,0.0,0.0,0.0,0.0,0.0,0.0,0.0,10.0,0.0,0.0,0.0,0.0,0.0,0.0,0.0,0.0,0.0,36.4,0.0,0.0,50.0,0.0,0.0,0.0,0.0,30.0,0.0,0.0,0.0,0.0,0.0,33.3,30.0,100.0,33.3,0.0,0.0,0.0,20.0,36.4,0.0,0.0,33.3,8.9
1790496677.236,0.0,0.0,0.0,9.1,0.0,0.0,0.0,0.0,0.0,0.0,0.0,0.0,0.0,0.0,0.0,0.0,0.0,0.0,0.0,0.0,10.0,0.0,0.0,0.0,0.0,0.0,0.0,0.0,0.0,0.0,33.3,0.0,0.0,50.0,0.0,0.0,0.0,0.0,20.0,0.0,0.0,0.0,0.0,0.0,27.3,12.5,100.0,40.0,0.0,0.0,0.0,11.1,22.2,0.0,0.0,20.0,6.3
1790496677.336,0.0,0.0,20.0,30.0,0.0,0.0,0.0,0.0,0.0,0.0,0.0,0.0,9.1,9.1,0.0,0.0,0.0,0.0,0.0,0.0,0.0,0.0,0.0,9.1,0.0,0.0,0.0,10.0,0.0,0.0,0.0,0.0,0.0,33.3,10.0,0.0,0.0,10.0,0.0,0.0,0.0,11.1,36.4,9.1,11.1,18.2,100.0,36.4,20.0,0.0,27.3,20.0,20.0,0.0,0.0,0.0,8.0
1790496677.436,0.0,0.0,0.0,0.0,0.0,0.0,0.0,0.0,0.0,0.0,0.0,30.0,0.0,0.0,0.0,0.0,0.0,0.0,0.0,0.0,0.0,9.1,0.0,0.0,0.0,0.0,0.0,0.0,0.0,0.0,0.0,0.0,0.0,50.0,30.0,0.0,0.0,0.0,0.0,0.0,0.0,11.1,0.0,0.0,30.0,40.0,100.0,33.3,30.0,0.0,20.0,10.0,30.0,0.0,0.0,10.0,7.7
1790496677.536,0.0,0.0,0.0,50.0,0.0,0.0,0.0,0.0,0.0,0.0,0.0,22.2,0.0,0.0,0.0,0.0,0.0,0.0,0.0,0.0,10.0,0.0,0.0,0.0,0.0,0.0,0.0,0.0,0.0,0.0,0.0,0.0,0.0,45.5,30.0,9.1,0.0,0.0,0.0,0.0,0.0,40.0,0.0,0.0,40.0,36.4,100.0,40.0,0.0,0.0,0.0,20.0,40.0,0.0,0.0,40.0,9.3
1790496677.636,0.0,0.0,0.0,10.0,0.0,0.0,0.0,0.0,0.0,0.0,0.0,27.3,0.0,0.0,0.0,0.0,0.0,0.0,0.0,0.0,10.0,0.0,0.0,0.0,0.0,0.0,0.0,0.0,0.0,0.0,0.0,0.0,0.0,50.0,30.0,0.0,0.0,0.0,0.0,0.0,0.0,30.0,0.0,0.0,30.0,30.0,100.0,30.0,0.0,0.0,0.0,27.3,30.0,0.0,0.0,30.0,7.8
1790496677.737,0.0,0.0,0.0,40.0,0.0,0.0,0.0,0.0,0.0,9.1,0.0,22.2,0.0,0.0,0.0,0.0,0.0,0.0,0.0,0.0,20.0,0.0,0.0,0.0,0.0,0.0,0.0,0.0,0.0,0.0,0.0,0.0,0.0,44.4,30.0,0.0,0.0,0.0,0.0,0.0,0.0,11.1,0.0,0.0,22.2,12.5,100.0,40.0,0.0,0.0,0.0,22.2,22.2,10.0,0.0,36.4,7.9
1790496677.837,0.0,0.0,0.0,0.0,0.0,0.0,0.0,0.0,0.0,0.0,0.0,30.0,0.0,0.0,0.0,0.0,0.0,0.0,0.0,9.1,0.0,0.0,0.0,0.0,0.0,0.0,0.0,0.0,0.0,0.0,0.0,0.0,0.0,45.5,18.2,0.0,0.0,0.0,9.1,0.0,0.0,20.0,0.0,0.0,27.3,27.3,100.0,40.0,0.0,0.0,0.0,27.3,20.0,0.0,0.0,11.1,6.9
1790496677.937,0.0,0.0,0.0,0.0,0.0,0.0,0.0,0.0,0.0,0.0,0.0,30.0,0.0,0.0,0.0,0.0,0.0,0.0,0.0,0.0,0.0,0.0,0.0,0.0,0.0,0.0,0.0,0.0,0.0,0.0,0.0,0.0,0.0,44.4,25.0,0.0,0.0,0.0,0.0,0.0,0.0,36.4,0.0,0.0,22.2,30.0,100.0,40.0,0.0,0.0,0.0,20.0,22.2,0.0,0.0,36.4,7.3
1790496678.037,0.0,10.0,0.0,60.0,0.0,0.0,0.0,0.0,0.0,0.0,0.0,30.0,0.0,0.0,0.0,0.0,0.0,0.0,0.0,0.0,10.0,0.0,0.0,0.0,0.0,0.0,0.0,0.0,0.0,0.0,0.0,0.0,0.0,54.5,30.0,0.0,0.0,0.0,0.0,0.0,0.0,33.3,0.0,0.0,33.3,40.0,100.0,30.0,0.0,0.0,0.0,30.0,45.5,0.0,0.0,33.3,9.6
1790496678.137,0.0,0.0,0.0,33.3,0.0,0.0,0.0,0.0,0.0,0.0,0.0,27.3,0.0,0.0,0.0,0.0,0.0,0.0,0.0,0.0,10.0,0.0,0.0,0.0,0.0,0.0,0.0,0.0,0.0,0.0,0.0,0.0,0.0,44.4,30.0,0.0,0.0,0.0,0.0,0.0,0.0,22.2,0.0,0.0,36.4,30.0,100.0,40.0,0.0,0.0,0.0,20.0,22.2,0.0,0.0,30.0,8.0
1790496678.237,0.0,0.0,0.0,9.1,0.0,0.0,0.0,0.0,0.0,0.0,0.0,22.2,0.0,0.0,0.0,0.0,0.0,9.1,0.0,0.0,18.2,0.0,0.0,0.0,0.0,0.0,0.0,0.0,0.0,0.0,0.0,0.0,0.0,45.5,22.2,0.0,0.0,0.0,0.0,0.0,0.0,27.3,0.0,0.0,30.0,30.0,100.0,40.0,0.0,0.0,0.0,20.0,36.4,0.0,0.0,22.2,7.7
1790496678.337,0.0,0.0,0.0,0.0,0.0,0.0,0.0,0.0,0.0,0.0,0.0,10.0,0.0,0.0,0.0,0.0,0.0,0.0,0.0,0.0,0.0,0.0,0.0,0.0,0.0,0.0,0.0,0.0,0.0,0.0,18.2,0.0,0.0,44.4,10.0,0.0,0.0,0.0,0.0,0.0,0.0,20.0,0.0,0.0,11.1,20.0,100.0,30.0,11.1,0.0,0.0,20.0,20.0,0.0,0.0,0.0,5.6
1790496678.438,0.0,0.0,0.0,55.6,0.0,0.0,0.0,0.0,0.0,0.0,0.0,20.0,0.0,0.0,0.0,0.0,0.0,0.0,0.0,0.0,10.0,0.0,0.0,0.0,0.0,0.0,0.0,0.0,0.0,0.0,40.0,0.0,0.0,45.5,36.4,0.0,0.0,0.0,0.0,0.0,0.0,10.0,0.0,0.0,36.4,22.2,100.0,40.0,0.0,0.0,0.0,20.0,30.0,0.0,0.0,37.5,9.0
1790496678.538,0.0,0.0,0.0,9.1,0.0,0.0,0.0,0.0,0.0,0.0,0.0,30.0,0.0,0.0,0.0,0.0,0.0,0.0,0.0,0.0,10.0,0.0,0.0,0.0,0.0,0.0,0.0,0.0,0.0,0.0,22.2,0.0,0.0,50.0,33.3,0.0,0.0,0.0,0.0,0.0,0.0,0.0,0.0,0.0,40.0,36.4,100.0,40.0,9.1,0.0,0.0,30.0,33.3,0.0,0.0,30.0,8.5
1790496678.638,0.0,0.0,0.0,40.0,0.0,0.0,0.0,0.0,0.0,0.0,0.0,10.0,0.0,0.0,0.0,0.0,0.0,0.0,0.0,0.0,11.1,0.0,0.0,0.0,0.0,0.0,0.0,0.0,0.0,0.0,27.3,0.0,0.0,44.4,40.0,0.0,0.0,0.0,10.0,10.0,0.0,0.0,0.0,0.0,22.2,22.2,100.0,45.5,0.0,0.0,0.0,22.2,30.0,0.0,0.0,30.0,8.3
1790496678.738,0.0,0.0,0.0,40.0,0.0,0.0,0.0,0.0,0.0,0.0,0.0,0.0,0.0,0.0,9.1,0.0,0.0,0.0,0.0,0.0,9.1,0.0,0.0,0.0,0.0,0.0,0.0,0.0,0.0,0.0,20.0,0.0,0.0,45.5,0.0,0.0,0.0,0.0,0.0,11.1,0.0,0.0,0.0,0.0,30.0,40.0,100.0,33.3,0.0,0.0,0.0,27.3,27.3,0.0,0.0,30.0,7.5
1790496678.838,0.0,0.0,0.0,0.0,0.0,0.0,0.0,0.0,0.0,0.0,0.0,0.0,0.0,0.0,10.0,0.0,0.0,0.0,0.0,0.0,0.0,0.0,0.0,0.0,0.0,0.0,0.0,0.0,0.0,0.0,11.1,0.0,0.0,50.0,0.0,0.0,0.0,0.0,10.0,10.0,0.0,9.1,0.0,0.0,33.3,9.1,100.0,30.0,18.2,0.0,0.0,11.1,11.1,0.0,0.0,11.1,5.8
1790496678.938,0.0,0.0,0.0,0.0,0.0,0.0,0.0,0.0,0.0,0.0,0.0,0.0,0.0,0.0,36.4,36.4,0.0,0.0,0.0,0.0,0.0,0.0,0.0,0.0,0.0,0.0,0.0,0.0,0.0,0.0,37.5,0.0,0.0,44.4,0.0,0.0,0.0,0.0,22.2,0.0,0.0,0.0,0.0,0.0,0.0,0.0,100.0,40.0,0.0,0.0,0.0,27.3,40.0,0.0,0.0,36.4,7.5
1790496679.038,0.0,0.0,0.0,20.0,0.0,0.0,0.0,0.0,0.0,0.0,0.0,0.0,0.0,0.0,25.0,33.3,0.0,0.0,0.0,0.0,20.0,0.0,0.0,0.0,0.0,0.0,0.0,0.0,0.0,0.0,9.1,0.0,0.0,45.5,0.0,0.0,0.0,0.0,20.0,0.0,30.0,40.0,0.0,0.0,0.0,0.0,100.0,40.0,9.1,0.0,0.0,30.0,30.0,0.0,0.0,25.0,8.5
1790496679.139,0.0,0.0,0.0,33.3,0.0,0.0,0.0,0.0,0.0,0.0,0.0,0.0,0.0,0.0,36.4,30.0,0.0,0.0,0.0,0.0,10.0,0.0,0.0,18.2,0.0,0.0,0.0,0.0,0.0,0.0,0.0,0.0,0.0,50.0,0.0,0.0,0.0,0.0,30.0,0.0,22.2,22.2,0.0,0.0,0.0,0.0,100.0,44.4,0.0,0.0,0.0,11.1,30.0,0.0,0.0,36.4,8.5
1790496679.239,0.0,0.0,0.0,45.5,0.0,0.0,0.0,0.0,0.0,0.0,0.0,0.0,0.0,0.0,30.0,36.4,0.0,0.0,0.0,0.0,0.0,0.0,0.0,9.1,0.0,0.0,0.0,0.0,0.0,0.0,0.0,0.0,0.0,50.0,0.0,0.0,0.0,0.0,22.2,0.0,36.4,20.0,0.0,0.0,0.0,0.0,100.0,36.4,0.0,0.0,0.0,20.0,30.0,0.0,0.0,22.2,8.2
1790496679.339,0.0,0.0,0.0,0.0,0.0,0.0,0.0,0.0,0.0,0.0,0.0,0.0,0.0,0.0,11.1,11.1,0.0,0.0,0.0,0.0,10.0,0.0,0.0,0.0,0.0,0.0,0.0,0.0,0.0,0.0,0.0,0.0,0.0,33.3,0.0,0.0,0.0,0.0,10.0,0.0,20.0,20.0,0.0,0.0,0.0,0.0,100.0,45.5,0.0,0.0,0.0,20.0,20.0,0.0,0.0,11.1,5.6
1790496679.439,0.0,0.0,30.0,0.0,0.0,0.0,0.0,0.0,0.0,0.0,9.1,0.0,0.0,0.0,9.1,30.0,0.0,0.0,0.0,0.0,0.0,0.0,0.0,0.0,0.0,0.0,0.0,0.0,0.0,0.0,0.0,0.0,0.0,50.0,0.0,0.0,0.0,0.0,30.0,9.1,10.0,30.0,0.0,0.0,20.0,0.0,100.0,40.0,0.0,0.0,0.0,30.0,36.4,0.0,0.0,36.4,8.4
1790496679.539,0.0,0.0,10.0,55.6,0.0,0.0,0.0,0.0,0.0,0.0,0.0,0.0,0.0,0.0,0.0,45.5,0.0,0.0,0.0,0.0,20.0,0.0,0.0,0.0,0.0,0.0,0.0,0.0,0.0,0.0,0.0,0.0,0.0,50.0,0.0,0.0,0.0,0.0,25.0,0.0,0.0,22.2,0.0,0.0,40.0,11.1,100.0,40.0,0.0,0.0,0.0,10.0,40.0,0.0,0.0,40.0,9.1
1790496679.639,0.0,9.1,0.0,20.0,0.0,0.0,0.0,0.0,0.0,0.0,0.0,0.0,0.0,0.0,0.0,0.0,0.0,0.0,0.0,0.0,10.0,0.0,0.0,0.0,0.0,0.0,0.0,0.0,0.0,0.0,10.0,0.0,0.0,45.5,0.0,0.0,0.0,0.0,36.4,0.0,0.0,30.0,0.0,0.0,30.0,36.4,100.0,33.3,0.0,0.0,0.0,20.0,30.0,0.0,0.0,36.4,8.0
1790496679.740,0.0,0.0,0.0,27.3,0.0,0.0,0.0,0.0,0.0,0.0,0.0,0.0,20.0,0.0,0.0,0.0,0.0,0.0,0.0,0.0,10.0,0.0,0.0,0.0,0.0,0.0,0.0,0.0,0.0,0.0,27.3,0.0,0.0,44.4,0.0,0.0,0.0,0.0,10.0,0.0,0.0,27.3,0.0,0.0,22.2,22.2,100.0,40.0,9.1,0.0,0.0,20.0,20.0,0.0,0.0,30.0,7.7
1790496679.840,0.0,0.0,0.0,0.0,0.0,0.0,0.0,0.0,0.0,0.0,0.0,0.0,0.0,0.0,0.0,0.0,0.0,0.0,0.0,0.0,0.0,0.0,0.0,0.0,0.0,0.0,0.0,0.0,0.0,0.0,11.1,0.0,0.0,45.5,0.0,0.0,0.0,0.0,0.0,0.0,0.0,11.1,0.0,0.0,27.3,18.2,100.0,36.4,10.0,0.0,0.0,20.0,30.0,0.0,0.0,20.0,5.9
1790496679.940,20.0,0.0,0.0,30.0,0.0,0.0,0.0,0.0,0.0,0.0,0.0,0.0,0.0,0.0,0.0,0.0,0.0,0.0,0.0,0.0,20.0,0.0,0.0,0.0,0.0,0.0,0.0,0.0,0.0,0.0,40.0,0.0,0.0,44.4,0.0,0.0,0.0,0.0,0.0,0.0,0.0,36.4,0.0,0.0,30.0,40.0,100.0,40.0,40.0,0.0,0.0,20.0,10.0,0.0,0.0,33.3,9.0
1790496680.040,40.0,0.0,0.0,30.0,0.0,0.0,0.0,0.0,0.0,0.0,0.0,0.0,0.0,0.0,0.0,0.0,0.0,0.0,0.0,0.0,10.0,0.0,0.0,0.0,0.0,0.0,0.0,0.0,0.0,0.0,11.1,0.0,0.0,50.0,0.0,0.0,0.0,0.0,0.0,0.0,0.0,30.0,0.0,0.0,33.3,36.4,100.0,33.3,25.0,0.0,0.0,20.0,0.0,0.0,0.0,36.4,8.1
1790496680.140,0.0,0.0,0.0,44.4,0.0,0.0,0.0,0.0,0.0,0.0,0.0,0.0,0.0,0.0,0.0,0.0,0.0,0.0,0.0,9.1,10.0,0.0,0.0,0.0,0.0,0.0,0.0,0.0,0.0,0.0,30.0,0.0,0.0,40.0,0.0,0.0,0.0,0.0,0.0,0.0,0.0,36.4,0.0,0.0,40.0,40.0,100.0,36.4,30.0,9.1,0.0,20.0,0.0,0.0,0.0,25.0,8.4
1790496680.240,0.0,0.0,0.0,20.0,0.0,0.0,0.0,0.0,0.0,0.0,0.0,0.0,0.0,0.0,0.0,0.0,0.0,0.0,0.0,0.0,0.0,0.0,0.0,0.0,0.0,0.0,0.0,0.0,0.0,0.0,20.0,0.0,0.0,54.5,0.0,0.0,0.0,0.0,0.0,0.0,0.0,37.5,0.0,0.0,10.0,20.0,100.0,33.3,0.0,12.5,0.0,20.0,30.0,9.1,0.0,30.0,7.1
1790496680.340,0.0,10.0,0.0,10.0,0.0,0.0,0.0,0.0,0.0,0.0,0.0,0.0,0.0,0.0,0.0,0.0,0.0,0.0,0.0,0.0,0.0,0.0,0.0,0.0,0.0,0.0,0.0,0.0,0.0,0.0,20.0,0.0,0.0,44.4,0.0,0.0,0.0,0.0,20.0,0.0,20.0,16.7,0.0,0.0,0.0,20.0,100.0,40.0,11.1,20.0,0.0,10.0,0.0,0.0,0.0,20.0,6.5
1790496680.441,10.0,0.0,0.0,0.0,0.0,0.0,0.0,0.0,0.0,0.0,0.0,0.0,0.0,0.0,0.0,0.0,0.0,0.0,0.0,0.0,0.0,27.3,0.0,0.0,0.0,0.0,0.0,0.0,0.0,0.0,30.0,0.0,0.0,40.0,0.0,0.0,0.0,0.0,22.2,0.0,36.4,0.0,0.0,0.0,0.0,33.3,100.0,40.0,11.1,10.0,0.0,30.0,22.2,0.0,0.0,30.0,7.9
1790496680.541,0.0,0.0,0.0,54.5,0.0,0.0,0.0,0.0,0.0,0.0,0.0,0.0,0.0,0.0,0.0,0.0,0.0,0.0,0.0,0.0,10.0,27.3,0.0,0.0,0.0,0.0,0.0,0.0,0.0,0.0,22.2,0.0,0.0,54.5,0.0,0.0,0.0,0.0,45.5,0.0,0.0,11.1,0.0,0.0,0.0,30.0,100.0,36.4,10.0,0.0,0.0,30.0,33.3,0.0,0.0,36.4,9.0
1790496680.641,9.1,0.0,0.0,0.0,0.0,0.0,0.0,0.0,0.0,0.0,0.0,0.0,9.1,0.0,0.0,0.0,0.0,0.0,0.0,0.0,10.0,0.0,0.0,0.0,0.0,0.0,0.0,0.0,0.0,0.0,22.2,0.0,0.0,44.4,0.0,0.0,0.0,0.0,10.0,0.0,10.0,30.0,0.0,0.0,0.0,45.5,100.0,33.3,30.0,9.1,0.0,20.0,12.5,0.0,0.0,33.3,7.7
1790496680.741,0.0,0.0,0.0,40.0,0.0,0.0,0.0,0.0,0.0,0.0,0.0,0.0,30.0,0.0,0.0,0.0,0.0,0.0,0.0,0.0,10.0,0.0,0.0,0.0,0.0,0.0,0.0,0.0,0.0,0.0,36.4,0.0,0.0,45.5,0.0,0.0,0.0,0.0,0.0,0.0,0.0,11.1,0.0,0.0,0.0,30.0,100.0,45.5,10.0,12.5,0.0,20.0,18.2,0.0,0.0,36.4,8.0
1790496680.841,0.0,0.0,0.0,0.0,0.0,0.0,0.0,0.0,0.0,0.0,0.0,0.0,22.2,0.0,0.0,0.0,0.0,0.0,0.0,0.0,0.0,0.0,0.0,9.1,0.0,0.0,0.0,0.0,0.0,0.0,0.0,0.0,0.0,44.4,0.0,0.0,0.0,0.0,0.0,0.0,0.0,11.1,0.0,0.0,0.0,10.0,100.0,33.3,20.0,25.0,0.0,27.3,0.0,0.0,0.0,20.0,5.8
1790496680.941,0.0,9.1,0.0,10.0,0.0,0.0,0.0,0.0,0.0,0.0,0.0,0.0,0.0,0.0,0.0,0.0,0.0,0.0,0.0,0.0,10.0,11.1,0.0,0.0,0.0,0.0,0.0,0.0,0.0,0.0,30.0,0.0,0.0,50.0,0.0,0.0,0.0,0.0,0.0,0.0,0.0,30.0,0.0,0.0,0.0,33.3,100.0,45.5,22.2,25.0,0.0,22.2,0.0,0.0,0.0,36.4,7.8
1790496681.041,0.0,0.0,0.0,50.0,0.0,0.0,0.0,0.0,0.0,0.0,0.0,0.0,0.0,0.0,0.0,0.0,0.0,18.2,0.0,0.0,0.0,40.0,0.0,0.0,0.0,0.0,0.0,0.0,0.0,0.0,40.0,18.2,0.0,45.5,0.0,0.0,0.0,0.0,0.0,0.0,0.0,36.4,0.0,0.0,0.0,0.0,100.0,40.0,40.0,45.5,0.0,20.0,0.0,0.0,0.0,40.0,9.5
1790496681.142,0.0,0.0,0.0,45.5,0.0,0.0,0.0,0.0,0.0,0.0,0.0,0.0,30.0,0.0,0.0,0.0,0.0,0.0,0.0,0.0,18.2,40.0,0.0,0.0,0.0,0.0,0.0,0.0,0.0,0.0,0.0,22.2,0.0,44.4,0.0,0.0,0.0,0.0,0.0,0.0,0.0,25.0,0.0,0.0,0.0,0.0,100.0,33.3,33.3,36.4,0.0,27.3,0.0,0.0,0.0,33.3,8.7
1790496681.242,0.0,0.0,0.0,0.0,0.0,0.0,0.0,0.0,0.0,0.0,0.0,0.0,30.0,0.0,0.0,0.0,0.0,0.0,0.0,0.0,10.0,18.2,0.0,9.1,0.0,0.0,0.0,0.0,0.0,0.0,0.0,33.3,0.0,50.0,0.0,0.0,0.0,0.0,0.0,0.0,0.0,33.3,0.0,0.0,0.0,20.0,100.0,40.0,20.0,22.2,0.0,20.0,10.0,0.0,0.0,30.0,8.0
1790496681.342,0.0,0.0,0.0,22.2,0.0,0.0,0.0,0.0,0.0,0.0,0.0,0.0,20.0,0.0,0.0,0.0,0.0,0.0,0.0,0.0,0.0,0.0,0.0,0.0,0.0,0.0,0.0,0.0,0.0,0.0,0.0,11.1,0.0,45.5,0.0,0.0,0.0,0.0,0.0,0.0,0.0,11.1,0.0,0.0,0.0,10.0,100.0,30.0,0.0,27.3,0.0,30.0,20.0,0.0,0.0,20.0,6.2
1790496681.442,0.0,0.0,0.0,0.0,0.0,0.0,0.0,0.0,0.0,0.0,0.0,0.0,30.0,0.0,0.0,0.0,0.0,0.0,0.0,0.0,0.0,0.0,0.0,0.0,0.0,0.0,0.0,0.0,0.0,0.0,0.0,20.0,0.0,44.4,0.0,0.0,0.0,0.0,0.0,0.0,0.0,22.2,0.0,0.0,0.0,40.0,100.0,40.0,0.0,22.2,0.0,11.1,22.2,0.0,0.0,22.2,6.7
1790496681.542,20.0,0.0,0.0,36.4,0.0,0.0,0.0,0.0,0.0,0.0,0.0,0.0,0.0,0.0,0.0,0.0,0.0,0.0,0.0,0.0,11.1,0.0,0.0,0.0,0.0,0.0,0.0,0.0,0.0,0.0,0.0,30.0,0.0,45.5,0.0,0.0,0.0,0.0,0.0,18.2,0.0,22.2,0.0,0.0,0.0,30.0,100.0,45.5,0.0,36.4,0.0,20.0,33.3,0.0,0.0,36.4,8.7
1790496681.642,33.3,0.0,0.0,11.1,0.0,0.0,0.0,0.0,0.0,0.0,0.0,0.0,0.0,0.0,0.0,0.0,0.0,0.0,0.0,0.0,9.1,0.0,0.0,0.0,0.0,0.0,0.0,0.0,0.0,0.0,0.0,30.0,0.0,50.0,0.0,0.0,0.0,0.0,0.0,0.0,9.1,41.7,0.0,0.0,0.0,30.0,100.0,33.3,0.0,40.0,0.0,10.0,22.2,0.0,0.0,33.3,8.1
1790496681.743,0.0,0.0,0.0,45.5,22.2,0.0,0.0,0.0,0.0,0.0,0.0,0.0,0.0,0.0,0.0,0.0,0.0,0.0,0.0,0.0,11.1,0.0,0.0,0.0,0.0,0.0,0.0,0.0,0.0,0.0,0.0,22.2,0.0,50.0,0.0,0.0,0.0,0.0,0.0,0.0,0.0,22.2,0.0,0.0,0.0,22.2,100.0,40.0,10.0,11.1,0.0,20.0,27.3,0.0,0.0,30.0,7.7
1790496681.843,27.3,0.0,0.0,0.0,0.0,0.0,0.0,0.0,0.0,0.0,0.0,0.0,0.0,0.0,0.0,0.0,0.0,0.0,0.0,0.0,0.0,0.0,0.0,0.0,0.0,0.0,0.0,0.0,0.0,0.0,0.0,0.0,0.0,40.0,0.0,0.0,0.0,0.0,0.0,0.0,0.0,20.0,0.0,0.0,0.0,20.0,100.0,40.0,20.0,10.0,0.0,10.0,0.0,0.0,0.0,20.0,5.5
1790496681.943,22.2,0.0,0.0,11.1,0.0,0.0,0.0,0.0,0.0,0.0,0.0,0.0,0.0,0.0,0.0,0.0,0.0,0.0,0.0,0.0,18.2,0.0,0.0,0.0,0.0,0.0,0.0,0.0,0.0,0.0,0.0,36.4,0.0,50.0,0.0,0.0,0.0,0.0,0.0,0.0,0.0,30.0,0.0,0.0,0.0,30.0,100.0,36.4,30.0,0.0,22.2,30.0,0.0,0.0,0.0,30.0,8.0
1790496682.043,30.0,0.0,0.0,36.4,0.0,0.0,0.0,0.0,0.0,0.0,0.0,0.0,0.0,0.0,0.0,0.0,0.0,0.0,0.0,0.0,0.0,0.0,0.0,0.0,0.0,0.0,0.0,0.0,0.0,0.0,0.0,33.3,0.0,44.4,0.0,0.0,0.0,0.0,0.0,0.0,0.0,22.2,0.0,0.0,0.0,30.0,100.0,40.0,11.1,0.0,45.5,20.0,11.1,0.0,0.0,25.0,8.0
1790496682.143,18.2,0.0,0.0,44.4,0.0,0.0,0.0,0.0,0.0,0.0,0.0,0.0,0.0,0.0,0.0,0.0,0.0,0.0,0.0,0.0,0.0,0.0,0.0,10.0,0.0,0.0,0.0,0.0,0.0,0.0,0.0,22.2,0.0,44.4,0.0,0.0,0.0,0.0,0.0,0.0,0.0,36.4,0.0,0.0,0.0,40.0,100.0,33.3,0.0,27.3,45.5,9.1,33.3,0.0,0.0,40.0,9.0
1790496682.243,12.5,0.0,0.0,9.1,0.0,0.0,0.0,0.0,0.0,0.0,0.0,0.0,0.0,0.0,0.0,0.0,0.0,0.0,0.0,0.0,18.2,0.0,0.0,0.0,0.0,0.0,0.0,0.0,0.0,0.0,0.0,20.0,0.0,45.5,0.0,0.0,0.0,0.0,0.0,0.0,0.0,30.0,0.0,0.0,0.0,30.0,100.0,40.0,9.1,11.1,0.0,11.1,11.1,0.0,0.0,22.2,6.6
1790496682.343,9.1,0.0,0.0,22.2,0.0,0.0,0.0,0.0,0.0,0.0,0.0,0.0,0.0,0.0,0.0,0.0,0.0,0.0,0.0,0.0,0.0,0.0,0.0,0.0,0.0,0.0,0.0,0.0,0.0,0.0,0.0,10.0,0.0,50.0,0.0,0.0,0.0,0.0,0.0,0.0,0.0,10.0,0.0,0.0,0.0,20.0,100.0,40.0,36.4,27.3,0.0,0.0,18.2,0.0,0.0,18.2,6.5
1790496682.444,0.0,0.0,0.0,0.0,0.0,0.0,0.0,0.0,0.0,0.0,0.0,0.0,0.0,0.0,0.0,0.0,0.0,0.0,0.0,0.0,0.0,0.0,0.0,0.0,0.0,0.0,0.0,0.0,0.0,0.0,0.0,36.4,0.0,40.0,0.0,0.0,0.0,0.0,18.2,0.0,0.0,37.5,0.0,0.0,0.0,30.0,100.0,36.4,0.0,11.1,0.0,20.0,33.3,0.0,0.0,33.3,7.1
1790496682.544,0.0,0.0,0.0,45.5,0.0,0.0,0.0,0.0,0.0,0.0,0.0,0.0,0.0,0.0,0.0,0.0,0.0,0.0,0.0,0.0,10.0,0.0,0.0,0.0,0.0,0.0,0.0,0.0,0.0,0.0,0.0,40.0,0.0,54.5,0.0,0.0,0.0,0.0,25.0,0.0,0.0,10.0,0.0,0.0,20.0,44.4,100.0,40.0,20.0,0.0,0.0,30.0,27.3,0.0,0.0,44.4,9.1
1790496682.644,0.0,9.1,0.0,0.0,0.0,0.0,0.0,0.0,0.0,0.0,0.0,0.0,0.0,0.0,0.0,0.0,9.1,0.0,0.0,27.3,10.0,0.0,0.0,0.0,0.0,0.0,0.0,0.0,0.0,0.0,0.0,36.4,0.0,44.4,27.3,0.0,0.0,0.0,36.4,0.0,0.0,0.0,0.0,0.0,33.3,18.2,100.0,10.0,0.0,0.0,0.0,27.3,40.0,0.0,0.0,41.7,8.4
1790496682.744,0.0,0.0,0.0,44.4,0.0,0.0,0.0,0.0,0.0,0.0,0.0,0.0,0.0,0.0,0.0,0.0,0.0,0.0,0.0,0.0,10.0,0.0,0.0,0.0,0.0,0.0,0.0,0.0,0.0,0.0,0.0,30.0,0.0,45.5,0.0,0.0,0.0,0.0,44.4,0.0,0.0,9.1,0.0,0.0,36.4,0.0,100.0,40.0,0.0,0.0,0.0,11.1,22.2,9.1,0.0,22.2,7.6
1790496682.844,0.0,0.0,0.0,0.0,0.0,0.0,0.0,0.0,22.2,0.0,0.0,0.0,0.0,0.0,0.0,0.0,0.0,0.0,0.0,0.0,0.0,0.0,0.0,0.0,0.0,0.0,0.0,0.0,0.0,0.0,0.0,20.0,0.0,50.0,0.0,0.0,0.0,0.0,0.0,0.0,0.0,20.0,0.0,0.0,11.1,0.0,100.0,33.3,27.3,0.0,0.0,20.0,20.0,0.0,0.0,0.0,5.8
1790496682.944,0.0,0.0,0.0,27.3,0.0,0.0,0.0,0.0,30.0,0.0,0.0,0.0,0.0,0.0,0.0,0.0,0.0,0.0,0.0,0.0,10.0,0.0,0.0,0.0,0.0,0.0,0.0,0.0,0.0,0.0,0.0,40.0,0.0,44.4,0.0,0.0,0.0,0.0,0.0,0.0,0.0,33.3,0.0,0.0,40.0,0.0,100.0,40.0,20.0,0.0,0.0,27.3,45.5,0.0,0.0,12.5,8.4
1790496683.045,0.0,0.0,0.0,20.0,0.0,0.0,0.0,0.0,33.3,0.0,0.0,0.0,0.0,0.0,0.0,0.0,0.0,0.0,0.0,0.0,0.0,0.0,0.0,0.0,0.0,0.0,0.0,0.0,0.0,0.0,0.0,22.2,0.0,45.5,0.0,0.0,0.0,0.0,0.0,0.0,0.0,30.0,0.0,0.0,40.0,0.0,70.0,40.0,0.0,0.0,0.0,22.2,33.3,0.0,0.0,40.0,7.1
1790496683.145,0.0,0.0,0.0,44.4,0.0,0.0,0.0,0.0,33.3,0.0,0.0,0.0,0.0,0.0,0.0,0.0,0.0,0.0,0.0,0.0,20.0,10.0,0.0,0.0,0.0,0.0,0.0,0.0,0.0,0.0,0.0,33.3,0.0,50.0,0.0,0.0,0.0,0.0,0.0,0.0,0.0,44.4,0.0,0.0,40.0,0.0,0.0,63.6,9.1,0.0,0.0,27.3,55.6,0.0,0.0,50.0,8.6
1790496683.245,0.0,0.0,0.0,27.3,0.0,0.0,0.0,0.0,0.0,0.0,0.0,0.0,0.0,0.0,50.0,0.0,0.0,0.0,0.0,0.0,9.1,0.0,9.1,0.0,0.0,0.0,0.0,0.0,0.0,0.0,40.0,0.0,0.0,44.4,0.0,0.0,0.0,0.0,41.7,0.0,0.0,0.0,0.0,0.0,11.1,0.0,0.0,77.8,40.0,0.0,0.0,0.0,9.1,10.0,0.0,30.0,7.1
1790496683.345,0.0,0.0,0.0,0.0,0.0,0.0,0.0,0.0,0.0,0.0,0.0,0.0,0.0,0.0,0.0,0.0,0.0,33.3,0.0,0.0,0.0,0.0,0.0,0.0,0.0,0.0,0.0,0.0,0.0,0.0,20.0,0.0,0.0,45.5,0.0,0.0,0.0,0.0,22.2,11.1,0.0,0.0,0.0,0.0,22.2,0.0,0.0,60.0,11.1,0.0,0.0,0.0,0.0,0.0,0.0,22.2,4.4
1790496683.445,0.0,0.0,0.0,0.0,0.0,0.0,0.0,0.0,30.0,0.0,0.0,0.0,0.0,0.0,0.0,0.0,0.0,100.0,0.0,0.0,0.0,0.0,0.0,0.0,0.0,0.0,0.0,0.0,0.0,0.0,25.0,0.0,0.0,50.0,0.0,0.0,0.0,0.0,0.0,33.3,0.0,0.0,0.0,0.0,33.3,0.0,0.0,30.0,50.0,0.0,0.0,0.0,0.0,0.0,0.0,40.0,7.0
1790496683.545,0.0,0.0,0.0,54.5,0.0,0.0,0.0,0.0,0.0,0.0,0.0,0.0,0.0,0.0,11.1,0.0,0.0,40.0,0.0,0.0,10.0,0.0,0.0,0.0,0.0,0.0,0.0,0.0,0.0,0.0,50.0,0.0,18.2,50.0,0.0,9.1,0.0,0.0,0.0,45.5,0.0,0.0,0.0,0.0,50.0,0.0,60.0,45.5,40.0,0.0,0.0,0.0,0.0,0.0,0.0,27.3,9.1
1790496683.645,0.0,0.0,0.0,0.0,0.0,0.0,0.0,0.0,20.0,0.0,0.0,0.0,0.0,0.0,40.0,0.0,0.0,0.0,0.0,0.0,10.0,0.0,0.0,0.0,0.0,0.0,0.0,0.0,0.0,0.0,33.3,0.0,50.0,0.0,0.0,0.0,0.0,0.0,0.0,40.0,0.0,0.0,0.0,0.0,0.0,0.0,100.0,40.0,44.4,0.0,0.0,11.1,0.0,0.0,0.0,11.1,7.1
1790496683.746,0.0,0.0,0.0,36.4,0.0,0.0,0.0,0.0,30.0,0.0,0.0,0.0,0.0,0.0,40.0,0.0,0.0,0.0,0.0,0.0,10.0,0.0,0.0,0.0,0.0,0.0,0.0,0.0,0.0,0.0,40.0,0.0,44.4,0.0,0.0,0.0,0.0,0.0,0.0,30.0,0.0,0.0,0.0,0.0,0.0,0.0,100.0,40.0,40.0,0.0,0.0,18.2,0.0,9.1,0.0,0.0,7.8
1790496683.846,0.0,0.0,0.0,0.0,0.0,0.0,0.0,0.0,0.0,0.0,0.0,0.0,0.0,0.0,11.1,0.0,0.0,0.0,0.0,0.0,0.0,0.0,0.0,0.0,0.0,0.0,0.0,0.0,0.0,0.0,11.1,0.0,45.5,0.0,0.0,0.0,0.0,0.0,0.0,22.2,0.0,10.0,0.0,0.0,0.0,0.0,72.7,44.4,22.2,0.0,0.0,22.2,12.5,0.0,0.0,0.0,4.9
1790496683.946,0.0,0.0,0.0,33.3,0.0,0.0,0.0,0.0,0.0,0.0,0.0,0.0,0.0,0.0,22.2,22.2,0.0,0.0,0.0,0.0,22.2,0.0,0.0,0.0,0.0,0.0,0.0,0.0,0.0,0.0,0.0,0.0,50.0,0.0,0.0,0.0,0.0,0.0,0.0,40.0,0.0,50.0,0.0,0.0,40.0,0.0,100.0,45.5,9.1,0.0,0.0,18.2,54.5,0.0,0.0,0.0,9.1
1790496684.046,30.0,0.0,9.1,20.0,0.0,0.0,0.0,0.0,0.0,0.0,0.0,0.0,0.0,0.0,0.0,0.0,0.0,0.0,0.0,0.0,9.1,0.0,0.0,0.0,0.0,0.0,0.0,0.0,0.0,0.0,0.0,0.0,40.0,0.0,0.0,0.0,0.0,0.0,0.0,40.0,0.0,40.0,0.0,0.0,40.0,0.0,100.0,40.0,0.0,0.0,0.0,11.1,33.3,0.0,0.0,0.0,7.4
1790496684.146,0.0,9.1,0.0,40.0,0.0,0.0,0.0,0.0,27.3,0.0,0.0,0.0,0.0,0.0,0.0,0.0,0.0,0.0,0.0,0.0,11.1,0.0,0.0,10.0,0.0,0.0,0.0,0.0,0.0,0.0,0.0,0.0,44.4,0.0,0.0,0.0,0.0,0.0,0.0,44.4,0.0,44.4,0.0,0.0,44.4,0.0,100.0,40.0,0.0,0.0,0.0,20.0,50.0,0.0,0.0,0.0,8.7
1790496684.246,0.0,0.0,0.0,27.3,0.0,0.0,0.0,0.0,0.0,0.0,0.0,0.0,0.0,0.0,0.0,0.0,0.0,0.0,0.0,0.0,0.0,0.0,0.0,0.0,0.0,0.0,0.0,0.0,0.0,0.0,0.0,0.0,54.5,0.0,0.0,9.1,0.0,0.0,0.0,55.6,11.1,40.0,0.0,0.0,22.2,0.0,100.0,30.0,0.0,0.0,0.0,10.0,18.2,9.1,0.0,0.0,6.9
1790496684.347,0.0,0.0,0.0,10.0,0.0,0.0,0.0,0.0,27.3,0.0,0.0,0.0,0.0,0.0,0.0,0.0,0.0,0.0,0.0,0.0,0.0,0.0,0.0,0.0,0.0,0.0,0.0,0.0,0.0,0.0,0.0,0.0,40.0,0.0,0.0,0.0,0.0,0.0,0.0,9.1,41.7,40.0,0.0,0.0,0.0,0.0,100.0,40.0,0.0,0.0,0.0,18.2,0.0,0.0,0.0,0.0,5.8
1790496684.447,0.0,0.0,0.0,0.0,0.0,0.0,0.0,0.0,0.0,0.0,0.0,0.0,0.0,0.0,0.0,0.0,0.0,20.0,0.0,0.0,0.0,0.0,0.0,0.0,0.0,0.0,0.0,0.0,0.0,0.0,0.0,0.0,44.4,0.0,0.0,0.0,0.0,0.0,0.0,0.0,88.9,0.0,0.0,0.0,0.0,0.0,100.0,30.0,0.0,0.0,0.0,0.0,0.0,0.0,0.0,0.0,5.1
1790496684.547,27.3,0.0,0.0,0.0,0.0,0.0,0.0,0.0,0.0,0.0,0.0,0.0,0.0,0.0,0.0,0.0,0.0,9.1,0.0,0.0,10.0,0.0,0.0,0.0,0.0,0.0,0.0,0.0,0.0,0.0,0.0,0.0,50.0,0.0,0.0,0.0,0.0,0.0,0.0,0.0,100.0,0.0,0.0,0.0,0.0,0.0,100.0,40.0,0.0,0.0,0.0,18.2,0.0,0.0,0.0,0.0,6.3
1790496684.647,0.0,0.0,0.0,40.0,0.0,0.0,0.0,0.0,20.0,0.0,0.0,0.0,0.0,0.0,0.0,0.0,0.0,0.0,0.0,0.0,9.1,0.0,0.0,0.0,0.0,0.0,0.0,0.0,0.0,0.0,0.0,0.0,44.4,0.0,0.0,0.0,0.0,0.0,0.0,0.0,88.9,0.0,0.0,0.0,0.0,0.0,100.0,40.0,0.0,0.0,0.0,20.0,0.0,0.0,0.0,0.0,6.5
1790496684.747,0.0,0.0,0.0,0.0,0.0,0.0,0.0,0.0,30.0,0.0,0.0,0.0,0.0,0.0,33.3,0.0,0.0,0.0,0.0,0.0,0.0,0.0,0.0,0.0,0.0,0.0,0.0,0.0,0.0,0.0,0.0,0.0,50.0,0.0,0.0,0.0,0.0,0.0,0.0,0.0,36.4,0.0,0.0,0.0,0.0,0.0,100.0,30.0,0.0,0.0,0.0,30.0,0.0,0.0,0.0,0.0,5.5
1790496684.847,0.0,0.0,0.0,0.0,0.0,0.0,0.0,0.0,30.0,0.0,0.0,0.0,0.0,0.0,80.0,0.0,0.0,0.0,0.0,0.0,0.0,0.0,0.0,0.0,0.0,0.0,0.0,0.0,0.0,0.0,0.0,0.0,45.5,0.0,0.0,0.0,0.0,0.0,0.0,0.0,0.0,0.0,0.0,0.0,0.0,0.0,100.0,40.0,0.0,0.0,0.0,20.0,0.0,0.0,0.0,0.0,5.6
1790496684.948,0.0,9.1,0.0,45.5,0.0,0.0,0.0,0.0,20.0,0.0,0.0,0.0,0.0,0.0,10.0,10.0,0.0,0.0,0.0,0.0,10.0,0.0,0.0,0.0,0.0,0.0,0.0,0.0,0.0,0.0,0.0,0.0,44.4,0.0,0.0,0.0,0.0,0.0,0.0,0.0,0.0,0.0,0.0,0.0,0.0,0.0,100.0,40.0,0.0,0.0,0.0,11.1,0.0,0.0,0.0,0.0,5.4
1790496685.048,0.0,0.0,0.0,0.0,0.0,0.0,0.0,0.0,0.0,0.0,0.0,0.0,0.0,0.0,0.0,20.0,0.0,0.0,0.0,0.0,0.0,0.0,0.0,0.0,0.0,0.0,9.1,0.0,0.0,0.0,0.0,0.0,45.5,0.0,0.0,0.0,0.0,27.3,0.0,0.0,0.0,0.0,0.0,0.0,0.0,0.0,100.0,40.0,0.0,0.0,0.0,18.2,0.0,0.0,0.0,0.0,4.6
1790496685.148,0.0,0.0,0.0,0.0,0.0,0.0,0.0,0.0,27.3,0.0,0.0,0.0,0.0,0.0,0.0,10.0,0.0,0.0,0.0,0.0,0.0,0.0,0.0,9.1,0.0,0.0,0.0,0.0,0.0,0.0,0.0,0.0,44.4,0.0,0.0,0.0,0.0,0.0,0.0,0.0,0.0,0.0,0.0,0.0,0.0,0.0,100.0,36.4,0.0,0.0,0.0,11.1,0.0,0.0,0.0,0.0,4.3
1790496685.248,0.0,0.0,0.0,0.0,0.0,0.0,0.0,0.0,11.1,0.0,0.0,0.0,0.0,0.0,0.0,10.0,0.0,0.0,0.0,0.0,0.0,0.0,0.0,0.0,0.0,0.0,0.0,0.0,0.0,0.0,0.0,0.0,50.0,0.0,0.0,0.0,0.0,0.0,0.0,0.0,0.0,0.0,0.0,0.0,0.0,0.0,100.0,22.2,0.0,0.0,0.0,18.2,0.0,0.0,0.0,0.0,3.8
1790496685.348,0.0,0.0,0.0,0.0,0.0,0.0,0.0,0.0,27.3,0.0,0.0,0.0,0.0,0.0,0.0,20.0,9.1,0.0,0.0,0.0,0.0,0.0,0.0,0.0,0.0,10.0,0.0,0.0,0.0,0.0,0.0,0.0,40.0,0.0,0.0,0.0,0.0,0.0,0.0,0.0,0.0,0.0,0.0,0.0,0.0,0.0,100.0,45.5,0.0,0.0,0.0,10.0,0.0,0.0,0.0,0.0,4.7
1790496685.448,0.0,0.0,0.0,0.0,0.0,0.0,0.0,0.0,20.0,0.0,0.0,0.0,0.0,0.0,0.0,10.0,0.0,0.0,0.0,0.0,0.0,0.0,0.0,0.0,0.0,0.0,0.0,0.0,0.0,0.0,0.0,0.0,50.0,0.0,0.0,0.0,0.0,0.0,0.0,0.0,0.0,0.0,0.0,0.0,0.0,0.0,100.0,33.3,0.0,0.0,0.0,0.0,0.0,0.0,0.0,0.0,3.8
1790496685.548,0.0,0.0,0.0,0.0,0.0,0.0,0.0,0.0,20.0,0.0,0.0,0.0,0.0,0.0,0.0,18.2,0.0,0.0,0.0,0.0,0.0,0.0,0.0,0.0,0.0,0.0,0.0,0.0,0.0,0.0,0.0,0.0,40.0,0.0,0.0,0.0,0.0,0.0,0.0,0.0,0.0,0.0,0.0,0.0,0.0,0.0,100.0,40.0,0.0,0.0,0.0,10.0,0.0,0.0,0.0,0.0,4.1
1790496685.649,0.0,0.0,0.0,0.0,0.0,0.0,0.0,0.0,22.2,0.0,0.0,0.0,0.0,0.0,0.0,11.1,0.0,0.0,0.0,0.0,0.0,0.0,0.0,0.0,0.0,0.0,0.0,0.0,0.0,0.0,0.0,0.0,50.0,0.0,0.0,9.1,0.0,0.0,0.0,0.0,0.0,0.0,0.0,0.0,0.0,0.0,100.0,30.0,0.0,0.0,0.0,20.0,0.0,0.0,0.0,0.0,4.3
1790496685.749,0.0,0.0,0.0,0.0,0.0,0.0,0.0,0.0,20.0,0.0,0.0,0.0,0.0,0.0,0.0,54.5,0.0,0.0,0.0,0.0,0.0,0.0,0.0,0.0,0.0,0.0,0.0,0.0,0.0,0.0,0.0,0.0,50.0,0.0,0.0,0.0,0.0,0.0,0.0,0.0,0.0,0.0,0.0,0.0,0.0,0.0,100.0,40.0,0.0,0.0,0.0,20.0,0.0,0.0,0.0,0.0,5.1
1790496685.849,0.0,0.0,0.0,0.0,0.0,0.0,0.0,0.0,20.0,0.0,0.0,0.0,0.0,0.0,0.0,50.0,0.0,0.0,0.0,0.0,0.0,0.0,0.0,0.0,0.0,0.0,0.0,0.0,0.0,0.0,0.0,0.0,45.5,0.0,0.0,0.0,0.0,0.0,0.0,0.0,0.0,0.0,0.0,0.0,0.0,0.0,100.0,30.0,0.0,0.0,0.0,30.0,0.0,0.0,0.0,0.0,4.9
1790496685.949,0.0,0.0,0.0,0.0,0.0,0.0,0.0,0.0,30.0,0.0,0.0,0.0,0.0,0.0,0.0,10.0,0.0,0.0,0.0,0.0,0.0,0.0,0.0,0.0,0.0,0.0,0.0,0.0,0.0,0.0,0.0,0.0,44.4,0.0,0.0,0.0,0.0,0.0,0.0,0.0,0.0,0.0,0.0,0.0,0.0,0.0,100.0,33.3,0.0,0.0,0.0,20.0,0.0,0.0,0.0,0.0,4.2
1790496686.049,0.0,10.0,0.0,0.0,0.0,0.0,0.0,0.0,27.3,0.0,0.0,0.0,0.0,0.0,0.0,18.2,0.0,0.0,0.0,0.0,0.0,0.0,0.0,0.0,0.0,0.0,0.0,0.0,0.0,0.0,0.0,0.0,40.0,0.0,0.0,0.0,0.0,0.0,0.0,0.0,0.0,0.0,0.0,0.0,0.0,0.0,100.0,36.4,0.0,0.0,0.0,30.0,0.0,0.0,0.0,0.0,4.7
1790496686.149,0.0,0.0,0.0,0.0,0.0,0.0,0.0,0.0,20.0,0.0,0.0,0.0,0.0,0.0,0.0,11.1,0.0,0.0,0.0,0.0,0.0,0.0,0.0,9.1,0.0,0.0,0.0,0.0,0.0,0.0,0.0,0.0,50.0,0.0,0.0,0.0,0.0,0.0,0.0,0.0,0.0,0.0,0.0,0.0,0.0,0.0,100.0,30.0,0.0,0.0,0.0,20.0,0.0,0.0,0.0,0.0,4.3
1790496686.249,0.0,0.0,0.0,0.0,0.0,0.0,0.0,0.0,30.0,0.0,0.0,0.0,0.0,0.0,0.0,18.2,0.0,0.0,0.0,0.0,0.0,0.0,0.0,0.0,0.0,0.0,0.0,0.0,0.0,0.0,0.0,0.0,44.4,0.0,0.0,0.0,0.0,0.0,0.0,0.0,0.0,0.0,0.0,0.0,0.0,0.0,100.0,30.0,0.0,0.0,0.0,20.0,0.0,0.0,0.0,0.0,4.3
1790496686.350,0.0,0.0,0.0,0.0,0.0,0.0,0.0,0.0,20.0,0.0,0.0,0.0,0.0,0.0,0.0,36.4,0.0,0.0,0.0,0.0,0.0,0.0,0.0,0.0,0.0,0.0,0.0,0.0,0.0,0.0,0.0,0.0,45.5,0.0,0.0,0.0,0.0,0.0,0.0,0.0,0.0,0.0,0.0,0.0,0.0,0.0,100.0,40.0,0.0,0.0,0.0,22.2,0.0,0.0,0.0,0.0,4.7
1790496686.450,0.0,0.0,0.0,0.0,0.0,0.0,0.0,0.0,30.0,0.0,0.0,0.0,0.0,0.0,0.0,11.1,0.0,0.0,0.0,0.0,0.0,0.0,0.0,0.0,0.0,0.0,0.0,0.0,0.0,0.0,0.0,0.0,50.0,0.0,0.0,0.0,0.0,0.0,0.0,0.0,0.0,0.0,0.0,0.0,0.0,0.0,100.0,30.0,0.0,0.0,0.0,20.0,0.0,0.0,0.0,0.0,4.3
1790496686.550,0.0,0.0,0.0,0.0,0.0,0.0,0.0,0.0,20.0,0.0,0.0,0.0,0.0,0.0,0.0,18.2,0.0,0.0,0.0,0.0,0.0,0.0,0.0,0.0,0.0,0.0,0.0,0.0,0.0,0.0,0.0,0.0,44.4,0.0,0.0,0.0,0.0,0.0,0.0,0.0,0.0,0.0,0.0,0.0,0.0,0.0,100.0,33.3,0.0,0.0,0.0,10.0,0.0,0.0,0.0,0.0,4.0
1790496686.650,0.0,0.0,0.0,0.0,0.0,0.0,0.0,0.0,11.1,0.0,0.0,0.0,0.0,0.0,0.0,11.1,0.0,0.0,0.0,0.0,0.0,0.0,0.0,0.0,0.0,0.0,0.0,0.0,0.0,0.0,0.0,0.0,45.5,0.0,0.0,0.0,0.0,0.0,0.0,0.0,0.0,0.0,0.0,0.0,0.0,0.0,100.0,36.4,0.0,0.0,0.0,30.0,0.0,0.0,0.0,0.0,4.2
1790496686.750,0.0,0.0,0.0,0.0,0.0,0.0,0.0,0.0,9.1,0.0,0.0,0.0,0.0,0.0,0.0,18.2,0.0,0.0,0.0,0.0,0.0,0.0,0.0,0.0,0.0,0.0,0.0,0.0,0.0,0.0,0.0,0.0,44.4,0.0,0.0,0.0,0.0,0.0,27.3,0.0,0.0,0.0,0.0,0.0,0.0,0.0,100.0,30.0,0.0,0.0,0.0,20.0,0.0,0.0,0.0,0.0,4.4
1790496686.850,0.0,0.0,0.0,0.0,0.0,0.0,0.0,0.0,22.2,0.0,0.0,0.0,0.0,0.0,0.0,22.2,0.0,0.0,0.0,0.0,0.0,0.0,0.0,0.0,0.0,0.0,0.0,0.0,0.0,0.0,0.0,0.0,45.5,0.0,0.0,0.0,0.0,0.0,0.0,0.0,0.0,0.0,0.0,0.0,0.0,0.0,100.0,40.0,0.0,0.0,0.0,30.0,0.0,0.0,0.0,0.0,4.6
1790496686.950,0.0,0.0,0.0,0.0,0.0,0.0,0.0,0.0,20.0,0.0,0.0,0.0,0.0,0.0,0.0,18.2,0.0,0.0,0.0,0.0,0.0,0.0,0.0,0.0,0.0,0.0,0.0,0.0,0.0,0.0,0.0,0.0,50.0,0.0,0.0,0.0,0.0,0.0,0.0,0.0,0.0,0.0,0.0,0.0,0.0,0.0,100.0,30.0,0.0,0.0,0.0,18.2,0.0,0.0,0.0,0.0,4.2
1790496687.051,0.0,0.0,0.0,0.0,0.0,0.0,0.0,0.0,20.0,0.0,0.0,0.0,0.0,0.0,0.0,11.1,0.0,0.0,0.0,0.0,0.0,0.0,0.0,0.0,0.0,0.0,0.0,0.0,0.0,0.0,0.0,0.0,44.4,0.0,0.0,0.0,0.0,0.0,0.0,0.0,0.0,0.0,0.0,0.0,0.0,0.0,100.0,30.0,0.0,0.0,0.0,20.0,0.0,0.0,0.0,0.0,4.0
1790496687.151,0.0,0.0,0.0,0.0,0.0,0.0,0.0,0.0,30.0,0.0,0.0,0.0,0.0,0.0,0.0,10.0,0.0,0.0,0.0,0.0,0.0,0.0,0.0,0.0,0.0,0.0,0.0,0.0,0.0,0.0,0.0,0.0,50.0,0.0,0.0,0.0,0.0,0.0,0.0,0.0,0.0,0.0,0.0,0.0,0.0,0.0,100.0,40.0,0.0,0.0,0.0,10.0,0.0,9.1,0.0,0.0,4.4
1790496687.251,0.0,0.0,0.0,0.0,0.0,0.0,0.0,0.0,27.3,0.0,0.0,0.0,0.0,0.0,0.0,18.2,0.0,0.0,0.0,0.0,0.0,0.0,0.0,0.0,0.0,0.0,0.0,0.0,0.0,0.0,0.0,0.0,44.4,0.0,0.0,0.0,0.0,0.0,0.0,0.0,0.0,0.0,0.0,0.0,0.0,0.0,100.0,30.0,0.0,0.0,0.0,20.0,0.0,0.0,0.0,0.0,4.3
1790496687.351,0.0,0.0,0.0,0.0,0.0,0.0,0.0,0.0,20.0,0.0,0.0,0.0,0.0,0.0,0.0,11.1,0.0,0.0,0.0,0.0,0.0,0.0,0.0,0.0,0.0,0.0,0.0,0.0,0.0,0.0,0.0,0.0,44.4,0.0,0.0,0.0,0.0,0.0,0.0,0.0,0.0,0.0,0.0,0.0,0.0,0.0,100.0,30.0,0.0,0.0,0.0,22.2,0.0,0.0,0.0,0.0,4.1
1790496687.451,0.0,0.0,0.0,30.0,0.0,0.0,0.0,0.0,22.2,0.0,0.0,0.0,0.0,0.0,0.0,30.0,0.0,0.0,0.0,0.0,10.0,0.0,0.0,0.0,0.0,0.0,0.0,0.0,0.0,0.0,0.0,0.0,45.5,0.0,0.0,9.1,0.0,0.0,0.0,0.0,0.0,0.0,0.0,0.0,0.0,0.0,100.0,33.3,0.0,0.0,0.0,20.0,0.0,0.0,0.0,0.0,5.4
1790496687.551,0.0,0.0,0.0,20.0,0.0,0.0,0.0,0.0,27.3,0.0,0.0,0.0,0.0,0.0,0.0,10.0,0.0,0.0,0.0,0.0,0.0,0.0,0.0,0.0,0.0,0.0,0.0,0.0,0.0,0.0,0.0,0.0,50.0,0.0,0.0,0.0,0.0,0.0,0.0,0.0,0.0,0.0,0.0,0.0,0.0,0.0,100.0,36.4,9.1,0.0,0.0,27.3,0.0,0.0,0.0,0.0,5.0
1790496687.651,0.0,0.0,0.0,0.0,0.0,0.0,0.0,0.0,12.5,0.0,0.0,0.0,0.0,0.0,0.0,18.2,0.0,0.0,0.0,0.0,0.0,0.0,0.0,0.0,0.0,0.0,0.0,0.0,0.0,0.0,0.0,0.0,44.4,0.0,0.0,0.0,0.0,0.0,0.0,0.0,0.0,0.0,0.0,0.0,0.0,0.0,100.0,33.3,0.0,0.0,0.0,20.0,0.0,0.0,0.0,0.0,4.1
1790496687.752,0.0,0.0,0.0,0.0,0.0,0.0,0.0,0.0,27.3,0.0,0.0,0.0,0.0,0.0,0.0,11.1,0.0,0.0,0.0,0.0,0.0,0.0,0.0,9.1,0.0,0.0,0.0,0.0,0.0,0.0,0.0,0.0,45.5,0.0,0.0,0.0,0.0,0.0,0.0,0.0,0.0,0.0,0.0,0.0,0.0,0.0,100.0,36.4,0.0,0.0,0.0,30.0,9.1,0.0,0.0,0.0,4.8
1790496687.852,0.0,0.0,0.0,0.0,0.0,0.0,0.0,0.0,20.0,0.0,0.0,0.0,0.0,0.0,0.0,10.0,0.0,0.0,0.0,0.0,0.0,0.0,0.0,0.0,0.0,0.0,0.0,0.0,0.0,0.0,0.0,0.0,44.4,0.0,0.0,0.0,0.0,0.0,0.0,0.0,0.0,0.0,0.0,0.0,0.0,0.0,100.0,40.0,0.0,0.0,0.0,20.0,0.0,0.0,0.0,0.0,4.2
1790496687.952,0.0,0.0,0.0,0.0,0.0,0.0,0.0,0.0,20.0,0.0,0.0,0.0,0.0,0.0,0.0,30.0,0.0,0.0,0.0,0.0,0.0,0.0,0.0,0.0,0.0,0.0,0.0,0.0,0.0,0.0,0.0,0.0,45.5,0.0,0.0,0.0,0.0,0.0,0.0,0.0,0.0,0.0,0.0,0.0,0.0,0.0,100.0,30.0,0.0,0.0,0.0,10.0,0.0,0.0,0.0,0.0,4.2
1790496688.052,0.0,9.1,0.0,0.0,0.0,0.0,0.0,0.0,22.2,0.0,0.0,0.0,0.0,0.0,0.0,10.0,0.0,0.0,0.0,0.0,0.0,0.0,0.0,0.0,0.0,0.0,0.0,0.0,0.0,0.0,0.0,0.0,44.4,0.0,0.0,0.0,0.0,0.0,0.0,0.0,0.0,0.0,0.0,0.0,0.0,0.0,100.0,40.0,0.0,0.0,0.0,27.3,0.0,0.0,0.0,0.0,4.5
1790496688.152,0.0,0.0,0.0,0.0,0.0,0.0,0.0,0.0,27.3,0.0,0.0,0.0,0.0,0.0,0.0,9.1,0.0,0.0,0.0,0.0,0.0,0.0,0.0,0.0,0.0,0.0,0.0,0.0,0.0,0.0,0.0,0.0,40.0,0.0,0.0,0.0,0.0,0.0,0.0,0.0,0.0,0.0,0.0,0.0,0.0,0.0,100.0,30.0,0.0,0.0,0.0,22.2,0.0,0.0,0.0,0.0,4.1
1790496688.252,0.0,0.0,0.0,0.0,0.0,0.0,0.0,0.0,20.0,0.0,0.0,0.0,0.0,0.0,0.0,10.0,0.0,0.0,0.0,0.0,0.0,0.0,0.0,0.0,0.0,0.0,0.0,0.0,0.0,0.0,0.0,0.0,36.4,0.0,0.0,0.0,0.0,0.0,0.0,0.0,0.0,0.0,0.0,0.0,0.0,0.0,100.0,33.3,0.0,0.0,0.0,20.0,0.0,9.1,0.0,0.0,4.1
1790496688.352,0.0,0.0,0.0,0.0,0.0,0.0,0.0,0.0,27.3,0.0,0.0,0.0,0.0,0.0,0.0,0.0,0.0,0.0,0.0,0.0,0.0,0.0,0.0,0.0,0.0,0.0,0.0,0.0,0.0,0.0,0.0,0.0,40.0,0.0,0.0,0.0,0.0,0.0,0.0,0.0,0.0,0.0,0.0,0.0,0.0,0.0,100.0,30.0,0.0,0.0,0.0,20.0,0.0,0.0,0.0,0.0,3.9
1790496688.453,0.0,0.0,0.0,0.0,0.0,0.0,0.0,0.0,22.2,0.0,0.0,0.0,0.0,0.0,0.0,10.0,0.0,0.0,0.0,0.0,0.0,0.0,0.0,0.0,0.0,0.0,0.0,0.0,0.0,0.0,0.0,0.0,50.0,0.0,0.0,0.0,0.0,0.0,0.0,0.0,0.0,0.0,0.0,0.0,0.0,0.0,100.0,36.4,0.0,0.0,0.0,30.0,0.0,0.0,0.0,0.0,4.4
1790496688.553,0.0,0.0,0.0,0.0,0.0,0.0,0.0,0.0,20.0,0.0,0.0,0.0,0.0,0.0,0.0,18.2,0.0,0.0,0.0,0.0,0.0,0.0,0.0,0.0,0.0,0.0,0.0,0.0,0.0,0.0,0.0,0.0,44.4,0.0,0.0,0.0,0.0,0.0,0.0,0.0,0.0,0.0,0.0,0.0,0.0,0.0,100.0,30.0,0.0,0.0,0.0,20.0,0.0,0.0,0.0,0.0,4.2
1790496688.653,0.0,0.0,0.0,0.0,0.0,0.0,0.0,0.0,27.3,0.0,0.0,0.0,0.0,0.0,0.0,22.2,0.0,0.0,0.0,0.0,0.0,0.0,0.0,0.0,0.0,0.0,0.0,0.0,0.0,0.0,0.0,0.0,50.0,0.0,0.0,0.0,0.0,0.0,0.0,0.0,0.0,0.0,0.0,0.0,0.0,0.0,100.0,40.0,0.0,0.0,0.0,27.3,0.0,0.0,0.0,0.0,4.8
1790496688.753,0.0,0.0,0.0,0.0,0.0,0.0,0.0,0.0,22.2,0.0,0.0,0.0,0.0,0.0,0.0,18.2,0.0,0.0,0.0,0.0,0.0,0.0,0.0,0.0,0.0,0.0,0.0,0.0,0.0,0.0,0.0,0.0,44.4,0.0,0.0,0.0,0.0,0.0,0.0,0.0,0.0,0.0,0.0,0.0,0.0,0.0,100.0,30.0,0.0,0.0,0.0,11.1,0.0,0.0,0.0,0.0,4.0
1790496688.853,0.0,0.0,0.0,0.0,0.0,0.0,0.0,0.0,20.0,0.0,0.0,0.0,0.0,0.0,0.0,11.1,0.0,0.0,0.0,0.0,0.0,0.0,0.0,0.0,0.0,0.0,0.0,0.0,0.0,0.0,0.0,0.0,50.0,0.0,0.0,0.0,0.0,0.0,0.0,0.0,0.0,0.0,0.0,0.0,0.0,0.0,100.0,50.0,0.0,0.0,0.0,27.3,0.0,0.0,0.0,0.0,4.6
1790496688.953,0.0,0.0,0.0,0.0,0.0,0.0,0.0,0.0,20.0,0.0,0.0,0.0,0.0,0.0,0.0,0.0,0.0,0.0,0.0,0.0,0.0,0.0,0.0,0.0,0.0,0.0,0.0,0.0,0.0,0.0,0.0,0.0,45.5,0.0,0.0,0.0,0.0,0.0,0.0,0.0,0.0,0.0,0.0,0.0,0.0,0.0,100.0,30.0,0.0,0.0,0.0,20.0,0.0,0.0,0.0,0.0,3.8
1790496689.053,0.0,9.1,0.0,0.0,0.0,0.0,0.0,0.0,20.0,0.0,0.0,0.0,0.0,0.0,0.0,10.0,0.0,0.0,0.0,0.0,0.0,0.0,9.1,0.0,0.0,0.0,0.0,0.0,0.0,0.0,0.0,0.0,44.4,0.0,0.0,0.0,0.0,0.0,0.0,0.0,0.0,0.0,0.0,0.0,0.0,0.0,100.0,40.0,0.0,0.0,0.0,22.2,0.0,0.0,0.0,0.0,4.6
1790496689.154,0.0,0.0,0.0,0.0,0.0,0.0,0.0,0.0,27.3,0.0,0.0,0.0,0.0,0.0,0.0,10.0,0.0,0.0,0.0,0.0,0.0,0.0,0.0,9.1,0.0,0.0,0.0,0.0,0.0,0.0,0.0,0.0,50.0,0.0,0.0,0.0,0.0,0.0,0.0,0.0,0.0,0.0,0.0,0.0,0.0,0.0,100.0,30.0,0.0,0.0,0.0,30.0,0.0,0.0,0.0,0.0,4.6
1790496689.254,0.0,0.0,0.0,0.0,0.0,0.0,0.0,0.0,22.2,0.0,0.0,0.0,0.0,0.0,0.0,10.0,0.0,0.0,0.0,9.1,0.0,0.0,0.0,0.0,0.0,0.0,0.0,0.0,0.0,0.0,0.0,0.0,45.5,0.0,0.0,0.0,0.0,0.0,0.0,0.0,0.0,0.0,0.0,0.0,0.0,0.0,100.0,30.0,0.0,0.0,0.0,27.3,0.0,0.0,0.0,0.0,4.4
1790496689.354,0.0,0.0,0.0,0.0,0.0,0.0,0.0,0.0,20.0,0.0,0.0,0.0,0.0,0.0,0.0,20.0,0.0,0.0,0.0,0.0,0.0,0.0,0.0,0.0,0.0,0.0,0.0,0.0,0.0,0.0,0.0,0.0,44.4,0.0,0.0,0.0,0.0,0.0,0.0,0.0,0.0,0.0,0.0,0.0,0.0,0.0,100.0,36.4,0.0,0.0,0.0,22.2,0.0,0.0,0.0,0.0,4.3
1790496689.454,0.0,0.0,0.0,0.0,0.0,0.0,0.0,0.0,22.2,0.0,0.0,0.0,0.0,0.0,0.0,20.0,0.0,0.0,0.0,0.0,0.0,0.0,0.0,0.0,0.0,0.0,0.0,0.0,0.0,0.0,0.0,0.0,50.0,0.0,0.0,0.0,0.0,0.0,0.0,0.0,0.0,0.0,0.0,0.0,0.0,0.0,100.0,33.3,0.0,0.0,0.0,18.2,0.0,0.0,0.0,0.0,4.4
1790496689.554,0.0,0.0,0.0,0.0,0.0,9.1,0.0,0.0,27.3,0.0,0.0,0.0,0.0,0.0,0.0,10.0,0.0,0.0,0.0,0.0,0.0,0.0,0.0,0.0,0.0,0.0,0.0,0.0,0.0,0.0,0.0,0.0,40.0,0.0,0.0,0.0,0.0,0.0,0.0,0.0,0.0,0.0,0.0,0.0,0.0,0.0,100.0,36.4,0.0,0.0,0.0,11.1,0.0,0.0,0.0,0.0,4.2
1790496689.654,0.0,9.1,0.0,0.0,0.0,0.0,0.0,0.0,20.0,0.0,0.0,0.0,0.0,0.0,0.0,20.0,0.0,0.0,0.0,0.0,0.0,0.0,0.0,0.0,0.0,0.0,0.0,9.1,0.0,0.0,0.0,0.0,50.0,0.0,0.0,9.1,0.0,0.0,0.0,0.0,0.0,0.0,0.0,0.0,0.0,0.0,100.0,33.3,0.0,0.0,0.0,20.0,0.0,0.0,0.0,0.0,4.8
1790496689.754,0.0,0.0,0.0,0.0,0.0,0.0,0.0,0.0,30.0,0.0,0.0,0.0,0.0,0.0,0.0,10.0,0.0,0.0,0.0,0.0,0.0,0.0,0.0,0.0,0.0,0.0,0.0,0.0,0.0,0.0,0.0,0.0,40.0,0.0,0.0,0.0,0.0,0.0,0.0,0.0,0.0,0.0,0.0,0.0,0.0,0.0,100.0,30.0,0.0,0.0,0.0,30.0,0.0,0.0,0.0,0.0,4.3
1790496689.855,0.0,0.0,0.0,0.0,0.0,0.0,0.0,0.0,0.0,0.0,0.0,0.0,0.0,0.0,0.0,18.2,0.0,0.0,22.2,0.0,0.0,0.0,0.0,0.0,0.0,0.0,0.0,20.0,0.0,0.0,0.0,0.0,50.0,0.0,0.0,0.0,0.0,0.0,0.0,0.0,0.0,0.0,0.0,0.0,0.0,0.0,77.8,36.4,0.0,0.0,0.0,27.3,0.0,0.0,0.0,0.0,4.5
1790496689.955,27.3,0.0,0.0,20.0,0.0,0.0,0.0,0.0,0.0,0.0,0.0,0.0,0.0,0.0,0.0,22.2,0.0,0.0,100.0,0.0,20.0,0.0,0.0,0.0,0.0,0.0,0.0,0.0,0.0,0.0,0.0,0.0,50.0,0.0,0.0,0.0,0.0,0.0,0.0,0.0,0.0,0.0,0.0,0.0,0.0,0.0,0.0,33.3,0.0,0.0,0.0,20.0,0.0,0.0,0.0,0.0,5.2
1790496690.055,0.0,0.0,0.0,20.0,0.0,0.0,0.0,0.0,20.0,0.0,0.0,0.0,0.0,0.0,0.0,10.0,0.0,0.0,100.0,0.0,0.0,0.0,0.0,0.0,0.0,0.0,0.0,0.0,0.0,0.0,0.0,0.0,40.0,0.0,0.0,0.0,0.0,0.0,0.0,0.0,0.0,0.0,0.0,0.0,0.0,0.0,0.0,30.0,0.0,0.0,0.0,20.0,0.0,0.0,0.0,0.0,4.3
1790496690.155,0.0,0.0,0.0,0.0,0.0,0.0,0.0,0.0,22.2,0.0,0.0,0.0,0.0,0.0,0.0,20.0,0.0,0.0,100.0,0.0,0.0,0.0,0.0,0.0,0.0,0.0,0.0,0.0,0.0,0.0,0.0,0.0,50.0,0.0,0.0,0.0,0.0,0.0,0.0,0.0,0.0,0.0,0.0,0.0,0.0,0.0,0.0,40.0,9.1,0.0,0.0,20.0,0.0,0.0,0.0,0.0,4.7
1790496690.255,0.0,0.0,0.0,0.0,0.0,0.0,0.0,0.0,27.3,0.0,0.0,0.0,0.0,0.0,0.0,10.0,0.0,0.0,100.0,0.0,0.0,0.0,0.0,0.0,0.0,0.0,0.0,0.0,0.0,0.0,0.0,0.0,44.4,0.0,0.0,0.0,0.0,0.0,0.0,0.0,0.0,0.0,0.0,0.0,0.0,0.0,0.0,30.0,0.0,0.0,0.0,30.0,0.0,0.0,0.0,0.0,4.3
1790496690.355,0.0,0.0,0.0,0.0,0.0,0.0,0.0,0.0,20.0,0.0,0.0,0.0,0.0,0.0,0.0,10.0,0.0,0.0,100.0,0.0,0.0,0.0,0.0,0.0,0.0,0.0,0.0,0.0,0.0,0.0,0.0,0.0,45.5,0.0,0.0,0.0,0.0,0.0,0.0,0.0,0.0,0.0,0.0,0.0,0.0,0.0,0.0,30.0,0.0,0.0,0.0,20.0,0.0,0.0,0.0,0.0,4.0
1790496690.455,0.0,0.0,0.0,0.0,0.0,0.0,0.0,0.0,20.0,0.0,0.0,0.0,0.0,0.0,0.0,27.3,0.0,0.0,100.0,0.0,0.0,0.0,0.0,0.0,0.0,0.0,0.0,0.0,0.0,0.0,0.0,0.0,50.0,0.0,0.0,0.0,0.0,0.0,0.0,0.0,0.0,0.0,0.0,0.0,0.0,0.0,0.0,36.4,0.0,0.0,0.0,20.0,0.0,0.0,0.0,0.0,4.5
1790496690.556,0.0,0.0,0.0,0.0,40.0,0.0,0.0,0.0,20.0,0.0,0.0,0.0,0.0,0.0,0.0,20.0,0.0,0.0,100.0,0.0,0.0,0.0,0.0,0.0,0.0,0.0,0.0,0.0,0.0,0.0,0.0,0.0,10.0,0.0,0.0,0.0,0.0,0.0,0.0,0.0,0.0,0.0,0.0,0.0,0.0,0.0,0.0,77.8,0.0,0.0,0.0,20.0,0.0,0.0,0.0,0.0,5.1
1790496690.656,0.0,0.0,0.0,0.0,45.5,0.0,0.0,0.0,22.2,0.0,0.0,0.0,0.0,0.0,0.0,11.1,0.0,0.0,100.0,0.0,9.1,0.0,0.0,18.2,0.0,0.0,0.0,0.0,0.0,0.0,0.0,0.0,0.0,0.0,0.0,0.0,0.0,0.0,0.0,0.0,0.0,0.0,0.0,0.0,0.0,0.0,0.0,100.0,0.0,0.0,0.0,20.0,20.0,10.0,0.0,0.0,6.4
1790496690.756,0.0,0.0,0.0,0.0,44.4,0.0,0.0,0.0,27.3,0.0,0.0,0.0,0.0,0.0,0.0,10.0,0.0,0.0,100.0,0.0,0.0,10.0,0.0,0.0,0.0,0.0,0.0,0.0,0.0,0.0,0.0,0.0,0.0,0.0,0.0,0.0,0.0,0.0,0.0,0.0,0.0,0.0,0.0,0.0,0.0,0.0,0.0,100.0,0.0,0.0,0.0,30.0,0.0,0.0,0.0,0.0,5.7
1790496690.856,0.0,0.0,0.0,0.0,54.5,0.0,0.0,0.0,11.1,0.0,0.0,0.0,0.0,0.0,0.0,18.2,0.0,0.0,100.0,0.0,0.0,0.0,0.0,0.0,10.0,0.0,0.0,0.0,0.0,0.0,0.0,0.0,0.0,0.0,0.0,0.0,0.0,0.0,0.0,0.0,0.0,0.0,0.0,0.0,0.0,0.0,0.0,36.4,0.0,0.0,0.0,30.0,0.0,0.0,0.0,0.0,4.6
1790496690.956,0.0,0.0,0.0,0.0,40.0,0.0,0.0,0.0,27.3,0.0,0.0,0.0,0.0,0.0,0.0,10.0,0.0,0.0,100.0,0.0,0.0,0.0,0.0,0.0,0.0,0.0,0.0,0.0,0.0,0.0,0.0,0.0,0.0,0.0,0.0,0.0,0.0,0.0,0.0,0.0,0.0,0.0,0.0,0.0,0.0,0.0,0.0,30.0,0.0,0.0,0.0,20.0,0.0,0.0,0.0,0.0,4.1
1790496691.056,0.0,0.0,0.0,0.0,50.0,0.0,0.0,0.0,22.2,0.0,0.0,0.0,0.0,0.0,0.0,22.2,0.0,0.0,100.0,0.0,0.0,0.0,0.0,0.0,0.0,0.0,0.0,0.0,0.0,0.0,0.0,0.0,0.0,0.0,0.0,0.0,0.0,0.0,0.0,0.0,0.0,0.0,0.0,0.0,0.0,0.0,0.0,40.0,0.0,0.0,0.0,30.0,0.0,0.0,0.0,0.0,4.7
1790496691.156,0.0,9.1,0.0,0.0,44.4,0.0,0.0,0.0,27.3,0.0,0.0,0.0,0.0,0.0,0.0,10.0,0.0,0.0,100.0,0.0,0.0,0.0,0.0,0.0,9.1,0.0,0.0,0.0,0.0,0.0,0.0,0.0,0.0,0.0,0.0,0.0,0.0,0.0,0.0,0.0,0.0,0.0,0.0,0.0,0.0,0.0,0.0,30.0,0.0,0.0,0.0,18.2,0.0,0.0,0.0,0.0,4.4
1790496691.257,0.0,0.0,0.0,0.0,45.5,0.0,0.0,0.0,20.0,0.0,0.0,0.0,0.0,0.0,0.0,18.2,0.0,0.0,100.0,0.0,0.0,0.0,0.0,0.0,10.0,0.0,0.0,0.0,0.0,0.0,0.0,0.0,0.0,0.0,0.0,0.0,0.0,0.0,0.0,0.0,0.0,0.0,0.0,0.0,0.0,0.0,0.0,30.0,0.0,0.0,0.0,20.0,0.0,0.0,0.0,0.0,4.4
1790496691.357,0.0,0.0,0.0,0.0,50.0,0.0,0.0,0.0,30.0,0.0,0.0,0.0,0.0,0.0,0.0,20.0,0.0,0.0,100.0,0.0,0.0,0.0,0.0,0.0,0.0,0.0,0.0,0.0,0.0,0.0,0.0,0.0,0.0,0.0,0.0,0.0,0.0,0.0,0.0,0.0,0.0,0.0,0.0,0.0,0.0,0.0,0.0,30.0,0.0,0.0,0.0,22.2,9.1,0.0,0.0,0.0,4.7
1790496691.457,0.0,0.0,0.0,0.0,50.0,0.0,0.0,0.0,11.1,0.0,0.0,0.0,0.0,0.0,0.0,10.0,0.0,0.0,100.0,0.0,0.0,0.0,0.0,0.0,0.0,0.0,0.0,0.0,0.0,0.0,0.0,0.0,0.0,0.0,0.0,0.0,0.0,0.0,0.0,0.0,0.0,0.0,0.0,0.0,0.0,0.0,0.0,40.0,0.0,0.0,0.0,20.0,0.0,0.0,0.0,0.0,4.1
1790496691.557,0.0,0.0,0.0,0.0,40.0,0.0,0.0,0.0,27.3,0.0,0.0,0.0,0.0,0.0,0.0,18.2,0.0,0.0,100.0,0.0,0.0,0.0,0.0,0.0,0.0,0.0,0.0,0.0,0.0,0.0,0.0,0.0,0.0,0.0,0.0,0.0,0.0,0.0,0.0,0.0,0.0,0.0,0.0,0.0,0.0,0.0,0.0,22.2,0.0,0.0,0.0,40.0,0.0,0.0,0.0,0.0,4.4
1790496691.657,0.0,0.0,0.0,0.0,44.4,0.0,0.0,0.0,22.2,0.0,0.0,0.0,0.0,0.0,0.0,22.2,0.0,0.0,100.0,0.0,0.0,0.0,0.0,0.0,0.0,0.0,0.0,0.0,0.0,0.0,0.0,0.0,0.0,0.0,0.0,0.0,0.0,0.0,0.0,0.0,0.0,0.0,0.0,0.0,0.0,0.0,0.0,40.0,0.0,0.0,0.0,18.2,0.0,0.0,0.0,0.0,4.4
1790496691.757,0.0,0.0,0.0,0.0,50.0,0.0,0.0,0.0,27.3,0.0,0.0,0.0,0.0,0.0,0.0,20.0,0.0,0.0,100.0,0.0,0.0,0.0,0.0,0.0,0.0,0.0,0.0,0.0,0.0,0.0,0.0,0.0,0.0,0.0,0.0,0.0,0.0,0.0,0.0,0.0,0.0,0.0,0.0,0.0,0.0,0.0,0.0,30.0,0.0,0.0,0.0,20.0,0.0,0.0,0.0,0.0,4.4
1790496691.857,0.0,0.0,0.0,0.0,45.5,0.0,0.0,0.0,22.2,0.0,0.0,0.0,0.0,0.0,0.0,18.2,0.0,0.0,100.0,0.0,0.0,0.0,9.1,10.0,0.0,0.0,0.0,0.0,0.0,0.0,0.0,0.0,0.0,0.0,0.0,0.0,0.0,0.0,0.0,0.0,0.0,0.0,0.0,0.0,0.0,0.0,0.0,45.5,0.0,0.0,0.0,11.1,0.0,0.0,0.0,0.0,4.7
1790496691.958,30.0,0.0,0.0,0.0,10.0,0.0,0.0,0.0,9.1,0.0,0.0,0.0,0.0,0.0,9.1,30.0,9.1,77.8,30.0,0.0,0.0,10.0,0.0,0.0,0.0,0.0,0.0,0.0,0.0,0.0,0.0,0.0,33.3,0.0,0.0,0.0,0.0,0.0,0.0,0.0,0.0,0.0,0.0,81.8,0.0,0.0,0.0,22.2,0.0,0.0,0.0,10.0,0.0,0.0,0.0,0.0,6.5
1790496692.058,20.0,0.0,0.0,0.0,0.0,0.0,0.0,0.0,0.0,0.0,0.0,0.0,0.0,0.0,0.0,0.0,0.0,100.0,0.0,0.0,0.0,0.0,0.0,0.0,0.0,0.0,0.0,0.0,0.0,0.0,0.0,0.0,50.0,0.0,0.0,0.0,0.0,0.0,0.0,0.0,0.0,0.0,0.0,100.0,0.0,0.0,0.0,40.0,0.0,0.0,0.0,18.2,0.0,0.0,0.0,0.0,5.9
1790496692.158,22.2,0.0,0.0,0.0,0.0,0.0,0.0,0.0,0.0,0.0,0.0,0.0,10.0,0.0,0.0,0.0,0.0,100.0,0.0,0.0,0.0,0.0,0.0,0.0,0.0,0.0,0.0,0.0,0.0,0.0,0.0,0.0,45.5,0.0,0.0,0.0,0.0,0.0,0.0,0.0,0.0,0.0,0.0,100.0,0.0,0.0,0.0,30.0,0.0,0.0,0.0,22.2,0.0,0.0,0.0,0.0,5.9
1790496692.258,0.0,0.0,0.0,0.0,0.0,0.0,0.0,0.0,20.0,0.0,0.0,0.0,10.0,0.0,0.0,0.0,0.0,100.0,0.0,0.0,0.0,0.0,0.0,0.0,0.0,0.0,0.0,0.0,0.0,0.0,0.0,0.0,40.0,0.0,0.0,0.0,0.0,0.0,0.0,0.0,0.0,0.0,0.0,100.0,0.0,0.0,0.0,36.4,0.0,0.0,0.0,27.3,0.0,0.0,0.0,0.0,6.0
1790496692.358,0.0,9.1,0.0,0.0,0.0,0.0,0.0,0.0,20.0,0.0,0.0,0.0,0.0,0.0,0.0,0.0,0.0,100.0,0.0,0.0,0.0,0.0,0.0,0.0,0.0,0.0,0.0,0.0,0.0,0.0,0.0,0.0,44.4,0.0,0.0,9.1,0.0,0.0,0.0,0.0,0.0,0.0,0.0,100.0,0.0,0.0,0.0,30.0,0.0,0.0,0.0,20.0,0.0,9.1,0.0,0.0,6.1
1790496692.458,0.0,0.0,0.0,0.0,0.0,0.0,0.0,0.0,20.0,0.0,0.0,0.0,0.0,0.0,0.0,0.0,0.0,100.0,0.0,0.0,0.0,0.0,0.0,0.0,0.0,0.0,0.0,0.0,0.0,0.0,0.0,0.0,54.5,0.0,0.0,0.0,0.0,0.0,0.0,0.0,0.0,0.0,0.0,100.0,0.0,0.0,0.0,33.3,0.0,0.0,0.0,20.0,0.0,0.0,0.0,0.0,5.9
1790496692.558,0.0,0.0,0.0,0.0,0.0,0.0,0.0,0.0,22.2,0.0,0.0,0.0,0.0,0.0,0.0,0.0,0.0,100.0,0.0,0.0,0.0,0.0,0.0,0.0,0.0,0.0,0.0,0.0,0.0,0.0,0.0,0.0,40.0,0.0,0.0,0.0,0.0,0.0,0.0,0.0,0.0,0.0,0.0,100.0,0.0,0.0,0.0,30.0,0.0,0.0,0.0,33.3,0.0,0.0,0.0,0.0,5.8
1790496692.659,0.0,0.0,0.0,0.0,0.0,0.0,0.0,0.0,27.3,0.0,0.0,0.0,0.0,0.0,0.0,0.0,0.0,100.0,0.0,0.0,0.0,0.0,0.0,0.0,0.0,0.0,0.0,0.0,0.0,0.0,0.0,0.0,50.0,0.0,0.0,0.0,0.0,9.1,0.0,0.0,0.0,0.0,0.0,100.0,0.0,0.0,0.0,33.3,0.0,0.0,0.0,20.0,0.0,0.0,0.0,0.0,6.1
1790496692.759,0.0,0.0,0.0,0.0,0.0,0.0,0.0,0.0,20.0,0.0,0.0,0.0,0.0,0.0,0.0,0.0,0.0,100.0,0.0,0.0,0.0,0.0,0.0,0.0,0.0,0.0,0.0,0.0,0.0,0.0,0.0,0.0,44.4,0.0,0.0,0.0,0.0,0.0,0.0,0.0,0.0,0.0,0.0,100.0,0.0,0.0,0.0,30.0,0.0,0.0,0.0,20.0,0.0,0.0,0.0,0.0,5.6
1790496692.859,0.0,0.0,0.0,0.0,0.0,0.0,0.0,0.0,20.0,0.0,0.0,0.0,0.0,0.0,0.0,0.0,0.0,100.0,0.0,0.0,0.0,0.0,0.0,0.0,0.0,0.0,0.0,0.0,0.0,0.0,0.0,0.0,45.5,0.0,0.0,0.0,0.0,0.0,0.0,0.0,0.0,0.0,0.0,100.0,0.0,0.0,0.0,36.4,0.0,0.0,0.0,30.0,0.0,0.0,0.0,0.0,5.9
1790496692.959,0.0,0.0,0.0,0.0,0.0,0.0,0.0,0.0,27.3,0.0,0.0,0.0,0.0,0.0,0.0,0.0,0.0,100.0,0.0,0.0,0.0,0.0,0.0,0.0,0.0,0.0,0.0,0.0,0.0,0.0,0.0,0.0,44.4,0.0,0.0,0.0,0.0,0.0,0.0,0.0,0.0,0.0,0.0,100.0,0.0,0.0,0.0,36.4,10.0,0.0,0.0,30.0,0.0,0.0,0.0,0.0,6.2
1790496693.059,0.0,0.0,0.0,0.0,0.0,0.0,0.0,0.0,12.5,0.0,0.0,0.0,0.0,0.0,0.0,0.0,0.0,100.0,0.0,0.0,0.0,0.0,0.0,0.0,0.0,0.0,0.0,0.0,0.0,0.0,0.0,0.0,45.5,0.0,0.0,0.0,0.0,0.0,0.0,0.0,0.0,0.0,0.0,100.0,0.0,0.0,0.0,33.3,0.0,0.0,0.0,20.0,0.0,0.0,0.0,0.0,5.6
1790496693.159,0.0,0.0,0.0,0.0,0.0,0.0,0.0,0.0,27.3,0.0,0.0,0.0,0.0,0.0,0.0,0.0,0.0,100.0,0.0,0.0,0.0,0.0,0.0,0.0,0.0,0.0,0.0,0.0,0.0,0.0,0.0,0.0,50.0,0.0,0.0,0.0,0.0,0.0,0.0,0.0,0.0,0.0,0.0,100.0,0.0,0.0,0.0,36.4,0.0,0.0,0.0,30.0,0.0,0.0,0.0,0.0,6.1
1790496693.259,0.0,0.0,0.0,0.0,0.0,0.0,0.0,0.0,20.0,0.0,0.0,0.0,0.0,0.0,0.0,0.0,0.0,100.0,0.0,0.0,0.0,0.0,0.0,0.0,10.0,0.0,0.0,0.0,0.0,0.0,0.0,0.0,50.0,0.0,0.0,0.0,0.0,0.0,0.0,0.0,0.0,0.0,0.0,100.0,0.0,0.0,0.0,30.0,0.0,0.0,0.0,27.3,0.0,0.0,0.0,0.0,6.0
1790496693.360,0.0,0.0,0.0,0.0,0.0,0.0,0.0,0.0,27.3,0.0,0.0,0.0,0.0,0.0,0.0,0.0,0.0,100.0,0.0,0.0,0.0,0.0,0.0,0.0,0.0,0.0,0.0,0.0,0.0,0.0,0.0,0.0,40.0,0.0,0.0,0.0,0.0,0.0,0.0,0.0,0.0,0.0,0.0,100.0,0.0,0.0,0.0,36.4,0.0,0.0,0.0,22.2,0.0,0.0,0.0,0.0,5.8
1790496693.460,0.0,0.0,0.0,0.0,0.0,0.0,0.0,0.0,22.2,0.0,0.0,0.0,0.0,0.0,0.0,0.0,0.0,100.0,0.0,0.0,0.0,0.0,0.0,0.0,0.0,0.0,0.0,0.0,0.0,0.0,0.0,0.0,44.4,0.0,0.0,0.0,0.0,0.0,0.0,0.0,0.0,0.0,0.0,100.0,0.0,0.0,0.0,40.0,0.0,0.0,0.0,30.0,0.0,0.0,0.0,0.0,6.0
1790496693.560,50.0,0.0,0.0,0.0,0.0,0.0,0.0,0.0,20.0,0.0,0.0,0.0,0.0,0.0,0.0,0.0,0.0,100.0,0.0,0.0,0.0,0.0,0.0,0.0,0.0,0.0,0.0,0.0,0.0,0.0,0.0,0.0,50.0,0.0,0.0,0.0,0.0,0.0,0.0,0.0,0.0,0.0,0.0,40.0,0.0,0.0,0.0,33.3,0.0,0.0,0.0,30.0,0.0,0.0,0.0,0.0,5.8
1790496693.660,50.0,0.0,0.0,18.2,0.0,0.0,0.0,0.0,30.0,0.0,0.0,0.0,0.0,0.0,0.0,0.0,0.0,100.0,0.0,0.0,18.2,0.0,0.0,0.0,0.0,0.0,0.0,0.0,0.0,0.0,0.0,0.0,45.5,0.0,0.0,0.0,0.0,0.0,0.0,0.0,0.0,0.0,0.0,0.0,0.0,0.0,0.0,30.0,0.0,0.0,0.0,30.0,9.1,0.0,0.0,0.0,5.9
1790496693.760,40.0,9.1,0.0,33.3,0.0,0.0,0.0,0.0,20.0,0.0,0.0,0.0,0.0,0.0,0.0,0.0,0.0,100.0,0.0,0.0,0.0,0.0,0.0,9.1,0.0,0.0,0.0,9.1,0.0,0.0,0.0,0.0,50.0,0.0,0.0,0.0,0.0,0.0,0.0,0.0,0.0,0.0,0.0,0.0,0.0,0.0,0.0,30.0,0.0,0.0,0.0,20.0,0.0,0.0,0.0,0.0,5.7
1790496693.860,90.0,0.0,0.0,0.0,0.0,0.0,0.0,0.0,0.0,0.0,0.0,0.0,0.0,0.0,0.0,0.0,0.0,100.0,0.0,0.0,10.0,0.0,0.0,0.0,0.0,0.0,27.3,0.0,0.0,0.0,0.0,0.0,40.0,0.0,0.0,0.0,0.0,0.0,0.0,0.0,0.0,0.0,0.0,0.0,0.0,0.0,0.0,40.0,0.0,0.0,0.0,30.0,0.0,0.0,0.0,0.0,6.0
1790496693.961,100.0,0.0,0.0,0.0,0.0,0.0,0.0,0.0,0.0,0.0,0.0,0.0,0.0,0.0,0.0,0.0,0.0,100.0,0.0,0.0,0.0,0.0,0.0,0.0,0.0,0.0,22.2,0.0,0.0,0.0,0.0,0.0,44.4,0.0,0.0,0.0,0.0,0.0,0.0,0.0,0.0,0.0,0.0,0.0,0.0,0.0,0.0,36.4,0.0,0.0,0.0,20.0,0.0,9.1,0.0,0.0,5.9
1790496694.061,100.0,0.0,0.0,0.0,0.0,0.0,0.0,0.0,0.0,0.0,0.0,0.0,9.1,0.0,0.0,0.0,0.0,100.0,0.0,0.0,0.0,0.0,0.0,0.0,0.0,9.1,20.0,0.0,0.0,0.0,0.0,0.0,54.5,0.0,0.0,0.0,0.0,0.0,0.0,0.0,0.0,0.0,0.0,0.0,0.0,0.0,0.0,22.2,0.0,0.0,0.0,30.0,0.0,0.0,0.0,0.0,6.2
1790496694.161,100.0,30.0,0.0,0.0,0.0,0.0,0.0,0.0,0.0,0.0,0.0,0.0,10.0,0.0,22.2,0.0,0.0,100.0,0.0,0.0,0.0,0.0,0.0,0.0,0.0,0.0,9.1,0.0,0.0,0.0,0.0,0.0,40.0,0.0,0.0,0.0,0.0,0.0,0.0,0.0,0.0,0.0,0.0,0.0,0.0,0.0,0.0,0.0,0.0,0.0,0.0,20.0,0.0,0.0,0.0,0.0,5.9
1790496694.261,100.0,0.0,0.0,0.0,0.0,0.0,0.0,0.0,0.0,0.0,0.0,0.0,0.0,0.0,30.0,0.0,0.0,100.0,0.0,0.0,0.0,0.0,0.0,0.0,0.0,0.0,0.0,0.0,0.0,0.0,0.0,0.0,50.0,0.0,0.0,0.0,27.3,0.0,0.0,0.0,0.0,0.0,0.0,0.0,0.0,0.0,0.0,0.0,0.0,0.0,0.0,10.0,0.0,0.0,0.0,0.0,5.7
1790496694.361,100.0,0.0,0.0,0.0,0.0,0.0,0.0,0.0,0.0,0.0,0.0,0.0,0.0,0.0,40.0,0.0,20.0,100.0,0.0,0.0,0.0,0.0,0.0,0.0,0.0,0.0,0.0,0.0,0.0,0.0,0.0,0.0,44.4,0.0,0.0,0.0,0.0,0.0,0.0,0.0,0.0,0.0,0.0,0.0,0.0,0.0,0.0,0.0,0.0,0.0,0.0,20.0,0.0,0.0,0.0,0.0,5.8
1790496694.461,100.0,0.0,0.0,0.0,0.0,0.0,0.0,0.0,0.0,0.0,0.0,0.0,0.0,0.0,30.0,0.0,0.0,100.0,0.0,0.0,0.0,0.0,0.0,0.0,0.0,0.0,20.0,0.0,0.0,0.0,0.0,0.0,45.5,0.0,0.0,0.0,0.0,0.0,0.0,0.0,0.0,0.0,0.0,0.0,0.0,0.0,0.0,0.0,0.0,0.0,0.0,20.0,0.0,0.0,0.0,0.0,5.6
1790496694.561,100.0,20.0,0.0,0.0,0.0,0.0,0.0,0.0,0.0,0.0,0.0,0.0,0.0,0.0,36.4,0.0,0.0,100.0,0.0,0.0,0.0,0.0,0.0,0.0,0.0,0.0,0.0,0.0,0.0,0.0,0.0,0.0,44.4,0.0,0.0,0.0,0.0,0.0,0.0,0.0,0.0,0.0,0.0,0.0,0.0,0.0,0.0,0.0,0.0,0.0,0.0,30.0,0.0,0.0,0.0,0.0,5.9
1790496694.662,100.0,10.0,0.0,0.0,0.0,0.0,0.0,0.0,0.0,0.0,0.0,0.0,0.0,0.0,44.4,0.0,0.0,100.0,22.2,0.0,0.0,0.0,0.0,16.7,0.0,0.0,0.0,0.0,0.0,0.0,0.0,0.0,45.5,0.0,0.0,0.0,0.0,0.0,0.0,0.0,0.0,0.0,0.0,0.0,0.0,0.0,0.0,0.0,0.0,0.0,0.0,20.0,0.0,0.0,0.0,0.0,6.4
1790496694.762,100.0,12.5,0.0,0.0,0.0,0.0,0.0,0.0,0.0,0.0,0.0,0.0,0.0,0.0,36.4,0.0,0.0,100.0,0.0,0.0,0.0,0.0,0.0,0.0,0.0,0.0,0.0,9.1,0.0,0.0,0.0,0.0,50.0,0.0,0.0,0.0,0.0,0.0,0.0,0.0,0.0,0.0,0.0,0.0,0.0,0.0,0.0,0.0,0.0,0.0,0.0,20.0,0.0,0.0,0.0,0.0,5.9
1790496694.862,22.2,9.1,0.0,0.0,0.0,0.0,0.0,0.0,0.0,0.0,0.0,0.0,0.0,0.0,33.3,0.0,0.0,100.0,0.0,0.0,0.0,0.0,0.0,0.0,0.0,0.0,0.0,0.0,0.0,0.0,0.0,0.0,50.0,0.0,0.0,9.1,20.0,0.0,0.0,0.0,0.0,0.0,0.0,0.0,0.0,0.0,0.0,0.0,0.0,0.0,0.0,30.0,0.0,0.0,0.0,0.0,4.9
1790496694.962,0.0,9.1,0.0,0.0,0.0,0.0,0.0,0.0,0.0,0.0,0.0,0.0,0.0,0.0,36.4,0.0,0.0,100.0,0.0,0.0,0.0,0.0,0.0,0.0,0.0,0.0,0.0,0.0,0.0,0.0,0.0,0.0,40.0,0.0,0.0,0.0,22.2,0.0,0.0,0.0,0.0,0.0,0.0,0.0,0.0,0.0,0.0,0.0,0.0,0.0,0.0,30.0,0.0,0.0,0.0,0.0,4.2
1790496695.062,0.0,0.0,0.0,0.0,0.0,0.0,0.0,0.0,0.0,0.0,0.0,0.0,0.0,0.0,30.0,0.0,0.0,100.0,0.0,0.0,0.0,0.0,0.0,0.0,0.0,0.0,0.0,0.0,0.0,0.0,0.0,0.0,50.0,0.0,0.0,0.0,20.0,0.0,0.0,0.0,0.0,0.0,0.0,0.0,0.0,0.0,0.0,0.0,0.0,0.0,0.0,20.0,0.0,0.0,0.0,0.0,3.9
1790496695.162,0.0,0.0,0.0,0.0,0.0,0.0,0.0,0.0,0.0,0.0,0.0,0.0,0.0,0.0,30.0,0.0,0.0,100.0,0.0,0.0,0.0,0.0,0.0,0.0,0.0,0.0,0.0,0.0,0.0,0.0,0.0,0.0,50.0,0.0,0.0,0.0,27.3,0.0,0.0,0.0,0.0,0.0,0.0,0.0,0.0,0.0,0.0,0.0,0.0,0.0,0.0,30.0,0.0,0.0,0.0,0.0,4.2
1790496695.262,0.0,0.0,9.1,0.0,0.0,0.0,0.0,0.0,0.0,0.0,0.0,0.0,0.0,0.0,33.3,0.0,9.1,100.0,0.0,0.0,0.0,0.0,0.0,0.0,10.0,0.0,0.0,0.0,0.0,0.0,0.0,0.0,45.5,0.0,0.0,0.0,20.0,0.0,0.0,0.0,0.0,0.0,0.0,0.0,0.0,0.0,0.0,0.0,0.0,0.0,0.0,20.0,0.0,0.0,0.0,0.0,4.4
1790496695.363,0.0,0.0,0.0,0.0,0.0,0.0,0.0,0.0,0.0,0.0,0.0,0.0,0.0,0.0,36.4,0.0,0.0,100.0,0.0,0.0,0.0,0.0,0.0,0.0,0.0,0.0,0.0,0.0,0.0,0.0,0.0,0.0,44.4,0.0,0.0,9.1,22.2,0.0,0.0,0.0,0.0,0.0,0.0,0.0,0.0,0.0,0.0,0.0,9.1,0.0,0.0,30.0,0.0,0.0,0.0,0.0,4.5
1790496695.463,0.0,0.0,0.0,0.0,0.0,0.0,0.0,0.0,0.0,0.0,0.0,0.0,0.0,0.0,33.3,0.0,0.0,100.0,0.0,0.0,0.0,0.0,0.0,0.0,0.0,0.0,0.0,0.0,0.0,0.0,0.0,0.0,40.0,0.0,0.0,0.0,20.0,0.0,0.0,0.0,0.0,0.0,0.0,0.0,0.0,0.0,0.0,0.0,0.0,0.0,0.0,10.0,0.0,0.0,0.0,0.0,3.6
1790496695.563,0.0,0.0,0.0,0.0,0.0,0.0,0.0,0.0,0.0,0.0,0.0,0.0,0.0,0.0,30.0,0.0,0.0,100.0,0.0,0.0,0.0,0.0,0.0,0.0,0.0,0.0,0.0,0.0,0.0,0.0,0.0,0.0,54.5,0.0,0.0,0.0,27.3,0.0,0.0,0.0,0.0,0.0,0.0,0.0,0.0,0.0,0.0,0.0,0.0,0.0,0.0,30.0,0.0,0.0,0.0,0.0,4.3
1790496695.663,0.0,0.0,0.0,0.0,0.0,0.0,0.0,0.0,0.0,0.0,0.0,9.1,0.0,0.0,40.0,0.0,0.0,100.0,0.0,0.0,0.0,0.0,0.0,0.0,0.0,0.0,0.0,0.0,0.0,0.0,0.0,0.0,44.4,0.0,0.0,0.0,20.0,0.0,0.0,0.0,0.0,0.0,0.0,0.0,0.0,0.0,0.0,0.0,0.0,0.0,0.0,20.0,0.0,0.0,0.0,0.0,4.2
1790496695.763,0.0,0.0,0.0,0.0,0.0,0.0,0.0,0.0,0.0,0.0,0.0,0.0,0.0,0.0,30.0,0.0,0.0,100.0,0.0,0.0,0.0,0.0,0.0,0.0,0.0,0.0,0.0,0.0,0.0,0.0,0.0,0.0,40.0,0.0,0.0,0.0,22.2,0.0,0.0,0.0,0.0,0.0,0.0,0.0,0.0,0.0,0.0,0.0,0.0,0.0,0.0,30.0,0.0,0.0,0.0,0.0,4.0
1790496695.863,10.0,0.0,0.0,0.0,0.0,0.0,0.0,0.0,0.0,0.0,0.0,0.0,0.0,0.0,36.4,0.0,0.0,100.0,0.0,0.0,0.0,0.0,0.0,0.0,0.0,0.0,0.0,0.0,0.0,0.0,0.0,0.0,50.0,0.0,0.0,0.0,27.3,0.0,0.0,0.0,0.0,0.0,0.0,0.0,0.0,0.0,0.0,0.0,0.0,0.0,0.0,10.0,0.0,0.0,0.0,0.0,4.2
1790496695.963,66.7,0.0,0.0,0.0,0.0,0.0,0.0,0.0,0.0,0.0,0.0,0.0,0.0,0.0,30.0,0.0,0.0,100.0,0.0,0.0,0.0,0.0,0.0,0.0,0.0,9.1,0.0,0.0,0.0,0.0,0.0,0.0,50.0,0.0,0.0,0.0,20.0,0.0,0.0,0.0,0.0,0.0,0.0,0.0,0.0,0.0,0.0,0.0,0.0,0.0,0.0,30.0,0.0,0.0,0.0,0.0,5.5
1790496696.064,100.0,0.0,0.0,0.0,0.0,0.0,0.0,0.0,0.0,0.0,0.0,0.0,0.0,0.0,40.0,0.0,0.0,100.0,0.0,0.0,0.0,0.0,0.0,0.0,0.0,0.0,0.0,0.0,0.0,0.0,0.0,0.0,45.5,0.0,0.0,0.0,12.5,0.0,0.0,0.0,0.0,0.0,0.0,0.0,0.0,0.0,0.0,0.0,0.0,0.0,0.0,27.3,0.0,0.0,0.0,0.0,5.8
1790496696.164,60.0,0.0,0.0,0.0,0.0,0.0,0.0,0.0,0.0,0.0,0.0,0.0,0.0,0.0,22.2,0.0,0.0,100.0,0.0,0.0,0.0,0.0,0.0,0.0,0.0,0.0,0.0,0.0,0.0,0.0,0.0,0.0,50.0,0.0,0.0,0.0,9.1,0.0,0.0,0.0,0.0,0.0,0.0,0.0,0.0,0.0,0.0,0.0,0.0,10.0,0.0,22.2,0.0,0.0,0.0,0.0,4.9
1790496696.264,40.0,30.0,33.3,30.0,36.4,40.0,40.0,36.4,36.4,30.0,30.0,30.0,30.0,30.0,63.6,33.3,30.0,100.0,30.0,30.0,40.0,30.0,30.0,40.0,33.3,0.0,0.0,0.0,0.0,10.0,0.0,0.0,44.4,0.0,0.0,0.0,0.0,0.0,0.0,0.0,0.0,0.0,10.0,0.0,0.0,30.0,0.0,0.0,0.0,30.0,0.0,10.0,0.0,0.0,0.0,0.0,19.1
1790496696.364,100.0,60.0,60.0,60.0,55.6,50.0,50.0,55.6,55.6,63.6,60.0,54.5,60.0,60.0,50.0,54.5,55.6,60.0,60.0,60.0,55.6,60.0,60.0,60.0,60.0,0.0,20.0,9.1,0.0,9.1,9.1,0.0,54.5,0.0,0.0,0.0,0.0,0.0,0.0,0.0,0.0,0.0,33.3,0.0,0.0,100.0,0.0,0.0,0.0,30.0,0.0,0.0,9.1,0.0,0.0,0.0,31.3
1790496696.464,90.9,50.0,40.0,44.4,45.5,50.0,50.0,45.5,50.0,44.4,40.0,50.0,50.0,40.0,50.0,44.4,45.5,45.5,45.5,50.0,50.0,44.4,40.0,40.0,40.0,0.0,30.0,0.0,0.0,0.0,0.0,0.0,44.4,0.0,0.0,0.0,0.0,0.0,0.0,0.0,0.0,0.0,36.4,9.1,0.0,100.0,0.0,0.0,0.0,20.0,0.0,0.0,0.0,10.0,0.0,0.0,25.6
1790496696.564,100.0,55.6,60.0,60.0,60.0,60.0,60.0,60.0,54.5,54.5,60.0,55.6,50.0,60.0,60.0,60.0,60.0,60.0,55.6,50.0,60.0,60.0,60.0,60.0,60.0,0.0,10.0,0.0,0.0,0.0,0.0,9.1,54.5,0.0,0.0,0.0,0.0,0.0,0.0,0.0,0.0,0.0,33.3,0.0,0.0,100.0,0.0,0.0,0.0,20.0,0.0,0.0,0.0,0.0,20.0,0.0,31.1
1790496696.664,100.0,90.9,100.0,90.9,90.0,90.0,90.0,90.0,100.0,100.0,90.9,90.9,100.0,100.0,90.0,90.9,100.0,90.0,100.0,100.0,90.0,90.0,90.9,90.9,100.0,0.0,0.0,0.0,0.0,0.0,0.0,0.0,40.0,0.0,0.0,0.0,0.0,0.0,0.0,0.0,0.0,0.0,36.4,0.0,0.0,100.0,0.0,0.0,0.0,20.0,0.0,0.0,0.0,0.0,36.4,0.0,46.2
1790496696.765,100.0,90.0,90.9,90.0,100.0,90.0,90.0,90.0,90.0,90.0,90.0,90.0,90.0,90.0,90.0,90.0,90.0,100.0,90.0,90.0,90.0,90.9,90.0,100.0,90.0,0.0,0.0,10.0,0.0,0.0,0.0,10.0,44.4,0.0,0.0,0.0,0.0,0.0,0.0,0.0,0.0,0.0,40.0,0.0,0.0,100.0,0.0,0.0,0.0,0.0,0.0,0.0,0.0,0.0,22.2,0.0,45.0
1790496696.865,100.0,88.9,80.0,80.0,81.8,88.9,88.9,90.0,81.8,80.0,88.9,88.9,80.0,80.0,90.0,88.9,81.8,81.8,80.0,80.0,81.8,80.0,88.9,80.0,80.0,41.7,20.0,0.0,0.0,0.0,0.0,9.1,45.5,0.0,0.0,0.0,0.0,0.0,0.0,0.0,0.0,9.1,0.0,0.0,0.0,100.0,0.0,0.0,0.0,20.0,0.0,0.0,0.0,0.0,9.1,0.0,42.2
1790496696.965,100.0,90.0,90.0,90.0,90.0,90.0,90.0,90.0,90.0,90.0,90.0,90.0,90.0,90.0,90.0,90.0,90.0,90.0,90.0,90.0,90.0,90.0,90.0,90.0,90.0,33.3,30.0,0.0,0.0,0.0,0.0,0.0,50.0,0.0,0.0,0.0,0.0,0.0,0.0,0.0,0.0,0.0,0.0,0.0,0.0,100.0,0.0,0.0,0.0,27.3,0.0,0.0,0.0,9.1,0.0,0.0,44.8
1790496697.065,100.0,90.9,80.0,88.9,80.0,81.8,81.8,80.0,88.9,88.9,81.8,80.0,90.0,80.0,80.0,81.8,80.0,80.0,81.8,90.0,88.9,88.9,80.0,81.8,81.8,40.0,0.0,0.0,0.0,11.1,0.0,0.0,33.3,0.0,0.0,0.0,0.0,0.0,0.0,0.0,0.0,0.0,0.0,0.0,0.0,100.0,0.0,0.0,0.0,11.1,0.0,0.0,0.0,0.0,0.0,0.0,41.1
1790496697.165,100.0,90.0,100.0,90.9,90.0,90.0,90.0,90.0,90.0,90.9,90.0,90.9,90.0,100.0,90.0,90.0,100.0,100.0,100.0,90.0,90.0,90.0,90.9,90.0,90.0,50.0,0.0,0.0,0.0,9.1,0.0,0.0,50.0,0.0,0.0,0.0,0.0,0.0,0.0,0.0,0.0,0.0,11.1,0.0,0.0,100.0,0.0,0.0,0.0,20.0,0.0,0.0,0.0,0.0,0.0,0.0,45.6
1790496697.265,100.0,80.0,81.8,80.0,90.0,80.0,80.0,81.8,81.8,80.0,80.0,80.0,80.0,80.0,81.8,80.0,81.8,81.8,80.0,80.0,81.8,81.8,88.9,88.9,88.9,0.0,0.0,30.0,0.0,0.0,0.0,0.0,40.0,0.0,0.0,0.0,0.0,0.0,0.0,0.0,0.0,0.0,36.4,9.1,0.0,100.0,0.0,0.0,0.0,20.0,0.0,0.0,0.0,0.0,0.0,0.0,41.2
1790496697.365,100.0,90.9,90.0,90.0,90.0,90.9,100.0,100.0,90.0,90.0,100.0,100.0,90.9,90.0,100.0,100.0,90.0,90.0,90.0,90.0,90.0,90.0,90.0,90.0,90.0,0.0,0.0,0.0,0.0,0.0,9.1,0.0,40.0,0.0,0.0,0.0,0.0,0.0,0.0,0.0,0.0,0.0,30.0,0.0,0.0,100.0,0.0,0.0,0.0,10.0,0.0,0.0,0.0,9.1,0.0,30.0,45.6
1790496697.465,100.0,77.8,80.0,80.0,80.0,77.8,72.7,72.7,80.0,80.0,72.7,72.7,77.8,80.0,72.7,72.7,80.0,80.0,80.0,80.0,80.0,80.0,72.7,80.0,80.0,0.0,9.1,0.0,0.0,0.0,10.0,0.0,40.0,0.0,0.0,0.0,0.0,0.0,27.3,0.0,0.0,0.0,33.3,0.0,0.0,100.0,0.0,0.0,0.0,11.1,0.0,0.0,0.0,0.0,0.0,9.1,39.3
1790496697.566,100.0,90.9,90.0,90.0,90.0,90.9,90.0,90.0,90.0,90.0,90.0,90.0,90.0,90.0,90.0,90.0,90.0,90.0,90.0,90.0,90.0,90.0,100.0,90.0,90.0,27.3,0.0,0.0,0.0,0.0,0.0,9.1,40.0,0.0,0.0,0.0,0.0,0.0,0.0,0.0,0.0,0.0,27.3,0.0,0.0,100.0,0.0,0.0,0.0,18.2,0.0,0.0,0.0,0.0,0.0,0.0,44.5
1790496697.666,100.0,77.8,80.0,80.0,80.0,77.8,77.8,80.0,77.8,80.0,80.0,80.0,80.0,80.0,80.0,80.0,80.0,80.0,80.0,80.0,80.0,80.0,72.7,72.7,80.0,0.0,0.0,0.0,0.0,0.0,0.0,0.0,40.0,0.0,0.0,0.0,0.0,0.0,0.0,0.0,0.0,0.0,40.0,0.0,0.0,100.0,0.0,0.0,0.0,20.0,0.0,0.0,0.0,20.0,0.0,0.0,39.6
1790496697.766,100.0,80.0,70.0,80.0,70.0,80.0,80.0,77.8,80.0,80.0,80.0,80.0,72.7,70.0,77.8,80.0,70.0,70.0,72.7,80.0,77.8,77.8,80.0,80.0,72.7,0.0,0.0,0.0,0.0,0.0,0.0,0.0,40.0,27.3,0.0,0.0,0.0,0.0,0.0,0.0,0.0,0.0,30.0,0.0,0.0,100.0,0.0,0.0,0.0,20.0,0.0,0.0,0.0,0.0,9.1,0.0,38.7
1790496697.866,100.0,90.0,90.0,88.9,90.0,90.0,90.0,90.0,81.8,80.0,88.9,88.9,90.0,90.0,90.0,88.9,90.0,90.0,90.0,81.8,81.8,81.8,88.9,88.9,88.9,0.0,0.0,0.0,0.0,11.1,0.0,0.0,10.0,40.0,9.1,0.0,0.0,0.0,0.0,0.0,0.0,0.0,22.2,0.0,0.0,100.0,0.0,0.0,0.0,10.0,0.0,0.0,0.0,0.0,0.0,0.0,43.1
1790496697.966,100.0,80.0,80.0,81.8,80.0,80.0,80.0,80.0,80.0,81.8,81.8,81.8,80.0,80.0,80.0,81.8,80.0,80.0,80.0,80.0,80.0,88.9,81.8,81.8,81.8,0.0,0.0,0.0,0.0,50.0,0.0,0.0,0.0,40.0,9.1,0.0,0.0,0.0,0.0,0.0,0.0,0.0,36.4,0.0,0.0,100.0,0.0,0.0,0.0,10.0,0.0,0.0,0.0,0.0,0.0,0.0,40.9
1790496698.066,100.0,88.9,80.0,80.0,80.0,80.0,80.0,80.0,80.0,80.0,80.0,80.0,80.0,80.0,80.0,80.0,80.0,80.0,80.0,80.0,88.9,80.0,80.0,80.0,80.0,27.3,0.0,0.0,0.0,20.0,0.0,0.0,0.0,40.0,0.0,0.0,0.0,0.0,0.0,0.0,0.0,0.0,22.2,0.0,0.0,100.0,0.0,11.1,0.0,20.0,0.0,0.0,0.0,0.0,0.0,9.1,40.8
1790496698.166,100.0,70.0,80.0,70.0,80.0,72.7,72.7,72.7,80.0,77.8,70.0,70.0,80.0,80.0,72.7,70.0,80.0,80.0,80.0,80.0,72.7,72.7,70.0,77.8,77.8,30.0,0.0,0.0,0.0,0.0,0.0,0.0,0.0,33.3,0.0,0.0,0.0,0.0,0.0,0.0,0.0,0.0,30.0,0.0,0.0,100.0,0.0,0.0,0.0,10.0,0.0,0.0,0.0,0.0,0.0,0.0,37.7
1790496698.267,100.0,90.0,90.0,90.0,90.0,90.0,90.0,90.0,90.0,90.0,90.0,90.0,88.9,90.0,90.0,90.0,90.0,90.0,88.9,88.9,90.0,90.0,90.0,90.0,90.0,22.2,9.1,0.0,0.0,0.0,0.0,0.0,0.0,45.5,0.0,0.0,0.0,0.0,0.0,0.0,0.0,0.0,36.4,0.0,0.0,100.0,0.0,0.0,0.0,20.0,0.0,0.0,0.0,0.0,0.0,0.0,44.5
1790496698.367,100.0,80.0,72.7,80.0,70.0,77.8,77.8,77.8,77.8,72.7,80.0,80.0,72.7,72.7,77.8,80.0,70.0,72.7,72.7,80.0,77.8,80.0,80.0,72.7,72.7,30.0,0.0,0.0,0.0,0.0,0.0,0.0,0.0,30.0,0.0,0.0,0.0,0.0,0.0,0.0,0.0,0.0,30.0,0.0,0.0,100.0,0.0,0.0,0.0,10.0,0.0,0.0,0.0,0.0,0.0,0.0,38.0
1790496698.467,100.0,90.0,90.0,90.0,90.0,90.0,90.0,90.9,90.0,100.0,90.0,90.0,90.0,90.0,90.0,90.0,90.0,90.0,90.0,90.0,90.0,90.0,90.0,90.0,90.0,0.0,0.0,0.0,0.0,0.0,0.0,9.1,0.0,40.0,0.0,0.0,0.0,0.0,0.0,0.0,0.0,0.0,30.0,0.0,0.0,100.0,0.0,0.0,0.0,20.0,0.0,0.0,0.0,0.0,9.1,27.3,44.8
1790496698.567,100.0,90.0,100.0,90.0,100.0,90.9,90.9,90.0,90.9,90.0,90.0,90.9,100.0,100.0,90.9,90.0,100.0,100.0,100.0,90.9,90.9,90.0,90.0,100.0,100.0,0.0,0.0,0.0,0.0,0.0,0.0,0.0,0.0,45.5,0.0,0.0,0.0,0.0,0.0,0.0,0.0,0.0,30.0,0.0,0.0,100.0,0.0,0.0,0.0,0.0,0.0,0.0,0.0,0.0,0.0,22.2,45.6
1790496698.667,100.0,90.9,90.0,90.9,90.0,90.0,90.0,90.0,90.0,90.0,90.9,90.0,90.0,90.0,90.0,90.9,90.0,90.0,90.0,90.0,90.0,90.0,100.0,90.9,90.9,0.0,0.0,0.0,0.0,0.0,0.0,10.0,0.0,40.0,0.0,0.0,0.0,0.0,0.0,0.0,0.0,0.0,33.3,0.0,0.0,100.0,0.0,0.0,0.0,20.0,0.0,0.0,0.0,0.0,0.0,30.0,44.8
1790496698.767,100.0,88.9,80.0,88.9,80.0,80.0,88.9,88.9,80.0,80.0,88.9,88.9,80.0,80.0,88.9,80.0,80.0,80.0,80.0,80.0,80.0,80.0,80.0,80.0,80.0,0.0,0.0,0.0,0.0,0.0,0.0,0.0,0.0,33.3,0.0,0.0,0.0,0.0,0.0,0.0,0.0,0.0,36.4,0.0,0.0,100.0,0.0,0.0,0.0,10.0,0.0,0.0,0.0,0.0,0.0,30.0,40.9
1790496698.867,100.0,90.0,90.0,90.0,90.0,100.0,90.0,90.0,90.0,90.9,90.0,90.9,90.0,90.0,90.0,100.0,90.0,90.0,90.0,90.0,90.0,90.0,90.9,90.0,90.0,45.5,0.0,9.1,0.0,0.0,0.0,9.1,0.0,50.0,0.0,0.0,0.0,0.0,0.0,0.0,0.0,0.0,0.0,0.0,0.0,100.0,0.0,0.0,0.0,20.0,0.0,0.0,0.0,0.0,0.0,36.4,45.6
1790496698.968,100.0,80.0,80.0,70.0,80.0,72.7,72.7,72.7,80.0,77.8,70.0,70.0,80.0,80.0,72.7,70.0,80.0,80.0,80.0,80.0,80.0,80.0,70.0,77.8,80.0,22.2,0.0,0.0,0.0,0.0,0.0,0.0,0.0,33.3,0.0,0.0,0.0,0.0,0.0,0.0,0.0,0.0,0.0,0.0,0.0,100.0,0.0,0.0,0.0,20.0,0.0,0.0,0.0,0.0,0.0,22.2,38.1
1790496699.068,100.0,90.0,90.9,100.0,90.0,100.0,100.0,100.0,90.0,90.9,100.0,100.0,90.0,90.0,100.0,100.0,90.0,90.0,90.0,90.0,90.0,90.0,100.0,90.9,90.0,40.0,0.0,0.0,0.0,0.0,0.0,0.0,0.0,45.5,0.0,0.0,0.0,0.0,0.0,0.0,0.0,0.0,0.0,0.0,0.0,100.0,0.0,0.0,0.0,10.0,0.0,9.1,0.0,0.0,0.0,36.4,46.3
1790496699.168,100.0,80.0,77.8,80.0,80.0,80.0,80.0,80.0,80.0,80.0,80.0,77.8,80.0,80.0,80.0,80.0,80.0,80.0,80.0,80.0,80.0,80.0,80.0,80.0,80.0,40.0,0.0,0.0,0.0,0.0,0.0,0.0,0.0,33.3,0.0,0.0,0.0,0.0,0.0,0.0,0.0,0.0,0.0,0.0,0.0,100.0,0.0,0.0,0.0,20.0,0.0,0.0,0.0,0.0,0.0,30.0,40.0
1790496699.268,100.0,77.8,80.0,70.0,72.7,72.7,72.7,72.7,80.0,77.8,70.0,72.7,80.0,72.7,72.7,70.0,72.7,80.0,72.7,80.0,80.0,80.0,70.0,70.0,70.0,40.0,10.0,9.1,0.0,0.0,0.0,0.0,0.0,41.7,0.0,0.0,0.0,0.0,0.0,0.0,0.0,0.0,0.0,0.0,0.0,100.0,0.0,0.0,0.0,20.0,0.0,0.0,0.0,0.0,9.1,30.0,38.4
1790496699.368,100.0,90.9,90.0,90.9,90.0,90.0,90.0,90.0,90.0,90.0,90.9,90.0,90.0,90.0,90.0,90.0,90.9,90.0,90.0,90.0,90.0,90.0,90.0,90.9,90.9,30.0,0.0,0.0,0.0,0.0,0.0,0.0,18.2,44.4,0.0,0.0,0.0,0.0,0.0,0.0,0.0,0.0,0.0,0.0,0.0,100.0,0.0,0.0,0.0,10.0,0.0,0.0,0.0,0.0,0.0,0.0,44.1
1790496699.468,100.0,80.0,81.8,80.0,88.9,80.0,80.0,81.8,80.0,81.8,80.0,81.8,80.0,90.0,80.0,81.8,88.9,81.8,88.9,80.0,80.0,80.0,81.8,88.9,88.9,40.0,0.0,0.0,0.0,0.0,0.0,0.0,40.0,10.0,0.0,0.0,0.0,0.0,0.0,0.0,0.0,0.0,0.0,0.0,0.0,100.0,0.0,0.0,0.0,10.0,0.0,0.0,0.0,0.0,0.0,30.0,41.4
1790496699.568,100.0,90.0,90.0,100.0,90.9,100.0,100.0,100.0,90.0,90.0,100.0,100.0,90.0,90.0,100.0,100.0,90.9,90.0,90.0,90.0,90.9,90.9,100.0,90.0,90.0,30.0,0.0,0.0,0.0,0.0,9.1,0.0,50.0,11.1,0.0,0.0,0.0,0.0,0.0,0.0,0.0,0.0,0.0,0.0,0.0,100.0,0.0,0.0,0.0,20.0,0.0,0.0,0.0,0.0,0.0,0.0,46.0
1790496699.668,100.0,80.0,80.0,80.0,80.0,81.8,81.8,80.0,80.0,80.0,80.0,80.0,80.0,80.0,80.0,72.7,80.0,80.0,80.0,80.0,80.0,80.0,80.0,80.0,80.0,44.4,0.0,0.0,0.0,0.0,9.1,0.0,0.0,36.4,0.0,0.0,0.0,0.0,0.0,0.0,0.0,0.0,18.2,0.0,0.0,100.0,0.0,0.0,0.0,20.0,0.0,0.0,0.0,0.0,0.0,0.0,40.1
1790496699.769,100.0,90.0,90.0,90.0,90.0,90.0,90.0,90.0,90.0,90.0,90.0,90.0,90.0,90.0,90.0,90.0,90.0,90.0,90.0,90.0,90.0,90.0,90.0,90.0,90.0,10.0,0.0,11.1,0.0,0.0,0.0,10.0,0.0,45.5,0.0,0.0,0.0,0.0,0.0,0.0,0.0,0.0,30.0,0.0,0.0,100.0,0.0,0.0,0.0,10.0,0.0,0.0,0.0,0.0,0.0,0.0,44.2
1790496699.869,100.0,90.0,90.0,81.8,80.0,80.0,80.0,80.0,90.0,90.0,81.8,81.8,90.0,80.0,80.0,90.0,80.0,90.0,81.8,90.0,88.9,88.9,81.8,81.8,81.8,11.1,9.1,10.0,0.0,0.0,0.0,0.0,0.0,40.0,0.0,0.0,0.0,0.0,0.0,0.0,0.0,0.0,30.0,0.0,9.1,100.0,0.0,0.0,0.0,20.0,0.0,0.0,0.0,0.0,0.0,0.0,42.1
1790496699.969,100.0,77.8,70.0,77.8,80.0,80.0,80.0,80.0,70.0,70.0,77.8,77.8,72.7,80.0,80.0,77.8,80.0,77.8,77.8,70.0,80.0,80.0,77.8,77.8,77.8,18.2,0.0,0.0,0.0,0.0,0.0,0.0,0.0,33.3,0.0,0.0,0.0,0.0,0.0,0.0,0.0,0.0,22.2,0.0,0.0,100.0,0.0,0.0,0.0,10.0,0.0,0.0,0.0,0.0,0.0,22.2,38.5
1790496700.069,100.0,90.0,90.0,90.0,88.9,88.9,88.9,88.9,90.0,90.0,90.0,90.0,88.9,88.9,88.9,90.0,88.9,81.8,90.0,90.0,80.0,80.0,90.0,90.0,90.0,22.2,0.0,20.0,0.0,0.0,0.0,0.0,0.0,40.0,0.0,0.0,0.0,0.0,0.0,0.0,0.0,0.0,18.2,0.0,0.0,100.0,0.0,0.0,0.0,10.0,0.0,0.0,0.0,0.0,0.0,0.0,43.5
1790496700.169,100.0,70.0,70.0,70.0,72.7,70.0,70.0,72.7,70.0,70.0,70.0,70.0,70.0,72.7,72.7,70.0,70.0,77.8,70.0,70.0,72.7,80.0,70.0,70.0,70.0,30.0,0.0,22.2,0.0,0.0,0.0,0.0,0.0,40.0,0.0,0.0,0.0,0.0,0.0,0.0,0.0,0.0,0.0,0.0,0.0,100.0,0.0,0.0,0.0,20.0,0.0,0.0,0.0,0.0,0.0,0.0,36.1
1790496700.269,100.0,80.0,88.9,80.0,80.0,81.8,81.8,80.0,88.9,88.9,80.0,80.0,81.8,80.0,80.0,80.0,81.8,80.0,80.0,88.9,88.9,80.0,80.0,80.0,80.0,36.4,0.0,36.4,0.0,0.0,0.0,0.0,0.0,40.0,0.0,0.0,0.0,0.0,0.0,0.0,0.0,0.0,0.0,0.0,0.0,100.0,0.0,0.0,9.1,11.1,0.0,0.0,0.0,0.0,0.0,0.0,41.2
1790496700.369,100.0,90.0,90.0,90.0,90.0,90.0,88.9,90.0,90.0,81.8,90.0,90.0,88.9,90.0,90.0,90.0,90.0,90.0,90.0,81.8,90.0,90.0,90.0,90.0,90.0,22.2,0.0,0.0,0.0,0.0,0.0,0.0,0.0,40.0,0.0,0.0,0.0,0.0,0.0,0.0,0.0,33.3,0.0,0.0,0.0,100.0,0.0,0.0,0.0,20.0,0.0,0.0,0.0,0.0,0.0,0.0,43.9
1790496700.470,100.0,80.0,80.0,80.0,80.0,77.8,80.0,80.0,80.0,88.9,80.0,80.0,80.0,80.0,80.0,80.0,77.8,80.0,80.0,88.9,80.0,80.0,80.0,80.0,80.0,33.3,0.0,20.0,0.0,0.0,0.0,0.0,0.0,40.0,0.0,0.0,0.0,0.0,0.0,0.0,0.0,0.0,0.0,0.0,0.0,100.0,0.0,0.0,0.0,18.2,0.0,0.0,0.0,0.0,0.0,0.0,40.1
1790496700.570,100.0,100.0,90.0,90.9,100.0,90.9,90.9,90.0,90.9,90.0,90.9,90.0,100.0,100.0,90.0,90.0,100.0,90.9,100.0,90.9,90.0,90.0,90.0,100.0,100.0,40.0,0.0,10.0,0.0,0.0,0.0,9.1,0.0,40.0,0.0,0.0,0.0,0.0,0.0,0.0,0.0,0.0,0.0,0.0,0.0,100.0,0.0,0.0,0.0,10.0,0.0,0.0,0.0,0.0,9.1,27.3,46.3
1790496700.670,100.0,90.0,90.9,100.0,90.0,100.0,100.0,100.0,90.0,90.9,100.0,100.0,90.0,90.0,100.0,90.0,90.0,90.0,90.0,90.0,90.0,90.0,100.0,90.9,90.9,45.5,0.0,10.0,0.0,0.0,0.0,0.0,0.0,40.0,0.0,0.0,0.0,0.0,0.0,0.0,0.0,0.0,0.0,0.0,0.0,100.0,0.0,0.0,0.0,20.0,0.0,0.0,0.0,0.0,0.0,11.1,45.9
1790496700.770,100.0,80.0,80.0,80.0,81.8,80.0,80.0,81.8,80.0,80.0,80.0,80.0,80.0,81.8,80.0,90.0,80.0,88.9,80.0,80.0,90.0,90.0,81.8,80.0,80.0,40.0,0.0,30.0,0.0,0.0,0.0,0.0,0.0,40.0,0.0,0.0,0.0,0.0,0.0,0.0,0.0,0.0,0.0,0.0,0.0,100.0,0.0,0.0,0.0,20.0,0.0,0.0,0.0,0.0,0.0,0.0,41.0
1790496700.870,100.0,100.0,100.0,90.9,100.0,90.9,90.9,90.0,100.0,100.0,90.0,90.0,100.0,100.0,90.9,90.0,100.0,90.9,100.0,100.0,90.0,90.0,90.0,90.0,100.0,40.0,0.0,20.0,0.0,0.0,0.0,0.0,0.0,40.0,0.0,0.0,0.0,0.0,0.0,0.0,0.0,0.0,0.0,0.0,0.0,100.0,0.0,0.0,0.0,10.0,0.0,0.0,0.0,0.0,9.1,0.0,46.3
1790496700.970,100.0,80.0,80.0,88.9,80.0,88.9,88.9,88.9,80.0,80.0,90.0,88.9,80.0,80.0,88.9,80.0,80.0,80.0,80.0,80.0,80.0,80.0,88.9,88.9,80.0,33.3,0.0,30.0,0.0,0.0,0.0,0.0,0.0,45.5,0.0,0.0,0.0,0.0,0.0,0.0,0.0,0.0,0.0,0.0,0.0,100.0,0.0,0.0,0.0,20.0,0.0,0.0,0.0,0.0,0.0,0.0,41.6
1790496701.070,100.0,88.9,90.0,80.0,81.8,80.0,80.0,81.8,88.9,90.0,80.0,81.8,88.9,81.8,80.0,90.0,80.0,88.9,80.0,88.9,90.0,90.0,81.8,81.8,81.8,33.3,0.0,30.0,0.0,0.0,9.1,0.0,0.0,40.0,0.0,0.0,0.0,0.0,0.0,0.0,0.0,0.0,0.0,0.0,0.0,100.0,0.0,0.0,0.0,10.0,0.0,0.0,0.0,0.0,0.0,0.0,42.0
1790496701.171,100.0,81.8,80.0,90.0,88.9,90.0,90.0,88.9,81.8,80.0,90.0,88.9,81.8,88.9,90.0,88.9,90.0,90.0,90.0,81.8,80.0,88.9,88.9,88.9,88.9,40.0,0.0,30.0,0.0,0.0,0.0,0.0,0.0,40.0,0.0,0.0,0.0,0.0,0.0,0.0,0.0,0.0,0.0,0.0,0.0,100.0,0.0,0.0,0.0,20.0,0.0,0.0,0.0,0.0,0.0,0.0,43.2
1790496701.271,100.0,88.9,80.0,80.0,80.0,80.0,80.0,80.0,80.0,80.0,77.8,80.0,80.0,80.0,80.0,80.0,80.0,80.0,77.8,77.8,80.0,80.0,80.0,80.0,80.0,40.0,10.0,22.2,0.0,0.0,0.0,0.0,0.0,33.3,0.0,0.0,0.0,0.0,0.0,0.0,0.0,0.0,0.0,0.0,0.0,100.0,0.0,0.0,0.0,10.0,0.0,0.0,0.0,0.0,0.0,0.0,40.0
1790496701.371,100.0,33.3,40.0,30.0,40.0,33.3,30.0,36.4,33.3,40.0,36.4,36.4,33.3,40.0,30.0,36.4,33.3,30.0,40.0,40.0,40.0,30.0,40.0,40.0,40.0,30.0,0.0,36.4,0.0,0.0,0.0,0.0,0.0,40.0,0.0,0.0,0.0,0.0,0.0,0.0,0.0,0.0,0.0,0.0,0.0,100.0,0.0,0.0,0.0,20.0,0.0,0.0,0.0,0.0,0.0,0.0,21.2
1790496701.471,100.0,27.3,0.0,0.0,0.0,0.0,0.0,0.0,0.0,0.0,0.0,0.0,0.0,0.0,0.0,0.0,0.0,0.0,0.0,0.0,0.0,0.0,0.0,0.0,0.0,36.4,0.0,0.0,0.0,0.0,0.0,0.0,0.0,50.0,0.0,0.0,0.0,0.0,0.0,0.0,0.0,0.0,0.0,0.0,0.0,100.0,0.0,0.0,0.0,20.0,0.0,0.0,0.0,0.0,0.0,0.0,6.0
1790496701.571,100.0,0.0,0.0,0.0,0.0,0.0,0.0,0.0,0.0,0.0,0.0,0.0,0.0,0.0,0.0,0.0,0.0,0.0,0.0,0.0,0.0,0.0,0.0,0.0,0.0,33.3,0.0,0.0,0.0,0.0,0.0,0.0,0.0,45.5,0.0,0.0,0.0,0.0,0.0,0.0,0.0,0.0,0.0,0.0,0.0,100.0,0.0,0.0,0.0,30.0,0.0,0.0,0.0,0.0,0.0,0.0,5.5
1790496701.671,100.0,0.0,0.0,0.0,0.0,0.0,0.0,0.0,0.0,0.0,0.0,0.0,0.0,0.0,0.0,0.0,0.0,0.0,0.0,0.0,0.0,0.0,0.0,0.0,0.0,36.4,0.0,0.0,0.0,0.0,0.0,0.0,0.0,44.4,0.0,0.0,0.0,0.0,0.0,0.0,0.0,0.0,0.0,0.0,0.0,100.0,0.0,0.0,0.0,20.0,0.0,0.0,0.0,0.0,0.0,0.0,5.4
1790496701.772,100.0,0.0,0.0,0.0,0.0,0.0,0.0,0.0,0.0,0.0,0.0,0.0,0.0,0.0,0.0,0.0,0.0,0.0,0.0,0.0,0.0,0.0,0.0,0.0,0.0,33.3,0.0,0.0,0.0,0.0,0.0,0.0,0.0,45.5,0.0,0.0,0.0,0.0,0.0,0.0,0.0,0.0,0.0,0.0,0.0,100.0,0.0,0.0,0.0,20.0,0.0,0.0,0.0,0.0,0.0,0.0,5.3
1790496701.872,100.0,0.0,0.0,0.0,0.0,0.0,0.0,0.0,0.0,0.0,0.0,0.0,0.0,0.0,0.0,0.0,0.0,0.0,0.0,0.0,0.0,0.0,0.0,0.0,0.0,27.3,0.0,0.0,0.0,0.0,0.0,0.0,0.0,50.0,0.0,0.0,0.0,0.0,0.0,0.0,0.0,0.0,0.0,0.0,0.0,100.0,0.0,0.0,0.0,20.0,0.0,0.0,0.0,0.0,0.0,0.0,5.3
1790496701.972,100.0,0.0,0.0,0.0,0.0,0.0,0.0,0.0,0.0,0.0,0.0,0.0,0.0,0.0,0.0,0.0,0.0,0.0,0.0,0.0,0.0,0.0,0.0,0.0,0.0,40.0,0.0,0.0,0.0,0.0,0.0,0.0,0.0,44.4,0.0,0.0,0.0,0.0,0.0,0.0,0.0,0.0,0.0,0.0,0.0,100.0,0.0,0.0,0.0,20.0,0.0,0.0,0.0,0.0,0.0,0.0,5.4
1790496702.072,100.0,0.0,0.0,0.0,0.0,0.0,0.0,0.0,0.0,0.0,0.0,0.0,0.0,0.0,0.0,0.0,0.0,0.0,0.0,0.0,0.0,0.0,0.0,0.0,0.0,22.2,0.0,0.0,0.0,0.0,0.0,9.1,0.0,45.5,0.0,0.0,0.0,0.0,0.0,0.0,0.0,0.0,0.0,0.0,0.0,100.0,0.0,0.0,0.0,20.0,0.0,0.0,0.0,0.0,0.0,0.0,5.3
1790496702.172,100.0,0.0,0.0,0.0,0.0,0.0,0.0,0.0,0.0,0.0,0.0,0.0,0.0,0.0,0.0,0.0,0.0,0.0,0.0,0.0,0.0,0.0,0.0,0.0,0.0,40.0,0.0,0.0,0.0,0.0,0.0,0.0,0.0,44.4,0.0,0.0,0.0,0.0,0.0,0.0,0.0,0.0,0.0,0.0,0.0,100.0,0.0,0.0,0.0,20.0,0.0,0.0,0.0,0.0,0.0,0.0,5.4
1790496702.272,100.0,10.0,0.0,0.0,0.0,0.0,0.0,0.0,0.0,0.0,0.0,0.0,0.0,0.0,0.0,0.0,0.0,0.0,0.0,0.0,0.0,0.0,0.0,0.0,0.0,30.0,0.0,0.0,0.0,0.0,0.0,0.0,0.0,54.5,0.0,0.0,0.0,0.0,0.0,0.0,0.0,0.0,0.0,0.0,20.0,100.0,0.0,0.0,0.0,0.0,0.0,0.0,0.0,0.0,0.0,0.0,5.6
1790496702.372,100.0,0.0,0.0,0.0,0.0,0.0,0.0,0.0,0.0,0.0,0.0,0.0,0.0,0.0,20.0,0.0,0.0,0.0,0.0,0.0,0.0,0.0,0.0,0.0,0.0,30.0,9.1,0.0,0.0,0.0,0.0,9.1,0.0,40.0,0.0,0.0,0.0,0.0,0.0,0.0,0.0,0.0,0.0,0.0,0.0,100.0,0.0,0.0,0.0,20.0,0.0,9.1,9.1,0.0,0.0,0.0,6.2
1790496702.473,100.0,22.2,0.0,0.0,0.0,0.0,0.0,0.0,0.0,0.0,0.0,0.0,0.0,0.0,0.0,0.0,0.0,0.0,0.0,0.0,0.0,0.0,0.0,0.0,0.0,30.0,0.0,0.0,0.0,0.0,0.0,0.0,0.0,44.4,0.0,0.0,0.0,0.0,0.0,0.0,0.0,0.0,0.0,0.0,0.0,100.0,0.0,0.0,0.0,36.4,0.0,0.0,0.0,0.0,9.1,9.1,6.3
1790496702.573,100.0,0.0,0.0,0.0,0.0,0.0,0.0,0.0,0.0,0.0,0.0,0.0,0.0,0.0,0.0,0.0,0.0,0.0,0.0,0.0,0.0,0.0,0.0,0.0,0.0,40.0,0.0,0.0,0.0,0.0,0.0,0.0,0.0,50.0,0.0,0.0,0.0,0.0,0.0,0.0,0.0,0.0,0.0,0.0,0.0,100.0,0.0,0.0,0.0,20.0,0.0,0.0,0.0,0.0,22.2,0.0,5.9
1790496702.673,100.0,20.0,0.0,0.0,0.0,0.0,0.0,0.0,0.0,0.0,0.0,0.0,0.0,0.0,0.0,0.0,0.0,0.0,0.0,0.0,0.0,0.0,0.0,0.0,0.0,30.0,0.0,0.0,0.0,0.0,0.0,0.0,0.0,44.4,0.0,0.0,0.0,0.0,0.0,0.0,0.0,0.0,0.0,0.0,0.0,100.0,0.0,0.0,0.0,20.0,0.0,0.0,0.0,0.0,0.0,0.0,5.6
1790496702.773,100.0,10.0,0.0,0.0,0.0,0.0,0.0,0.0,0.0,0.0,0.0,0.0,0.0,0.0,0.0,0.0,0.0,0.0,0.0,0.0,0.0,0.0,0.0,0.0,0.0,40.0,0.0,0.0,0.0,0.0,0.0,0.0,0.0,50.0,0.0,70.0,0.0,0.0,0.0,0.0,0.0,0.0,0.0,0.0,27.3,100.0,0.0,0.0,0.0,10.0,0.0,0.0,0.0,0.0,0.0,0.0,7.3
1790496702.873,100.0,0.0,0.0,0.0,0.0,0.0,0.0,0.0,0.0,0.0,0.0,0.0,0.0,0.0,20.0,0.0,0.0,0.0,0.0,0.0,0.0,0.0,0.0,0.0,0.0,36.4,0.0,0.0,0.0,0.0,0.0,0.0,0.0,40.0,0.0,88.9,0.0,0.0,0.0,0.0,0.0,0.0,0.0,0.0,0.0,100.0,0.0,0.0,0.0,20.0,0.0,0.0,9.1,0.0,0.0,0.0,7.4
1790496702.973,100.0,0.0,0.0,0.0,0.0,0.0,0.0,0.0,0.0,0.0,0.0,0.0,0.0,0.0,27.3,0.0,0.0,0.0,0.0,0.0,0.0,0.0,0.0,0.0,0.0,33.3,0.0,0.0,0.0,0.0,0.0,0.0,0.0,44.4,0.0,0.0,0.0,0.0,0.0,0.0,0.0,0.0,0.0,0.0,0.0,100.0,0.0,0.0,0.0,20.0,0.0,0.0,0.0,0.0,0.0,0.0,5.8
1790496703.074,100.0,22.2,0.0,0.0,0.0,0.0,0.0,0.0,0.0,0.0,0.0,0.0,0.0,0.0,0.0,0.0,0.0,0.0,0.0,0.0,0.0,0.0,0.0,0.0,0.0,36.4,0.0,0.0,0.0,0.0,0.0,0.0,0.0,54.5,0.0,0.0,0.0,0.0,0.0,0.0,0.0,0.0,0.0,0.0,0.0,100.0,0.0,0.0,0.0,18.2,0.0,0.0,0.0,0.0,0.0,9.1,6.1
1790496703.174,100.0,0.0,0.0,0.0,0.0,0.0,0.0,0.0,0.0,0.0,0.0,0.0,0.0,0.0,0.0,0.0,0.0,0.0,0.0,0.0,0.0,0.0,0.0,0.0,0.0,33.3,0.0,0.0,0.0,0.0,0.0,0.0,22.2,40.0,0.0,0.0,0.0,0.0,0.0,0.0,0.0,0.0,0.0,0.0,0.0,100.0,0.0,0.0,9.1,22.2,0.0,0.0,0.0,70.0,0.0,0.0,7.1
1790496703.274,100.0,10.0,0.0,0.0,0.0,0.0,0.0,0.0,0.0,0.0,0.0,0.0,0.0,0.0,0.0,0.0,0.0,0.0,0.0,0.0,0.0,0.0,0.0,0.0,0.0,40.0,9.1,0.0,0.0,0.0,0.0,0.0,9.1,44.4,0.0,0.0,0.0,0.0,0.0,0.0,0.0,0.0,20.0,0.0,0.0,100.0,0.0,0.0,0.0,20.0,0.0,0.0,0.0,100.0,0.0,0.0,8.1
1790496703.374,100.0,0.0,0.0,0.0,0.0,0.0,0.0,0.0,0.0,0.0,0.0,0.0,0.0,0.0,0.0,0.0,0.0,0.0,0.0,0.0,0.0,0.0,0.0,0.0,0.0,40.0,0.0,0.0,0.0,0.0,20.0,0.0,0.0,50.0,0.0,0.0,0.0,0.0,0.0,0.0,0.0,0.0,10.0,0.0,0.0,100.0,0.0,0.0,0.0,10.0,0.0,0.0,0.0,100.0,0.0,0.0,7.7
1790496703.474,100.0,0.0,9.1,0.0,0.0,0.0,0.0,0.0,0.0,0.0,0.0,0.0,0.0,0.0,0.0,0.0,0.0,0.0,0.0,0.0,0.0,0.0,0.0,0.0,0.0,40.0,0.0,0.0,0.0,0.0,10.0,0.0,20.0,44.4,0.0,0.0,0.0,0.0,0.0,0.0,0.0,0.0,0.0,0.0,0.0,100.0,0.0,0.0,0.0,30.0,0.0,0.0,0.0,100.0,0.0,0.0,8.1
1790496703.574,100.0,0.0,0.0,0.0,0.0,0.0,0.0,0.0,0.0,0.0,0.0,0.0,0.0,0.0,0.0,0.0,0.0,0.0,0.0,0.0,0.0,0.0,0.0,0.0,0.0,40.0,0.0,0.0,0.0,0.0,0.0,9.1,30.0,50.0,0.0,0.0,0.0,0.0,0.0,0.0,0.0,0.0,0.0,0.0,0.0,100.0,0.0,0.0,0.0,20.0,0.0,0.0,0.0,100.0,0.0,0.0,8.0
1790496703.675,100.0,0.0,0.0,0.0,0.0,0.0,0.0,0.0,0.0,0.0,0.0,0.0,0.0,0.0,0.0,0.0,0.0,0.0,0.0,0.0,0.0,0.0,0.0,0.0,0.0,30.0,0.0,0.0,0.0,0.0,0.0,0.0,22.2,40.0,0.0,0.0,0.0,0.0,0.0,0.0,0.0,0.0,0.0,0.0,0.0,100.0,0.0,0.0,0.0,10.0,0.0,0.0,0.0,100.0,0.0,0.0,7.2
1790496703.775,100.0,20.0,0.0,0.0,0.0,0.0,0.0,0.0,0.0,0.0,0.0,0.0,0.0,0.0,0.0,0.0,0.0,0.0,0.0,0.0,0.0,0.0,0.0,0.0,0.0,70.0,20.0,0.0,0.0,0.0,0.0,0.0,9.1,44.4,0.0,0.0,0.0,0.0,0.0,0.0,0.0,0.0,0.0,0.0,0.0,100.0,0.0,0.0,0.0,20.0,0.0,0.0,0.0,45.5,0.0,0.0,7.7
1790496703.875,100.0,10.0,0.0,0.0,0.0,0.0,0.0,0.0,0.0,0.0,0.0,0.0,0.0,0.0,0.0,0.0,0.0,0.0,0.0,0.0,0.0,0.0,0.0,0.0,0.0,100.0,44.4,9.1,0.0,0.0,0.0,0.0,20.0,54.5,0.0,0.0,0.0,0.0,0.0,0.0,0.0,0.0,0.0,0.0,0.0,100.0,0.0,0.0,0.0,30.0,10.0,0.0,0.0,0.0,0.0,0.0,8.5
1790496703.975,100.0,0.0,10.0,0.0,0.0,0.0,0.0,0.0,0.0,0.0,0.0,0.0,0.0,0.0,0.0,0.0,0.0,0.0,0.0,0.0,0.0,0.0,0.0,0.0,0.0,100.0,36.4,0.0,0.0,0.0,0.0,0.0,30.0,40.0,0.0,0.0,0.0,0.0,0.0,0.0,0.0,0.0,0.0,0.0,0.0,100.0,0.0,0.0,0.0,0.0,0.0,0.0,0.0,0.0,0.0,0.0,7.4
1790496704.075,100.0,0.0,0.0,0.0,0.0,0.0,0.0,0.0,0.0,0.0,0.0,0.0,0.0,0.0,0.0,0.0,0.0,0.0,0.0,0.0,0.0,0.0,0.0,0.0,0.0,100.0,33.3,0.0,0.0,0.0,0.0,0.0,0.0,50.0,0.0,0.0,0.0,0.0,0.0,0.0,0.0,0.0,0.0,0.0,20.0,100.0,0.0,0.0,0.0,20.0,0.0,0.0,0.0,0.0,0.0,0.0,7.6
1790496704.175,100.0,27.3,0.0,0.0,0.0,0.0,0.0,0.0,0.0,0.0,0.0,0.0,0.0,0.0,0.0,0.0,0.0,0.0,0.0,0.0,0.0,0.0,0.0,0.0,0.0,100.0,40.0,0.0,0.0,0.0,0.0,0.0,0.0,40.0,0.0,0.0,0.0,0.0,0.0,0.0,0.0,0.0,0.0,0.0,0.0,100.0,0.0,0.0,0.0,20.0,0.0,0.0,0.0,0.0,0.0,0.0,7.6
1790496704.275,100.0,0.0,11.1,0.0,0.0,0.0,0.0,0.0,0.0,0.0,0.0,0.0,0.0,0.0,0.0,0.0,0.0,0.0,0.0,0.0,0.0,9.1,0.0,0.0,0.0,100.0,33.3,0.0,0.0,0.0,0.0,0.0,0.0,44.4,9.1,0.0,0.0,0.0,0.0,0.0,0.0,0.0,0.0,0.0,0.0,100.0,0.0,0.0,0.0,20.0,0.0,0.0,0.0,0.0,0.0,0.0,7.6
1790496704.376,100.0,0.0,18.2,0.0,0.0,0.0,0.0,0.0,0.0,0.0,0.0,0.0,0.0,0.0,0.0,0.0,0.0,0.0,0.0,0.0,0.0,0.0,0.0,0.0,0.0,100.0,41.7,0.0,0.0,0.0,0.0,0.0,11.1,50.0,0.0,0.0,0.0,0.0,0.0,0.0,0.0,0.0,0.0,0.0,0.0,100.0,0.0,0.0,0.0,20.0,0.0,0.0,0.0,0.0,0.0,0.0,7.9
1790496704.476,100.0,0.0,0.0,0.0,0.0,0.0,0.0,0.0,0.0,0.0,0.0,0.0,0.0,0.0,0.0,0.0,0.0,0.0,0.0,0.0,0.0,0.0,0.0,0.0,0.0,100.0,33.3,0.0,0.0,0.0,0.0,0.0,36.4,45.5,0.0,0.0,0.0,0.0,0.0,0.0,0.0,0.0,0.0,0.0,0.0,100.0,0.0,10.0,0.0,20.0,0.0,0.0,0.0,0.0,0.0,0.0,7.9
1790496704.576,100.0,0.0,0.0,0.0,0.0,0.0,0.0,0.0,0.0,0.0,0.0,0.0,0.0,0.0,20.0,0.0,0.0,0.0,0.0,0.0,0.0,0.0,0.0,0.0,0.0,100.0,40.0,0.0,0.0,0.0,0.0,0.0,0.0,44.4,0.0,0.0,0.0,0.0,0.0,0.0,0.0,0.0,0.0,0.0,0.0,100.0,0.0,0.0,0.0,20.0,0.0,0.0,0.0,0.0,0.0,0.0,7.6
1790496704.676,100.0,27.3,0.0,0.0,0.0,0.0,0.0,0.0,0.0,0.0,0.0,0.0,0.0,0.0,10.0,0.0,0.0,0.0,0.0,0.0,0.0,0.0,0.0,0.0,0.0,100.0,40.0,0.0,0.0,0.0,0.0,0.0,0.0,54.5,0.0,0.0,0.0,0.0,0.0,0.0,0.0,0.0,0.0,0.0,0.0,100.0,0.0,0.0,0.0,20.0,0.0,0.0,0.0,0.0,0.0,10.0,8.2
1790496704.776,100.0,0.0,0.0,0.0,0.0,0.0,0.0,0.0,0.0,0.0,0.0,0.0,0.0,0.0,0.0,0.0,0.0,0.0,0.0,0.0,0.0,0.0,0.0,0.0,0.0,100.0,40.0,0.0,0.0,0.0,0.0,0.0,0.0,40.0,0.0,0.0,0.0,0.0,0.0,0.0,0.0,0.0,0.0,0.0,0.0,100.0,0.0,0.0,0.0,30.0,0.0,0.0,0.0,0.0,0.0,10.0,7.5
1790496704.876,100.0,11.1,0.0,0.0,0.0,0.0,0.0,0.0,0.0,0.0,0.0,0.0,0.0,0.0,0.0,0.0,0.0,0.0,0.0,0.0,0.0,0.0,0.0,0.0,0.0,100.0,10.0,0.0,0.0,0.0,0.0,0.0,0.0,50.0,0.0,0.0,0.0,0.0,0.0,0.0,0.0,0.0,0.0,0.0,0.0,100.0,0.0,0.0,0.0,20.0,0.0,10.0,0.0,0.0,0.0,40.0,7.9
1790496704.977,100.0,18.2,0.0,0.0,0.0,0.0,0.0,0.0,0.0,0.0,0.0,0.0,0.0,0.0,0.0,0.0,0.0,0.0,0.0,0.0,0.0,0.0,0.0,0.0,0.0,100.0,0.0,0.0,0.0,0.0,0.0,0.0,0.0,40.0,20.0,0.0,0.0,0.0,0.0,0.0,0.0,0.0,0.0,0.0,0.0,100.0,0.0,0.0,0.0,30.0,0.0,0.0,0.0,0.0,0.0,30.0,7.8
1790496705.077,100.0,0.0,0.0,0.0,0.0,0.0,0.0,0.0,0.0,0.0,0.0,0.0,0.0,0.0,0.0,0.0,0.0,0.0,0.0,0.0,0.0,0.0,0.0,0.0,0.0,100.0,0.0,9.1,0.0,0.0,0.0,0.0,20.0,50.0,0.0,0.0,0.0,0.0,0.0,0.0,0.0,0.0,0.0,0.0,0.0,100.0,0.0,0.0,0.0,20.0,0.0,0.0,0.0,0.0,0.0,40.0,7.8
1790496705.177,100.0,0.0,0.0,0.0,0.0,0.0,0.0,0.0,0.0,0.0,0.0,0.0,0.0,0.0,0.0,0.0,0.0,0.0,0.0,0.0,0.0,0.0,0.0,0.0,0.0,100.0,0.0,80.0,0.0,0.0,0.0,0.0,30.0,50.0,9.1,0.0,0.0,0.0,0.0,0.0,0.0,0.0,0.0,0.0,0.0,100.0,0.0,0.0,0.0,20.0,0.0,0.0,0.0,0.0,0.0,40.0,9.4
1790496705.277,100.0,0.0,0.0,0.0,0.0,0.0,0.0,0.0,0.0,0.0,0.0,0.0,0.0,0.0,0.0,0.0,0.0,0.0,0.0,0.0,0.0,0.0,0.0,0.0,0.0,100.0,0.0,0.0,0.0,0.0,0.0,9.1,20.0,45.5,0.0,0.0,0.0,0.0,0.0,0.0,0.0,0.0,9.1,0.0,0.0,100.0,0.0,0.0,0.0,30.0,0.0,0.0,0.0,0.0,0.0,33.3,8.0
1790496705.377,100.0,0.0,0.0,0.0,0.0,9.1,0.0,0.0,0.0,0.0,0.0,0.0,0.0,0.0,0.0,0.0,0.0,0.0,0.0,0.0,0.0,0.0,0.0,0.0,0.0,100.0,0.0,0.0,0.0,0.0,0.0,0.0,30.0,44.4,0.0,0.0,0.0,0.0,0.0,0.0,0.0,0.0,0.0,0.0,0.0,100.0,0.0,0.0,0.0,20.0,0.0,0.0,0.0,9.1,0.0,36.4,8.0
1790496705.477,100.0,0.0,9.1,0.0,0.0,0.0,0.0,0.0,0.0,0.0,0.0,0.0,0.0,0.0,0.0,0.0,0.0,0.0,0.0,0.0,0.0,0.0,0.0,0.0,0.0,100.0,0.0,0.0,0.0,0.0,0.0,0.0,30.0,50.0,0.0,0.0,0.0,0.0,0.0,0.0,0.0,0.0,0.0,0.0,0.0,100.0,0.0,0.0,0.0,30.0,0.0,0.0,0.0,0.0,0.0,33.3,8.1
1790496705.577,100.0,0.0,0.0,0.0,0.0,0.0,0.0,0.0,0.0,0.0,0.0,0.0,0.0,0.0,0.0,0.0,0.0,0.0,0.0,0.0,0.0,0.0,0.0,0.0,0.0,100.0,0.0,0.0,0.0,0.0,0.0,10.0,22.2,40.0,0.0,0.0,0.0,0.0,0.0,0.0,0.0,0.0,0.0,0.0,0.0,100.0,0.0,0.0,0.0,22.2,0.0,0.0,0.0,0.0,0.0,40.0,7.8
1790496705.678,100.0,0.0,0.0,0.0,0.0,0.0,0.0,0.0,0.0,0.0,0.0,0.0,0.0,0.0,0.0,0.0,0.0,0.0,0.0,0.0,0.0,0.0,0.0,0.0,0.0,100.0,0.0,0.0,0.0,0.0,0.0,0.0,27.3,50.0,0.0,0.0,0.0,0.0,0.0,0.0,0.0,0.0,0.0,0.0,0.0,100.0,0.0,0.0,0.0,27.3,0.0,0.0,0.0,0.0,0.0,36.4,7.9
1790496705.778,100.0,0.0,0.0,0.0,0.0,0.0,0.0,0.0,0.0,0.0,0.0,0.0,0.0,0.0,0.0,0.0,0.0,0.0,0.0,0.0,0.0,0.0,0.0,0.0,0.0,100.0,0.0,0.0,0.0,0.0,0.0,0.0,30.0,50.0,0.0,0.0,0.0,0.0,0.0,0.0,0.0,0.0,0.0,0.0,0.0,100.0,0.0,0.0,0.0,30.0,0.0,0.0,0.0,0.0,0.0,60.0,8.4
1790496705.878,100.0,0.0,0.0,0.0,0.0,0.0,0.0,0.0,0.0,0.0,0.0,0.0,0.0,0.0,10.0,0.0,0.0,0.0,0.0,0.0,0.0,0.0,0.0,0.0,0.0,100.0,0.0,0.0,0.0,0.0,0.0,0.0,30.0,40.0,0.0,0.0,0.0,0.0,0.0,0.0,0.0,0.0,0.0,0.0,0.0,100.0,0.0,0.0,0.0,20.0,10.0,0.0,10.0,9.1,0.0,100.0,9.4
1790496705.978,100.0,0.0,0.0,0.0,0.0,0.0,0.0,0.0,0.0,0.0,0.0,0.0,0.0,0.0,9.1,0.0,0.0,0.0,0.0,0.0,0.0,0.0,0.0,0.0,0.0,100.0,45.5,0.0,0.0,0.0,0.0,0.0,20.0,50.0,0.0,0.0,0.0,0.0,0.0,0.0,0.0,0.0,0.0,0.0,0.0,100.0,0.0,0.0,0.0,10.0,11.1,0.0,10.0,0.0,18.2,60.0,9.5
1790496706.078,100.0,0.0,0.0,0.0,0.0,0.0,0.0,0.0,0.0,0.0,0.0,0.0,0.0,0.0,0.0,0.0,0.0,0.0,0.0,0.0,0.0,0.0,0.0,0.0,0.0,100.0,77.8,0.0,0.0,0.0,0.0,0.0,30.0,44.4,0.0,0.0,0.0,0.0,0.0,0.0,0.0,0.0,0.0,0.0,0.0,100.0,0.0,0.0,0.0,22.2,9.1,0.0,0.0,9.1,0.0,0.0,8.8
1790496706.178,81.8,0.0,0.0,0.0,0.0,0.0,0.0,0.0,0.0,0.0,0.0,0.0,0.0,0.0,0.0,0.0,0.0,0.0,0.0,0.0,0.0,0.0,0.0,0.0,0.0,100.0,30.0,0.0,0.0,0.0,0.0,0.0,20.0,45.5,0.0,0.0,0.0,0.0,0.0,0.0,0.0,0.0,0.0,0.0,0.0,100.0,0.0,0.0,0.0,18.2,0.0,0.0,0.0,0.0,0.0,0.0,7.1
1790496706.279,0.0,0.0,0.0,0.0,0.0,0.0,0.0,0.0,0.0,0.0,0.0,0.0,0.0,0.0,88.9,0.0,0.0,0.0,0.0,0.0,0.0,10.0,0.0,0.0,0.0,100.0,40.0,0.0,0.0,0.0,0.0,0.0,22.2,50.0,0.0,0.0,0.0,0.0,0.0,0.0,0.0,0.0,0.0,0.0,0.0,100.0,0.0,0.0,0.0,20.0,0.0,0.0,0.0,0.0,0.0,0.0,7.7
